ISO-10303-21;
HEADER;
FILE_DESCRIPTION (( 'STEP AP214' ),
    '1' );
FILE_NAME ('J7070K Assembly.STEP',
    '2022-12-01T16:24:42',
    ( '' ),
    ( '' ),
    'SwSTEP 2.0',
    'SolidWorks 2022',
    '' );
FILE_SCHEMA (( 'AUTOMOTIVE_DESIGN' ));
ENDSEC;

DATA;
#1 = ORIENTED_EDGE ( 'NONE', *, *, #1761, .F. ) ;
#2 = CARTESIAN_POINT ( 'NONE',  ( 1.953934515308848541, 0.5500000000000001554, 3.249999999999999556 ) ) ;
#3 = DIRECTION ( 'NONE',  ( 1.000000000000000000, 0.0000000000000000000, 0.0000000000000000000 ) ) ;
#4 = CARTESIAN_POINT ( 'NONE',  ( 1.276292343890879311, 0.2500000000000002220, 3.040000000000000924 ) ) ;
#5 = LINE ( 'NONE', #1472, #956 ) ;
#6 = ORIENTED_EDGE ( 'NONE', *, *, #3054, .T. ) ;
#7 = CARTESIAN_POINT ( 'NONE',  ( 1.539999999999992708, 0.2500000000000002220, 3.040000000000000924 ) ) ;
#8 = ORIENTED_EDGE ( 'NONE', *, *, #1113, .F. ) ;
#9 = CARTESIAN_POINT ( 'NONE',  ( -0.4699999999999981970, 0.1250000000000001110, 0.4643543905251679149 ) ) ;
#10 = DIRECTION ( 'NONE',  ( -0.0000000000000000000, 1.000000000000000000, -0.0000000000000000000 ) ) ;
#11 = CIRCLE ( 'NONE', #326, 0.3750000000000000555 ) ;
#12 =( LENGTH_UNIT ( ) NAMED_UNIT ( * ) SI_UNIT ( .MILLI., .METRE. ) );
#13 = ORIENTED_EDGE ( 'NONE', *, *, #2574, .F. ) ;
#14 = CARTESIAN_POINT ( 'NONE',  ( -2.837024905209296843, 0.8000000000000020428, -2.837024905209305725 ) ) ;
#15 = EDGE_LOOP ( 'NONE', ( #988, #3176, #1759, #2645, #3158, #1252 ) ) ;
#16 = VECTOR ( 'NONE', #2436, 1000.000000000000000 ) ;
#17 = CARTESIAN_POINT ( 'NONE',  ( 1.729308550175147285, 0.0000000000000000000, -3.040000000000000924 ) ) ;
#18 = CARTESIAN_POINT ( 'NONE',  ( -3.119999999999997886, 6.992588523705121517, -3.100000000000000533 ) ) ;
#19 = EDGE_CURVE ( 'NONE', #2075, #2470, #2980, .T. ) ;
#20 = LINE ( 'NONE', #2022, #1855 ) ;
#21 = CARTESIAN_POINT ( 'NONE',  ( -3.119999999999997886, 6.992588523705121517, -3.100000000000000533 ) ) ;
#22 = VERTEX_POINT ( 'NONE', #2005 ) ;
#23 = PRODUCT_DEFINITION_SHAPE ( 'NONE', 'NONE',  #1174 ) ;
#24 = ORIENTED_EDGE ( 'NONE', *, *, #3205, .F. ) ;
#25 = LINE ( 'NONE', #2777, #2686 ) ;
#26 = DIRECTION ( 'NONE',  ( -1.000000000000000000, 0.0000000000000000000, 0.0000000000000000000 ) ) ;
#27 = ADVANCED_FACE ( 'NONE', ( #1241 ), #1469, .F. ) ;
#28 = UNCERTAINTY_MEASURE_WITH_UNIT (LENGTH_MEASURE( 1.000000000000000082E-05 ), #253, 'distance_accuracy_value', 'NONE');
#29 = ORIENTED_EDGE ( 'NONE', *, *, #2093, .F. ) ;
#30 = CARTESIAN_POINT ( 'NONE',  ( 2.118442542642644089, 0.2500000000000002220, -2.967026893457220815 ) ) ;
#31 = EDGE_CURVE ( 'NONE', #2940, #2976, #2228, .T. ) ;
#32 = AXIS2_PLACEMENT_3D ( 'NONE', #196, #3191, #2925 ) ;
#33 = ORIENTED_EDGE ( 'NONE', *, *, #2532, .F. ) ;
#34 = CIRCLE ( 'NONE', #192, 1.000000000000000000 ) ;
#35 = VECTOR ( 'NONE', #2890, 1000.000000000000000 ) ;
#36 = CARTESIAN_POINT ( 'NONE',  ( 3.040000000000000924, 0.0000000000000000000, 0.7598553693929748221 ) ) ;
#37 = ORIENTED_EDGE ( 'NONE', *, *, #260, .F. ) ;
#38 = VECTOR ( 'NONE', #2135, 1000.000000000000000 ) ;
#39 = CARTESIAN_POINT ( 'NONE',  ( -1.276292343890872427, 0.2500000000000002220, 3.040000000000000924 ) ) ;
#40 = CARTESIAN_POINT ( 'NONE',  ( -0.4699999999999981970, 0.0000000000000000000, 0.0000000000000000000 ) ) ;
#41 = ORIENTED_EDGE ( 'NONE', *, *, #1217, .F. ) ;
#42 = DIRECTION ( 'NONE',  ( 0.0000000000000000000, 1.000000000000000000, 0.0000000000000000000 ) ) ;
#43 = ORIENTED_EDGE ( 'NONE', *, *, #2607, .T. ) ;
#44 = CARTESIAN_POINT ( 'NONE',  ( 3.400000000000000355, 0.1250000000000001110, 3.400000000000000355 ) ) ;
#45 = CARTESIAN_POINT ( 'NONE',  ( 1.539999999999985825, 0.0000000000000000000, -3.040000000000000924 ) ) ;
#46 = CLOSED_SHELL ( 'NONE', ( #2568, #1483, #1858, #1752 ) ) ;
#47 =( NAMED_UNIT ( * ) PLANE_ANGLE_UNIT ( ) SI_UNIT ( $, .RADIAN. ) );
#48 = VERTEX_POINT ( 'NONE', #1744 ) ;
#49 = CARTESIAN_POINT ( 'NONE',  ( -3.250000000000002665, 0.8000000000000003775, -1.953934515308848541 ) ) ;
#50 = LINE ( 'NONE', #569, #274 ) ;
#51 = EDGE_LOOP ( 'NONE', ( #109, #2296, #996, #2560 ) ) ;
#52 = DIRECTION ( 'NONE',  ( -0.0000000000000000000, 1.000000000000000000, -0.0000000000000000000 ) ) ;
#53 = CARTESIAN_POINT ( 'NONE',  ( -1.125000000000000888, 0.2500000000000002220, 2.399999999999999467 ) ) ;
#54 = CARTESIAN_POINT ( 'NONE',  ( -2.118442542642644089, 0.2500000000000002220, 2.967026893457219039 ) ) ;
#55 = DIRECTION ( 'NONE',  ( 1.000000000000000000, -0.0000000000000000000, -1.906289534040453156E-16 ) ) ;
#56 = ORIENTED_EDGE ( 'NONE', *, *, #1079, .F. ) ;
#57 = ORIENTED_EDGE ( 'NONE', *, *, #1862, .T. ) ;
#58 = PLANE ( 'NONE',  #1339 ) ;
#59 = LINE ( 'NONE', #1027, #930 ) ;
#60 = PRODUCT_DEFINITION_CONTEXT ( 'detailed design', #1216, 'design' ) ;
#61 = ORIENTED_EDGE ( 'NONE', *, *, #1862, .F. ) ;
#62 = CARTESIAN_POINT ( 'NONE',  ( 0.8868275159912633043, 0.8000000000000003775, 3.249999999999999556 ) ) ;
#63 = FACE_OUTER_BOUND ( 'NONE', #51, .T. ) ;
#64 = ADVANCED_FACE ( 'NONE', ( #991 ), #511, .F. ) ;
#65 = EDGE_CURVE ( 'NONE', #242, #1100, #1778, .T. ) ;
#66 = ORIENTED_EDGE ( 'NONE', *, *, #1135, .T. ) ;
#67 = VECTOR ( 'NONE', #893, 1000.000000000000000 ) ;
#68 = PLANE ( 'NONE',  #2681 ) ;
#69 = CARTESIAN_POINT ( 'NONE',  ( -1.750000000000001554, 0.5500000000000001554, -1.749999999999999778 ) ) ;
#70 = CARTESIAN_POINT ( 'NONE',  ( 0.0000000000000000000, 0.0000000000000000000, 0.0000000000000000000 ) ) ;
#71 = EDGE_CURVE ( 'NONE', #1856, #1208, #729, .T. ) ;
#72 = EDGE_CURVE ( 'NONE', #817, #2452, #2771, .T. ) ;
#73 =( GEOMETRIC_REPRESENTATION_CONTEXT ( 3 ) GLOBAL_UNCERTAINTY_ASSIGNED_CONTEXT ( ( #1029 ) ) GLOBAL_UNIT_ASSIGNED_CONTEXT ( ( #1966, #906, #3004 ) ) REPRESENTATION_CONTEXT ( 'NONE', 'WORKASPACE' ) );
#74 = CARTESIAN_POINT ( 'NONE',  ( 3.119999999999997886, 6.992588523705121517, 3.099999999999998757 ) ) ;
#75 = VERTEX_POINT ( 'NONE', #263 ) ;
#76 = CARTESIAN_POINT ( 'NONE',  ( 0.7598553693929712693, 0.0000000000000000000, -3.040000000000002700 ) ) ;
#77 = CARTESIAN_POINT ( 'NONE',  ( -0.1250000000000001110, 0.0000000000000000000, -3.039999999999994262 ) ) ;
#78 = COLOUR_RGB ( '',1.000000000000000000, 1.000000000000000000, 0.7490196078431372584 ) ;
#79 =( NAMED_UNIT ( * ) SI_UNIT ( $, .STERADIAN. ) SOLID_ANGLE_UNIT ( ) );
#80 = EDGE_LOOP ( 'NONE', ( #1369, #293, #947, #1845 ) ) ;
#81 = CARTESIAN_POINT ( 'NONE',  ( 0.8868275159912633043, 0.8000000000000003775, -3.249999999999999556 ) ) ;
#82 = DIRECTION ( 'NONE',  ( -0.0000000000000000000, -1.000000000000000000, -0.0000000000000000000 ) ) ;
#83 = CARTESIAN_POINT ( 'NONE',  ( 1.749999999999987566, 0.8000000000000003775, 3.249999999999999556 ) ) ;
#84 = ORIENTED_EDGE ( 'NONE', *, *, #1317, .F. ) ;
#85 = CARTESIAN_POINT ( 'NONE',  ( -3.119999999999997886, 0.0000000000000000000, -3.100000000000000533 ) ) ;
#86 = CARTESIAN_POINT ( 'NONE',  ( 3.119999999999997886, 6.992588523705121517, -3.100000000000000533 ) ) ;
#87 = PLANE ( 'NONE',  #382 ) ;
#88 = PRESENTATION_LAYER_ASSIGNMENT (  '', '', ( #1807 ) ) ;
#89 = AXIS2_PLACEMENT_3D ( 'NONE', #74, #1124, #352 ) ;
#90 = CARTESIAN_POINT ( 'NONE',  ( 1.750000000000001554, 0.5500000000000001554, -1.749999999999999778 ) ) ;
#91 = ORIENTED_EDGE ( 'NONE', *, *, #2578, .F. ) ;
#92 = CARTESIAN_POINT ( 'NONE',  ( -1.729308550175147285, 0.0000000000000000000, 3.040000000000000924 ) ) ;
#93 = LINE ( 'NONE', #2124, #822 ) ;
#94 = DIRECTION ( 'NONE',  ( 1.000000000000000000, 0.0000000000000000000, 0.0000000000000000000 ) ) ;
#95 = VERTEX_POINT ( 'NONE', #1257 ) ;
#96 = CYLINDRICAL_SURFACE ( 'NONE', #2366, 1.000000000000000000 ) ;
#97 = DIRECTION ( 'NONE',  ( -0.0000000000000000000, -1.000000000000000000, -0.0000000000000000000 ) ) ;
#98 = CARTESIAN_POINT ( 'NONE',  ( -0.1250000000000001110, 0.2500000000000002220, 2.399999999999992362 ) ) ;
#99 = EDGE_LOOP ( 'NONE', ( #2969, #3057, #201, #2250 ) ) ;
#100 = CARTESIAN_POINT ( 'NONE',  ( -0.5489473684210516291, 0.0000000000000000000, -0.3665955714672389232 ) ) ;
#101 = CARTESIAN_POINT ( 'NONE',  ( -0.4699999999999981970, 0.0000000000000000000, 0.4643543905251679149 ) ) ;
#102 = CARTESIAN_POINT ( 'NONE',  ( -0.8868275159912633043, 0.8000000000000003775, -3.250000000000001332 ) ) ;
#103 = VECTOR ( 'NONE', #1044, 1000.000000000000000 ) ;
#104 = ADVANCED_FACE ( 'NONE', ( #2244 ), #297, .F. ) ;
#105 = CARTESIAN_POINT ( 'NONE',  ( -3.119999999999997886, 0.1250000000000001110, -3.100000000000000533 ) ) ;
#106 = ORIENTED_EDGE ( 'NONE', *, *, #2706, .T. ) ;
#107 = CARTESIAN_POINT ( 'NONE',  ( 0.0000000000000000000, 0.5499999999999983791, -3.249999999999999556 ) ) ;
#108 = CARTESIAN_POINT ( 'NONE',  ( 0.4699999999999981970, 0.1250000000000001110, -2.784999999999999254 ) ) ;
#109 = ORIENTED_EDGE ( 'NONE', *, *, #1615, .F. ) ;
#110 = CARTESIAN_POINT ( 'NONE',  ( 2.349028309388753843, 0.8000000000000003775, 3.166867494569229446 ) ) ;
#111 = DIRECTION ( 'NONE',  ( 1.000000000000000000, -0.0000000000000000000, -0.0000000000000000000 ) ) ;
#112 = LINE ( 'NONE', #617, #2193 ) ;
#113 = VERTEX_POINT ( 'NONE', #2754 ) ;
#114 = VECTOR ( 'NONE', #1315, 1000.000000000000000 ) ;
#115 = CARTESIAN_POINT ( 'NONE',  ( 0.7850000000000010303, 6.992588523705121517, -3.100000000000000533 ) ) ;
#116 = DIRECTION ( 'NONE',  ( -0.0000000000000000000, 1.000000000000000000, -0.0000000000000000000 ) ) ;
#117 = CARTESIAN_POINT ( 'NONE',  ( 1.276292343890879311, 0.2500000000000002220, -3.039999999999999147 ) ) ;
#118 = FACE_OUTER_BOUND ( 'NONE', #15, .T. ) ;
#119 = ORIENTED_EDGE ( 'NONE', *, *, #122, .T. ) ;
#120 = CARTESIAN_POINT ( 'NONE',  ( -0.7598553693929712693, 0.0000000000000000000, -3.040000000000004476 ) ) ;
#121 = CARTESIAN_POINT ( 'NONE',  ( -1.125000000000007994, 0.2500000000000002220, 3.400000000000000355 ) ) ;
#122 = EDGE_CURVE ( 'NONE', #2917, #2619, #3197, .T. ) ;
#123 = DIRECTION ( 'NONE',  ( 1.000000000000000000, 0.0000000000000000000, 0.0000000000000000000 ) ) ;
#124 = EDGE_CURVE ( 'NONE', #469, #654, #2705, .T. ) ;
#125 = EDGE_LOOP ( 'NONE', ( #3037, #106, #1237, #1313 ) ) ;
#126 = CARTESIAN_POINT ( 'NONE',  ( 3.039999999999994262, 0.2500000000000002220, 3.469446951953614189E-15 ) ) ;
#127 = CYLINDRICAL_SURFACE ( 'NONE', #1255, 0.1000000000000000472 ) ;
#128 = VERTEX_POINT ( 'NONE', #1972 ) ;
#129 = LINE ( 'NONE', #1882, #1154 ) ;
#130 = ORIENTED_EDGE ( 'NONE', *, *, #1852, .F. ) ;
#131 = CARTESIAN_POINT ( 'NONE',  ( -1.750000000000716316, 0.8000000000000003775, -3.249999999999999556 ) ) ;
#132 = CARTESIAN_POINT ( 'NONE',  ( -1.465918309119740304, 0.8000000000000003775, -3.249999999999999556 ) ) ;
#133 = EDGE_CURVE ( 'NONE', #2452, #2619, #2965, .T. ) ;
#134 = DIRECTION ( 'NONE',  ( 0.7071067811865473507, -0.0000000000000000000, -0.7071067811865477948 ) ) ;
#135 = EDGE_LOOP ( 'NONE', ( #3098, #1222, #341, #2739 ) ) ;
#136 = CARTESIAN_POINT ( 'NONE',  ( -3.040000000000000924, 0.0000000000000000000, -1.729308550175147285 ) ) ;
#137 = DIRECTION ( 'NONE',  ( -1.000000000000000000, -0.0000000000000000000, -0.0000000000000000000 ) ) ;
#138 = AXIS2_PLACEMENT_3D ( 'NONE', #1532, #1764, #1295 ) ;
#139 = AXIS2_PLACEMENT_3D ( 'NONE', #303, #1781, #3031 ) ;
#140 = DIRECTION ( 'NONE',  ( 0.0000000000000000000, -1.000000000000000000, 0.0000000000000000000 ) ) ;
#141 = VECTOR ( 'NONE', #2434, 1000.000000000000000 ) ;
#142 = VERTEX_POINT ( 'NONE', #2605 ) ;
#143 = CARTESIAN_POINT ( 'NONE',  ( 3.119999999999997886, 0.1250000000000001110, -3.100000000000000533 ) ) ;
#144 = DIRECTION ( 'NONE',  ( 0.0000000000000000000, 0.0000000000000000000, -1.000000000000000000 ) ) ;
#145 = AXIS2_PLACEMENT_3D ( 'NONE', #949, #1180, #1896 ) ;
#146 = LINE ( 'NONE', #1353, #894 ) ;
#147 = EDGE_LOOP ( 'NONE', ( #442, #1408, #2926, #2992 ) ) ;
#148 =( NAMED_UNIT ( * ) PLANE_ANGLE_UNIT ( ) SI_UNIT ( $, .RADIAN. ) );
#149 = CARTESIAN_POINT ( 'NONE',  ( 3.119999999999997886, 0.1250000000000001110, 3.100000000000001865 ) ) ;
#150 = CARTESIAN_POINT ( 'NONE',  ( 3.400000000000000355, 0.2500000000000002220, 3.400000000000000355 ) ) ;
#151 = ORIENTED_EDGE ( 'NONE', *, *, #1080, .F. ) ;
#152 = CYLINDRICAL_SURFACE ( 'NONE', #2373, 1.000000000000000000 ) ;
#153 = CARTESIAN_POINT ( 'NONE',  ( -0.4699999999999981970, 6.992588523705121517, 2.784999999999999254 ) ) ;
#154 = ORIENTED_EDGE ( 'NONE', *, *, #443, .T. ) ;
#155 = DIRECTION ( 'NONE',  ( -0.0000000000000000000, -1.000000000000000000, -0.0000000000000000000 ) ) ;
#156 = CARTESIAN_POINT ( 'NONE',  ( -3.500000000000003109, 0.0000000000000000000, -3.499999999999999556 ) ) ;
#157 = CARTESIAN_POINT ( 'NONE',  ( -3.119999999999997886, 6.992588523705121517, -3.100000000000000533 ) ) ;
#158 = EDGE_CURVE ( 'NONE', #1876, #2395, #227, .T. ) ;
#159 = ORIENTED_EDGE ( 'NONE', *, *, #161, .T. ) ;
#160 = EDGE_CURVE ( 'NONE', #670, #1340, #1735, .T. ) ;
#161 = EDGE_CURVE ( 'NONE', #1963, #1490, #621, .T. ) ;
#162 = EDGE_CURVE ( 'NONE', #1565, #2888, #333, .T. ) ;
#163 = FILL_AREA_STYLE ('',( #878 ) ) ;
#164 = CARTESIAN_POINT ( 'NONE',  ( 1.125000000000000888, 0.1250000000000001110, -2.399999999999999467 ) ) ;
#165 = VECTOR ( 'NONE', #2661, 1000.000000000000000 ) ;
#166 = CARTESIAN_POINT ( 'NONE',  ( -2.967026893457222592, 0.0000000000000000000, 2.118442542642651194 ) ) ;
#167 = ADVANCED_FACE ( 'NONE', ( #2105 ), #363, .F. ) ;
#168 = ADVANCED_FACE ( 'NONE', ( #1358, #1613 ), #2276, .T. ) ;
#169 = ORIENTED_EDGE ( 'NONE', *, *, #1459, .T. ) ;
#170 = CARTESIAN_POINT ( 'NONE',  ( -3.250000000000002665, 0.8000000000000003775, 1.749999999999987566 ) ) ;
#171 = CONTEXT_DEPENDENT_SHAPE_REPRESENTATION ( #880, #622 ) ;
#172 = ORIENTED_EDGE ( 'NONE', *, *, #833, .F. ) ;
#173 = AXIS2_PLACEMENT_3D ( 'NONE', #2662, #2204, #439 ) ;
#174 = FACE_OUTER_BOUND ( 'NONE', #1066, .T. ) ;
#175 = LINE ( 'NONE', #919, #2946 ) ;
#176 = AXIS2_PLACEMENT_3D ( 'NONE', #2029, #275, #94 ) ;
#177 = LINE ( 'NONE', #456, #2874 ) ;
#178 = VERTEX_POINT ( 'NONE', #2802 ) ;
#179 = CARTESIAN_POINT ( 'NONE',  ( -3.400000000000000355, 0.2500000000000002220, -3.400000000000000355 ) ) ;
#180 = EDGE_LOOP ( 'NONE', ( #33, #2931, #300, #2554, #3015, #2573 ) ) ;
#181 = DIRECTION ( 'NONE',  ( 0.0000000000000000000, 1.000000000000000000, -0.0000000000000000000 ) ) ;
#182 = DIRECTION ( 'NONE',  ( 0.0000000000000000000, 0.0000000000000000000, 1.000000000000000000 ) ) ;
#183 = CARTESIAN_POINT ( 'NONE',  ( -1.465918309119740304, 0.5500000000000001554, 3.249999999999999556 ) ) ;
#184 = VERTEX_POINT ( 'NONE', #860 ) ;
#185 = CARTESIAN_POINT ( 'NONE',  ( 3.500000000000003109, 0.8000000000000003775, 3.499999999999999556 ) ) ;
#186 = VECTOR ( 'NONE', #2055, 1000.000000000000000 ) ;
#187 = DIRECTION ( 'NONE',  ( -1.000000000000000000, 0.0000000000000000000, -0.0000000000000000000 ) ) ;
#188 = ORIENTED_EDGE ( 'NONE', *, *, #2199, .T. ) ;
#189 = ITEM_DEFINED_TRANSFORMATION ( 'NONE', 'NONE', #744,  #226 ) ;
#190 = ORIENTED_EDGE ( 'NONE', *, *, #941, .T. ) ;
#191 = FACE_OUTER_BOUND ( 'NONE', #2885, .T. ) ;
#192 = AXIS2_PLACEMENT_3D ( 'NONE', #498, #305, #2284 ) ;
#193 = LINE ( 'NONE', #2186, #844 ) ;
#194 = VERTEX_POINT ( 'NONE', #1549 ) ;
#195 = AXIS2_PLACEMENT_3D ( 'NONE', #482, #269, #735 ) ;
#196 = CARTESIAN_POINT ( 'NONE',  ( -1.125000000000000888, 0.1250000000000001110, 2.399999999999999467 ) ) ;
#197 = ORIENTED_EDGE ( 'NONE', *, *, #737, .F. ) ;
#198 = DIRECTION ( 'NONE',  ( 0.0000000000000000000, -0.0000000000000000000, 1.000000000000000000 ) ) ;
#199 = DIRECTION ( 'NONE',  ( -0.0000000000000000000, -1.000000000000000000, -0.0000000000000000000 ) ) ;
#200 = CARTESIAN_POINT ( 'NONE',  ( -3.250000000000002665, 0.5500000000000018208, 0.8868275159912633043 ) ) ;
#201 = ORIENTED_EDGE ( 'NONE', *, *, #2476, .T. ) ;
#202 = DIRECTION ( 'NONE',  ( -0.7071067811865473507, 0.0000000000000000000, 0.7071067811865477948 ) ) ;
#203 = CARTESIAN_POINT ( 'NONE',  ( 1.125000000000007994, 0.1250000000000001110, 3.400000000000000355 ) ) ;
#204 = EDGE_CURVE ( 'NONE', #830, #745, #1307, .T. ) ;
#205 = SHAPE_DEFINITION_REPRESENTATION ( #1056, #2954 ) ;
#206 = VERTEX_POINT ( 'NONE', #1567 ) ;
#207 = PLANE ( 'NONE',  #862 ) ;
#208 = CARTESIAN_POINT ( 'NONE',  ( 1.125000000000007994, 0.2500000000000002220, -3.400000000000000355 ) ) ;
#209 = DIRECTION ( 'NONE',  ( 1.000000000000000000, -0.0000000000000000000, -0.0000000000000000000 ) ) ;
#210 = ORIENTED_EDGE ( 'NONE', *, *, #743, .F. ) ;
#211 = CARTESIAN_POINT ( 'NONE',  ( 3.500000000000003109, 0.0000000000000000000, -3.499999999999999556 ) ) ;
#212 = VERTEX_POINT ( 'NONE', #1583 ) ;
#213 = LINE ( 'NONE', #805, #273 ) ;
#214 = EDGE_CURVE ( 'NONE', #1346, #2744, #573, .T. ) ;
#215 = CARTESIAN_POINT ( 'NONE',  ( -2.118442542642644089, 0.0000000000000000000, 2.967026893457219039 ) ) ;
#216 = ORIENTED_EDGE ( 'NONE', *, *, #2467, .T. ) ;
#217 = CARTESIAN_POINT ( 'NONE',  ( 2.837024905209296843, 0.5500000000000001554, 2.837024905209300396 ) ) ;
#218 = CARTESIAN_POINT ( 'NONE',  ( -0.4699999999999981970, 0.1250000000000001110, -2.784999999999999254 ) ) ;
#219 = ORIENTED_EDGE ( 'NONE', *, *, #370, .F. ) ;
#220 = CARTESIAN_POINT ( 'NONE',  ( 3.119999999999997886, 6.992588523705121517, -3.100000000000000533 ) ) ;
#221 = CARTESIAN_POINT ( 'NONE',  ( 3.400000000000000355, 0.1250000000000001110, 3.400000000000000355 ) ) ;
#222 = CARTESIAN_POINT ( 'NONE',  ( -1.125000000000000888, 0.1250000000000001110, 2.399999999999999467 ) ) ;
#223 = AXIS2_PLACEMENT_3D ( 'NONE', #1368, #3111, #1871 ) ;
#224 = VERTEX_POINT ( 'NONE', #2576 ) ;
#225 = DIRECTION ( 'NONE',  ( -0.0000000000000000000, -0.0000000000000000000, -1.000000000000000000 ) ) ;
#226 = AXIS2_PLACEMENT_3D ( 'NONE', #308, #1285, #1997 ) ;
#227 = CIRCLE ( 'NONE', #2722, 1.500000000000000000 ) ;
#228 = ORIENTED_EDGE ( 'NONE', *, *, #1219, .T. ) ;
#229 = CARTESIAN_POINT ( 'NONE',  ( -0.7250000000000034195, 0.2500000000000002220, 3.040000000000000924 ) ) ;
#230 = EDGE_CURVE ( 'NONE', #1169, #1565, #2461, .T. ) ;
#231 = VECTOR ( 'NONE', #1120, 1000.000000000000000 ) ;
#232 = CARTESIAN_POINT ( 'NONE',  ( 3.040000000000000924, 0.0000000000000000000, 1.729308550175147285 ) ) ;
#233 = CARTESIAN_POINT ( 'NONE',  ( 1.125000000000007994, 0.2500000000000002220, 3.400000000000000355 ) ) ;
#234 = CARTESIAN_POINT ( 'NONE',  ( 3.040000000000000924, 0.0000000000000000000, 1.539999999999989377 ) ) ;
#235 = LINE ( 'NONE', #1533, #544 ) ;
#236 = DIRECTION ( 'NONE',  ( -0.0000000000000000000, 1.000000000000000000, -0.0000000000000000000 ) ) ;
#237 = EDGE_LOOP ( 'NONE', ( #658, #2920, #2844, #1749 ) ) ;
#238 = CARTESIAN_POINT ( 'NONE',  ( -0.4699999999999981970, 6.992588523705121517, 2.784999999999999254 ) ) ;
#239 = DIRECTION ( 'NONE',  ( -0.0000000000000000000, -0.0000000000000000000, 1.000000000000000000 ) ) ;
#240 = VECTOR ( 'NONE', #1351, 1000.000000000000000 ) ;
#241 =( NAMED_UNIT ( * ) SI_UNIT ( $, .STERADIAN. ) SOLID_ANGLE_UNIT ( ) );
#242 = VERTEX_POINT ( 'NONE', #1037 ) ;
#243 = DIRECTION ( 'NONE',  ( 0.0000000000000000000, 1.000000000000000000, -0.0000000000000000000 ) ) ;
#244 = AXIS2_PLACEMENT_3D ( 'NONE', #623, #1863, #1828 ) ;
#245 = EDGE_LOOP ( 'NONE', ( #1505, #1460, #1740, #2024, #254 ) ) ;
#246 = CARTESIAN_POINT ( 'NONE',  ( -1.750000000000716316, 0.5500000000000001554, -3.249999999999999556 ) ) ;
#247 = EDGE_LOOP ( 'NONE', ( #1575, #3130, #2839, #2963 ) ) ;
#248 = CARTESIAN_POINT ( 'NONE',  ( 1.125000000000007994, 0.2500000000000002220, -3.400000000000000355 ) ) ;
#249 = VERTEX_POINT ( 'NONE', #2310 ) ;
#250 = ORIENTED_EDGE ( 'NONE', *, *, #2574, .T. ) ;
#251 = LINE ( 'NONE', #1248, #1955 ) ;
#252 = DIRECTION ( 'NONE',  ( 1.000000000000000000, -0.0000000000000000000, 0.0000000000000000000 ) ) ;
#253 =( LENGTH_UNIT ( ) NAMED_UNIT ( * ) SI_UNIT ( .MILLI., .METRE. ) );
#254 = ORIENTED_EDGE ( 'NONE', *, *, #1182, .T. ) ;
#255 = CARTESIAN_POINT ( 'NONE',  ( 1.749999999227567438, 0.8000000000000003775, 3.249999999999999556 ) ) ;
#256 = CIRCLE ( 'NONE', #2078, 1.499999999999999556 ) ;
#257 = EDGE_CURVE ( 'NONE', #113, #2888, #3025, .T. ) ;
#258 = EDGE_CURVE ( 'NONE', #835, #1142, #792, .T. ) ;
#259 = ORIENTED_EDGE ( 'NONE', *, *, #406, .T. ) ;
#260 = EDGE_CURVE ( 'NONE', #2016, #2482, #1072, .T. ) ;
#261 = EDGE_CURVE ( 'NONE', #960, #2145, #2072, .T. ) ;
#262 = CARTESIAN_POINT ( 'NONE',  ( 3.250000000000002665, 0.5500000000000001554, -1.953934515308846764 ) ) ;
#263 = CARTESIAN_POINT ( 'NONE',  ( 0.1250000000000001110, 0.1250000000000001110, 2.399999999999992362 ) ) ;
#264 = CARTESIAN_POINT ( 'NONE',  ( -0.7598553693929712693, 0.2500000000000002220, 3.040000000000008029 ) ) ;
#265 = CARTESIAN_POINT ( 'NONE',  ( -0.5700000000000010614, 0.0000000000000000000, -0.4643543905251679149 ) ) ;
#266 = ORIENTED_EDGE ( 'NONE', *, *, #2873, .T. ) ;
#267 = ADVANCED_FACE ( 'NONE', ( #619 ), #2821, .F. ) ;
#268 = EDGE_CURVE ( 'NONE', #1993, #2420, #604, .T. ) ;
#269 = DIRECTION ( 'NONE',  ( -0.7071067811865489050, 0.0000000000000000000, 0.7071067811865462405 ) ) ;
#270 = EDGE_LOOP ( 'NONE', ( #753, #1321, #440, #2899 ) ) ;
#271 = CARTESIAN_POINT ( 'NONE',  ( 0.3566250896604172826, 0.0000000000000000000, 3.039999997781747787 ) ) ;
#272 = PLANE ( 'NONE',  #2752 ) ;
#273 = VECTOR ( 'NONE', #82, 1000.000000000000000 ) ;
#274 = VECTOR ( 'NONE', #1032, 1000.000000000000000 ) ;
#275 = DIRECTION ( 'NONE',  ( 0.0000000000000000000, 0.0000000000000000000, 1.000000000000000000 ) ) ;
#276 = ORIENTED_EDGE ( 'NONE', *, *, #876, .F. ) ;
#277 = CARTESIAN_POINT ( 'NONE',  ( -2.118442542642644089, 0.2500000000000002220, 2.967026893457219039 ) ) ;
#278 = EDGE_LOOP ( 'NONE', ( #1273, #1432, #3193, #1766 ) ) ;
#279 = VECTOR ( 'NONE', #209, 1000.000000000000000 ) ;
#280 = CARTESIAN_POINT ( 'NONE',  ( 3.040000000000000924, 0.0000000000000000000, 1.276292343890875980 ) ) ;
#281 = CARTESIAN_POINT ( 'NONE',  ( 3.500000000000003109, 0.5999999999999998668, -2.700000000000001066 ) ) ;
#282 = CARTESIAN_POINT ( 'NONE',  ( -3.250000000000002665, 0.8000000000000003775, 1.465918309119740304 ) ) ;
#283 = FACE_OUTER_BOUND ( 'NONE', #907, .T. ) ;
#284 = ORIENTED_EDGE ( 'NONE', *, *, #742, .T. ) ;
#285 = AXIS2_PLACEMENT_3D ( 'NONE', #2527, #1298, #780 ) ;
#286 = ORIENTED_EDGE ( 'NONE', *, *, #1172, .T. ) ;
#287 = CARTESIAN_POINT ( 'NONE',  ( 0.4699999999999981970, 0.0000000000000000000, 2.784999999999999254 ) ) ;
#288 = LINE ( 'NONE', #2971, #103 ) ;
#289 = VERTEX_POINT ( 'NONE', #316 ) ;
#290 = CARTESIAN_POINT ( 'NONE',  ( 3.250000000000002665, 0.8000000000000003775, -1.953934515308846764 ) ) ;
#291 = DIRECTION ( 'NONE',  ( 0.0000000000000000000, 0.0000000000000000000, -1.000000000000000000 ) ) ;
#292 = VECTOR ( 'NONE', #2389, 1000.000000000000000 ) ;
#293 = ORIENTED_EDGE ( 'NONE', *, *, #312, .F. ) ;
#294 = AXIS2_PLACEMENT_3D ( 'NONE', #1242, #978, #777 ) ;
#295 = VECTOR ( 'NONE', #1312, 1000.000000000000000 ) ;
#296 = CARTESIAN_POINT ( 'NONE',  ( 1.465918309119740304, 0.5500000000000001554, -3.249999999999999556 ) ) ;
#297 = PLANE ( 'NONE',  #2878 ) ;
#298 = LINE ( 'NONE', #541, #1543 ) ;
#299 = DIRECTION ( 'NONE',  ( 0.0000000000000000000, -0.0000000000000000000, 1.000000000000000000 ) ) ;
#300 = ORIENTED_EDGE ( 'NONE', *, *, #728, .F. ) ;
#301 = VECTOR ( 'NONE', #816, 1000.000000000000000 ) ;
#302 = EDGE_CURVE ( 'NONE', #2399, #781, #1886, .T. ) ;
#303 = CARTESIAN_POINT ( 'NONE',  ( 1.125000000000000888, 0.2500000000000002220, -2.399999999999999467 ) ) ;
#304 = ORIENTED_EDGE ( 'NONE', *, *, #742, .F. ) ;
#305 = DIRECTION ( 'NONE',  ( 0.0000000000000000000, 1.000000000000000000, -0.0000000000000000000 ) ) ;
#306 = DIRECTION ( 'NONE',  ( 1.000000000000000000, 0.0000000000000000000, 0.0000000000000000000 ) ) ;
#307 = EDGE_CURVE ( 'NONE', #1340, #1291, #444, .T. ) ;
#308 = CARTESIAN_POINT ( 'NONE',  ( 0.0000000000000000000, 0.0000000000000000000, 0.0000000000000000000 ) ) ;
#309 = ORIENTED_EDGE ( 'NONE', *, *, #2467, .F. ) ;
#310 = CARTESIAN_POINT ( 'NONE',  ( -3.250000000000002665, 0.8000000000000003775, 1.953934515308848541 ) ) ;
#311 = PLANE ( 'NONE',  #944 ) ;
#312 = EDGE_CURVE ( 'NONE', #2178, #2362, #1152, .T. ) ;
#313 = EDGE_LOOP ( 'NONE', ( #3147, #1675, #2270, #2767 ) ) ;
#314 = PRODUCT ( 'Surrounding Material', 'Surrounding Material', '', ( #1685 ) ) ;
#315 = CARTESIAN_POINT ( 'NONE',  ( 1.125000000000007994, 0.1250000000000001110, 3.400000000000000355 ) ) ;
#316 = CARTESIAN_POINT ( 'NONE',  ( 1.539999999999985825, 0.2500000000000002220, -3.040000000000000924 ) ) ;
#317 = CARTESIAN_POINT ( 'NONE',  ( 0.0000000000000000000, 0.2500000000000002220, -3.039999999999994262 ) ) ;
#318 = EDGE_CURVE ( 'NONE', #1963, #2940, #2052, .T. ) ;
#319 = PLANE ( 'NONE',  #1235 ) ;
#320 = VERTEX_POINT ( 'NONE', #2895 ) ;
#321 = LINE ( 'NONE', #782, #1439 ) ;
#322 = LINE ( 'NONE', #2548, #295 ) ;
#323 =( NAMED_UNIT ( * ) PLANE_ANGLE_UNIT ( ) SI_UNIT ( $, .RADIAN. ) );
#324 = ORIENTED_EDGE ( 'NONE', *, *, #3010, .F. ) ;
#325 = CARTESIAN_POINT ( 'NONE',  ( -2.118442542642644089, 0.2500000000000002220, -2.967026893457219039 ) ) ;
#326 = AXIS2_PLACEMENT_3D ( 'NONE', #630, #2617, #2340 ) ;
#327 = LINE ( 'NONE', #460, #1412 ) ;
#328 = CARTESIAN_POINT ( 'NONE',  ( 3.500000000000003109, 0.5999999999999998668, -2.700000000000001066 ) ) ;
#329 = VERTEX_POINT ( 'NONE', #3141 ) ;
#330 = EDGE_CURVE ( 'NONE', #1125, #765, #1371, .T. ) ;
#331 = CIRCLE ( 'NONE', #1473, 0.3750000000000000555 ) ;
#332 = CARTESIAN_POINT ( 'NONE',  ( 3.119999999999997886, 0.0000000000000000000, 3.099999999999998757 ) ) ;
#333 = LINE ( 'NONE', #2835, #1475 ) ;
#334 = CARTESIAN_POINT ( 'NONE',  ( 2.837024905209296843, 0.8000000000000003775, 2.837024905209300396 ) ) ;
#335 = AXIS2_PLACEMENT_3D ( 'NONE', #2293, #1054, #3046 ) ;
#336 = LINE ( 'NONE', #1330, #2479 ) ;
#337 = VERTEX_POINT ( 'NONE', #3162 ) ;
#338 = CARTESIAN_POINT ( 'NONE',  ( -2.118442542642644089, 0.0000000000000000000, 2.967026893457219039 ) ) ;
#339 = CARTESIAN_POINT ( 'NONE',  ( -1.125000000000007994, 0.2500000000000002220, 3.400000000000000355 ) ) ;
#340 = SHAPE_REPRESENTATION_RELATIONSHIP ( 'NONE' , 'NONE' ,  #380, #3084 ) ;
#341 = ORIENTED_EDGE ( 'NONE', *, *, #937, .F. ) ;
#342 = DIRECTION ( 'NONE',  ( -1.000000000000000000, 0.0000000000000000000, -1.857305648797438343E-16 ) ) ;
#343 = DIRECTION ( 'NONE',  ( -0.0000000000000000000, -1.000000000000000000, -0.0000000000000000000 ) ) ;
#344 = CARTESIAN_POINT ( 'NONE',  ( 0.0000000000000000000, 0.0000000000000000000, 0.0000000000000000000 ) ) ;
#345 = VERTEX_POINT ( 'NONE', #2422 ) ;
#346 = VECTOR ( 'NONE', #2716, 1000.000000000000000 ) ;
#347 = CARTESIAN_POINT ( 'NONE',  ( -0.5489473684210516291, 0.0000000000000000000, 0.3665955714672389232 ) ) ;
#348 = CARTESIAN_POINT ( 'NONE',  ( -0.4699999999999981970, 0.0000000000000000000, 2.784999999999999254 ) ) ;
#349 = CARTESIAN_POINT ( 'NONE',  ( -1.953934515308848541, 0.8000000000000003775, -3.250000000000001332 ) ) ;
#350 = VECTOR ( 'NONE', #1958, 1000.000000000000000 ) ;
#351 = VECTOR ( 'NONE', #2559, 1000.000000000000227 ) ;
#352 = DIRECTION ( 'NONE',  ( 1.000000000000000000, 0.0000000000000000000, -1.857305648797438343E-16 ) ) ;
#353 = ORIENTED_EDGE ( 'NONE', *, *, #554, .T. ) ;
#354 = CARTESIAN_POINT ( 'NONE',  ( -1.276292343890872427, 0.0000000000000000000, 3.040000000000000924 ) ) ;
#355 = DIRECTION ( 'NONE',  ( 1.000000000000000000, -0.0000000000000000000, -1.906289534040453156E-16 ) ) ;
#356 = ORIENTED_EDGE ( 'NONE', *, *, #1902, .F. ) ;
#357 = CARTESIAN_POINT ( 'NONE',  ( -0.1250000000000001110, 0.1250000000000001110, 2.399999999999992362 ) ) ;
#358 = CARTESIAN_POINT ( 'NONE',  ( -3.500000000000003109, 0.8000000000000003775, -3.499999999999999556 ) ) ;
#359 = LINE ( 'NONE', #2372, #2615 ) ;
#360 = ORIENTED_EDGE ( 'NONE', *, *, #2291, .T. ) ;
#361 = ADVANCED_FACE ( 'NONE', ( #2638 ), #664, .F. ) ;
#362 = DIRECTION ( 'NONE',  ( 1.857305648797438343E-16, 0.0000000000000000000, -1.000000000000000000 ) ) ;
#363 = CYLINDRICAL_SURFACE ( 'NONE', #1324, 0.09999999999999999167 ) ;
#364 = CARTESIAN_POINT ( 'NONE',  ( -0.7598553693929712693, 0.2500000000000002220, -3.040000000000004476 ) ) ;
#365 = EDGE_CURVE ( 'NONE', #2986, #1003, #714, .T. ) ;
#366 = DIRECTION ( 'NONE',  ( 0.0000000000000000000, 1.000000000000000000, 0.0000000000000000000 ) ) ;
#367 = ORIENTED_EDGE ( 'NONE', *, *, #972, .T. ) ;
#368 = CARTESIAN_POINT ( 'NONE',  ( -2.629748946929792552, 0.0000000000000000000, 2.629748946929785891 ) ) ;
#369 = CARTESIAN_POINT ( 'NONE',  ( 1.125000000000007994, 0.1250000000000001110, 3.400000000000000355 ) ) ;
#370 = EDGE_CURVE ( 'NONE', #853, #611, #892, .T. ) ;
#371 = CARTESIAN_POINT ( 'NONE',  ( 0.0000000000000000000, 0.0000000000000000000, 0.0000000000000000000 ) ) ;
#372 = ORIENTED_EDGE ( 'NONE', *, *, #2325, .F. ) ;
#373 = FACE_OUTER_BOUND ( 'NONE', #3161, .T. ) ;
#374 = MANIFOLD_SOLID_BREP ( 'Cavity1[2]', #870 ) ;
#375 = CARTESIAN_POINT ( 'NONE',  ( -0.5489473684210516291, 0.0000000000000000000, -0.3665955714672389232 ) ) ;
#376 = DIRECTION ( 'NONE',  ( 0.0000000000000000000, 0.0000000000000000000, -1.000000000000000000 ) ) ;
#377 = ORIENTED_EDGE ( 'NONE', *, *, #2811, .F. ) ;
#378 = VECTOR ( 'NONE', #2050, 1000.000000000000000 ) ;
#379 = DIRECTION ( 'NONE',  ( -1.000000000000000000, 0.0000000000000000000, 0.0000000000000000000 ) ) ;
#380 = SHAPE_REPRESENTATION ( 'Surrounding Material', ( #226 ), #1373 ) ;
#381 = CARTESIAN_POINT ( 'NONE',  ( 1.749999999227567438, 0.8000000000000003775, 3.249999999999999556 ) ) ;
#382 = AXIS2_PLACEMENT_3D ( 'NONE', #70, #879, #1550 ) ;
#383 = DIRECTION ( 'NONE',  ( 0.0000000000000000000, 1.000000000000000000, 0.0000000000000000000 ) ) ;
#384 = ORIENTED_EDGE ( 'NONE', *, *, #1930, .F. ) ;
#385 = CARTESIAN_POINT ( 'NONE',  ( 1.276292343890879311, 0.0000000000000000000, -3.039999999999999147 ) ) ;
#386 = CARTESIAN_POINT ( 'NONE',  ( -0.1250000000000001110, 0.1250000000000001110, 2.399999999999992362 ) ) ;
#387 = APPLICATION_CONTEXT ( 'automotive_design' ) ;
#388 = ORIENTED_EDGE ( 'NONE', *, *, #1318, .F. ) ;
#389 = CARTESIAN_POINT ( 'NONE',  ( 3.040000000000000924, 0.2500000000000002220, -0.7598553693929712693 ) ) ;
#390 = MANIFOLD_SOLID_BREP ( 'Cavity2', #46 ) ;
#391 = DIRECTION ( 'NONE',  ( 4.336808689942017736E-15, 0.0000000000000000000, 1.000000000000000000 ) ) ;
#392 = VECTOR ( 'NONE', #1007, 1000.000000000000000 ) ;
#393 = LINE ( 'NONE', #83, #1578 ) ;
#394 = ORIENTED_EDGE ( 'NONE', *, *, #2291, .F. ) ;
#395 = PRODUCT_DEFINITION_SHAPE ( 'NONE', 'NONE',  #2132 ) ;
#396 = DIRECTION ( 'NONE',  ( 0.0000000000000000000, 1.000000000000000000, 0.0000000000000000000 ) ) ;
#397 = CIRCLE ( 'NONE', #1848, 0.9999999999999997780 ) ;
#398 = DIRECTION ( 'NONE',  ( -0.0000000000000000000, 1.000000000000000000, -0.0000000000000000000 ) ) ;
#399 = ORIENTED_EDGE ( 'NONE', *, *, #2769, .F. ) ;
#400 = CARTESIAN_POINT ( 'NONE',  ( -0.7598553693929712693, 0.0000000000000000000, 3.040000000000008029 ) ) ;
#401 = DIRECTION ( 'NONE',  ( 0.0000000000000000000, 1.000000000000000000, 0.0000000000000000000 ) ) ;
#402 = VECTOR ( 'NONE', #1666, 1000.000000000000000 ) ;
#403 = EDGE_CURVE ( 'NONE', #2518, #2108, #1170, .T. ) ;
#404 = AXIS2_PLACEMENT_3D ( 'NONE', #586, #1342, #2575 ) ;
#405 = ORIENTED_EDGE ( 'NONE', *, *, #1225, .F. ) ;
#406 = EDGE_CURVE ( 'NONE', #2684, #1876, #2783, .T. ) ;
#407 = CARTESIAN_POINT ( 'NONE',  ( 3.166867494569229446, 0.8000000000000003775, 2.349028309388757396 ) ) ;
#408 = DIRECTION ( 'NONE',  ( -0.0000000000000000000, -1.000000000000000000, -0.0000000000000000000 ) ) ;
#409 = CIRCLE ( 'NONE', #145, 1.499999999999999778 ) ;
#410 = ADVANCED_FACE ( 'NONE', ( #2032 ), #2304, .F. ) ;
#411 = DIRECTION ( 'NONE',  ( -0.0000000000000000000, -0.0000000000000000000, 1.000000000000000000 ) ) ;
#412 = ORIENTED_EDGE ( 'NONE', *, *, #330, .F. ) ;
#413 = EDGE_CURVE ( 'NONE', #2797, #830, #2018, .T. ) ;
#414 = EDGE_CURVE ( 'NONE', #2759, #2108, #2208, .T. ) ;
#415 = PRESENTATION_STYLE_ASSIGNMENT (( #1629 ) ) ;
#416 = CYLINDRICAL_SURFACE ( 'NONE', #3134, 0.9999999999999997780 ) ;
#417 = CARTESIAN_POINT ( 'NONE',  ( -1.953934515308848541, 0.5500000000000001554, 3.250000000000002665 ) ) ;
#418 = ORIENTED_EDGE ( 'NONE', *, *, #2902, .T. ) ;
#419 = CARTESIAN_POINT ( 'NONE',  ( 1.953934515308848541, 0.5500000000000001554, 3.249999999999999556 ) ) ;
#420 = VECTOR ( 'NONE', #1574, 1000.000000000000000 ) ;
#421 = ITEM_DEFINED_TRANSFORMATION ( 'NONE', 'NONE', #2564,  #226 ) ;
#422 = ORIENTED_EDGE ( 'NONE', *, *, #1518, .T. ) ;
#423 = LINE ( 'NONE', #1800, #912 ) ;
#424 = CARTESIAN_POINT ( 'NONE',  ( 0.1250000000000001110, 0.1250000000000001110, 2.399999999999992362 ) ) ;
#425 = ORIENTED_EDGE ( 'NONE', *, *, #891, .T. ) ;
#426 = CARTESIAN_POINT ( 'NONE',  ( 3.500000000000003109, 0.8000000000000003775, -3.499999999999999556 ) ) ;
#427 = EDGE_LOOP ( 'NONE', ( #29, #2159, #1734, #1788 ) ) ;
#428 =( NAMED_UNIT ( * ) PLANE_ANGLE_UNIT ( ) SI_UNIT ( $, .RADIAN. ) );
#429 = FACE_OUTER_BOUND ( 'NONE', #1693, .T. ) ;
#430 = AXIS2_PLACEMENT_3D ( 'NONE', #1787, #1639, #2876 ) ;
#431 = DIRECTION ( 'NONE',  ( 0.7071067811865476838, 0.0000000000000000000, -0.7071067811865474617 ) ) ;
#432 = ORIENTED_EDGE ( 'NONE', *, *, #1284, .T. ) ;
#433 = DIRECTION ( 'NONE',  ( -0.0000000000000000000, 1.000000000000000000, -0.0000000000000000000 ) ) ;
#434 = CARTESIAN_POINT ( 'NONE',  ( 3.119999999999997886, 0.1250000000000001110, -3.100000000000000533 ) ) ;
#435 = ORIENTED_EDGE ( 'NONE', *, *, #2232, .F. ) ;
#436 = VECTOR ( 'NONE', #411, 1000.000000000000000 ) ;
#437 = LINE ( 'NONE', #703, #1386 ) ;
#438 = CARTESIAN_POINT ( 'NONE',  ( 1.749999999999987566, 0.8000000000000003775, 3.249999999999999556 ) ) ;
#439 = DIRECTION ( 'NONE',  ( 1.000000000000000000, 0.0000000000000000000, -0.0000000000000000000 ) ) ;
#440 = ORIENTED_EDGE ( 'NONE', *, *, #2232, .T. ) ;
#441 = DIRECTION ( 'NONE',  ( -0.0000000000000000000, -1.000000000000000000, -0.0000000000000000000 ) ) ;
#442 = ORIENTED_EDGE ( 'NONE', *, *, #414, .F. ) ;
#443 = EDGE_CURVE ( 'NONE', #762, #457, #2037, .T. ) ;
#444 = LINE ( 'NONE', #2407, #2620 ) ;
#445 = DIRECTION ( 'NONE',  ( -0.0000000000000000000, 1.000000000000000000, -0.0000000000000000000 ) ) ;
#446 = DIRECTION ( 'NONE',  ( -0.7071067811865474617, 0.0000000000000000000, -0.7071067811865476838 ) ) ;
#447 = VERTEX_POINT ( 'NONE', #2453 ) ;
#448 = LINE ( 'NONE', #170, #1907 ) ;
#449 = VECTOR ( 'NONE', #2540, 1000.000000000000000 ) ;
#450 = DIRECTION ( 'NONE',  ( -0.0000000000000000000, -1.000000000000000000, -0.0000000000000000000 ) ) ;
#451 = ORIENTED_EDGE ( 'NONE', *, *, #1986, .F. ) ;
#452 = CARTESIAN_POINT ( 'NONE',  ( 1.125000000000007994, 0.1250000000000001110, 3.400000000000000355 ) ) ;
#453 = DIRECTION ( 'NONE',  ( -0.0000000000000000000, -0.0000000000000000000, 1.000000000000000000 ) ) ;
#454 = AXIS2_PLACEMENT_3D ( 'NONE', #1006, #2789, #3026 ) ;
#455 = AXIS2_PLACEMENT_3D ( 'NONE', #985, #530, #2043 ) ;
#456 = CARTESIAN_POINT ( 'NONE',  ( 1.539999999999992708, 0.0000000000000000000, 3.040000000000000924 ) ) ;
#457 = VERTEX_POINT ( 'NONE', #2537 ) ;
#458 = FACE_OUTER_BOUND ( 'NONE', #1042, .T. ) ;
#459 = ORIENTED_EDGE ( 'NONE', *, *, #843, .T. ) ;
#460 = CARTESIAN_POINT ( 'NONE',  ( 1.539999999999992708, 0.0000000000000000000, 3.040000000000000924 ) ) ;
#461 = EDGE_CURVE ( 'NONE', #1447, #469, #1454, .T. ) ;
#462 = PRODUCT_DEFINITION_CONTEXT ( 'detailed design', #3215, 'design' ) ;
#463 = CARTESIAN_POINT ( 'NONE',  ( 0.7850000000000010303, 6.992588523705121517, 3.099999999999998757 ) ) ;
#464 = ORIENTED_EDGE ( 'NONE', *, *, #1140, .F. ) ;
#465 = CARTESIAN_POINT ( 'NONE',  ( 3.040000000000000924, 0.0000000000000000000, 1.729308550175147285 ) ) ;
#466 = PLANE ( 'NONE',  #1292 ) ;
#467 = EDGE_CURVE ( 'NONE', #1703, #1923, #213, .T. ) ;
#468 = APPLICATION_PROTOCOL_DEFINITION ( 'draft international standard', 'automotive_design', 1998, #1216 ) ;
#469 = VERTEX_POINT ( 'NONE', #2441 ) ;
#470 = DIRECTION ( 'NONE',  ( 0.0000000000000000000, 0.0000000000000000000, 1.000000000000000000 ) ) ;
#471 = CARTESIAN_POINT ( 'NONE',  ( -0.4699999999999981970, 0.0000000000000000000, 2.784999999999999254 ) ) ;
#472 = DIRECTION ( 'NONE',  ( -1.000000000000000000, 0.0000000000000000000, 1.857305648797437849E-16 ) ) ;
#473 = EDGE_CURVE ( 'NONE', #1868, #1208, #819, .T. ) ;
#474 = EDGE_LOOP ( 'NONE', ( #2122, #521, #2205, #1581 ) ) ;
#475 = CARTESIAN_POINT ( 'NONE',  ( 3.040000000000000924, 0.0000000000000000000, 1.539999999999989377 ) ) ;
#476 = ORIENTED_EDGE ( 'NONE', *, *, #1511, .F. ) ;
#477 = DIRECTION ( 'NONE',  ( -0.0000000000000000000, -1.000000000000000000, -0.0000000000000000000 ) ) ;
#478 = EDGE_CURVE ( 'NONE', #2432, #1963, #1064, .T. ) ;
#479 = CARTESIAN_POINT ( 'NONE',  ( 3.040000000000000924, 0.0000000000000000000, -1.276292343890875980 ) ) ;
#480 = ORIENTED_EDGE ( 'NONE', *, *, #1028, .F. ) ;
#481 = CARTESIAN_POINT ( 'NONE',  ( 3.400000000000000355, 0.1250000000000001110, -3.400000000000000355 ) ) ;
#482 = CARTESIAN_POINT ( 'NONE',  ( 0.4699999999999981970, 6.992588523705121517, 2.784999999999999254 ) ) ;
#483 = ORIENTED_EDGE ( 'NONE', *, *, #1317, .T. ) ;
#484 = CARTESIAN_POINT ( 'NONE',  ( -1.539999999999999591, 0.2500000000000002220, -1.539999999999999591 ) ) ;
#485 = DIRECTION ( 'NONE',  ( 0.0000000000000000000, 1.000000000000000000, 0.0000000000000000000 ) ) ;
#486 = VECTOR ( 'NONE', #599, 1000.000000000000000 ) ;
#487 = ORIENTED_EDGE ( 'NONE', *, *, #124, .F. ) ;
#488 = CARTESIAN_POINT ( 'NONE',  ( -1.749999999997191358, 0.5500000000000001554, 3.249999999999999556 ) ) ;
#489 = ORIENTED_EDGE ( 'NONE', *, *, #2265, .T. ) ;
#490 = VECTOR ( 'NONE', #2852, 1000.000000000000000 ) ;
#491 = CARTESIAN_POINT ( 'NONE',  ( 3.249999999999996003, 0.5500000000000001554, 0.0000000000000000000 ) ) ;
#492 = CARTESIAN_POINT ( 'NONE',  ( 3.400000000000000355, 0.1250000000000001110, 3.400000000000000355 ) ) ;
#493 = CARTESIAN_POINT ( 'NONE',  ( -3.400000000000000355, 0.2500000000000002220, 3.400000000000000355 ) ) ;
#494 = LINE ( 'NONE', #3014, #693 ) ;
#495 = ORIENTED_EDGE ( 'NONE', *, *, #3044, .T. ) ;
#496 = DIRECTION ( 'NONE',  ( -0.0000000000000000000, -1.000000000000000000, -0.0000000000000000000 ) ) ;
#497 = ORIENTED_EDGE ( 'NONE', *, *, #1424, .T. ) ;
#498 = CARTESIAN_POINT ( 'NONE',  ( 1.125000000000000888, 0.1250000000000001110, -2.399999999999999467 ) ) ;
#499 = DIRECTION ( 'NONE',  ( 0.0000000000000000000, 0.0000000000000000000, 1.000000000000000000 ) ) ;
#500 = EDGE_CURVE ( 'NONE', #1299, #184, #3213, .T. ) ;
#501 = EDGE_CURVE ( 'NONE', #320, #128, #2552, .T. ) ;
#502 = ORIENTED_EDGE ( 'NONE', *, *, #980, .T. ) ;
#503 = CARTESIAN_POINT ( 'NONE',  ( 2.349028309388760505, 0.8000000000000003775, -3.166867494569232999 ) ) ;
#504 = ADVANCED_FACE ( 'NONE', ( #63 ), #311, .F. ) ;
#505 = VECTOR ( 'NONE', #134, 1000.000000000000000 ) ;
#506 = ORIENTED_EDGE ( 'NONE', *, *, #302, .F. ) ;
#507 = EDGE_CURVE ( 'NONE', #1178, #3201, #327, .T. ) ;
#508 = EDGE_CURVE ( 'NONE', #678, #1868, #958, .T. ) ;
#509 = EDGE_CURVE ( 'NONE', #2417, #3070, #1953, .T. ) ;
#510 = CARTESIAN_POINT ( 'NONE',  ( -3.250000000000002665, 0.5500000000000018208, -0.8868275159912633043 ) ) ;
#511 = PLANE ( 'NONE',  #2301 ) ;
#512 = CARTESIAN_POINT ( 'NONE',  ( 0.7598553693929712693, 0.2500000000000002220, 3.040000000000008029 ) ) ;
#513 = VERTEX_POINT ( 'NONE', #2703 ) ;
#514 = DIRECTION ( 'NONE',  ( 1.000000000000000000, -0.0000000000000000000, -0.0000000000000000000 ) ) ;
#515 = ORIENTED_EDGE ( 'NONE', *, *, #2902, .F. ) ;
#516 = CARTESIAN_POINT ( 'NONE',  ( -3.040000000000000924, 0.2500000000000002220, 1.539999999999989377 ) ) ;
#517 = CARTESIAN_POINT ( 'NONE',  ( -0.4699999999999981970, 0.0000000000000000000, -2.784999999999999254 ) ) ;
#518 = EDGE_LOOP ( 'NONE', ( #1086, #2696, #2734, #857, #901 ) ) ;
#519 = CARTESIAN_POINT ( 'NONE',  ( -3.166867494569229446, 0.7999999999999986011, -2.349028309388753843 ) ) ;
#520 = AXIS2_PLACEMENT_3D ( 'NONE', #2628, #2562, #832 ) ;
#521 = ORIENTED_EDGE ( 'NONE', *, *, #370, .T. ) ;
#522 = CARTESIAN_POINT ( 'NONE',  ( 2.118442542642644089, 0.0000000000000000000, -2.967026893457220815 ) ) ;
#523 = VERTEX_POINT ( 'NONE', #229 ) ;
#524 = CARTESIAN_POINT ( 'NONE',  ( 0.0000000000000000000, 0.8000000000000003775, 3.249999999999999556 ) ) ;
#525 = FACE_OUTER_BOUND ( 'NONE', #1405, .T. ) ;
#526 = ORIENTED_EDGE ( 'NONE', *, *, #1415, .F. ) ;
#527 = DIRECTION ( 'NONE',  ( -0.0000000000000000000, 1.000000000000000000, -0.0000000000000000000 ) ) ;
#528 = VERTEX_POINT ( 'NONE', #3007 ) ;
#529 = DIRECTION ( 'NONE',  ( 1.000000000000000000, 0.0000000000000000000, -1.906289534040453156E-16 ) ) ;
#530 = DIRECTION ( 'NONE',  ( 0.0000000000000000000, -1.000000000000000000, 0.0000000000000000000 ) ) ;
#531 = STYLED_ITEM ( 'NONE', ( #2147 ), #390 ) ;
#532 = ORIENTED_EDGE ( 'NONE', *, *, #160, .F. ) ;
#533 = CARTESIAN_POINT ( 'NONE',  ( 2.967026893457215486, 0.2500000000000002220, -2.118442542642644089 ) ) ;
#534 = CARTESIAN_POINT ( 'NONE',  ( -0.4699999999999981970, 0.1250000000000001110, 0.4643543905251679149 ) ) ;
#535 = ORIENTED_EDGE ( 'NONE', *, *, #1897, .F. ) ;
#536 =( GEOMETRIC_REPRESENTATION_CONTEXT ( 3 ) GLOBAL_UNCERTAINTY_ASSIGNED_CONTEXT ( ( #1175 ) ) GLOBAL_UNIT_ASSIGNED_CONTEXT ( ( #12, #47, #2046 ) ) REPRESENTATION_CONTEXT ( 'NONE', 'WORKASPACE' ) );
#537 = EDGE_CURVE ( 'NONE', #1100, #224, #50, .T. ) ;
#538 = ADVANCED_FACE ( 'NONE', ( #3021 ), #787, .T. ) ;
#539 = CARTESIAN_POINT ( 'NONE',  ( 1.749999999227567438, 0.5500000000000001554, 3.249999999999999556 ) ) ;
#540 = CARTESIAN_POINT ( 'NONE',  ( 1.125000000000007994, 0.1250000000000001110, 3.400000000000000355 ) ) ;
#541 = CARTESIAN_POINT ( 'NONE',  ( 1.539999999999985825, 0.2500000000000002220, -3.040000000000000924 ) ) ;
#542 = CARTESIAN_POINT ( 'NONE',  ( -0.4699999999999981970, 0.1250000000000001110, 0.0000000000000000000 ) ) ;
#543 = ORIENTED_EDGE ( 'NONE', *, *, #3186, .T. ) ;
#544 = VECTOR ( 'NONE', #1487, 1000.000000000000000 ) ;
#545 = EDGE_LOOP ( 'NONE', ( #1698, #1380, #2924, #1905 ) ) ;
#546 = DIRECTION ( 'NONE',  ( 0.0000000000000000000, 0.0000000000000000000, 1.000000000000000000 ) ) ;
#547 = PLANE ( 'NONE',  #1087 ) ;
#548 = SURFACE_STYLE_FILL_AREA ( #1265 ) ;
#549 = ORIENTED_EDGE ( 'NONE', *, *, #19, .F. ) ;
#550 = CARTESIAN_POINT ( 'NONE',  ( -3.250000000000002665, 0.8000000000000020428, -0.8868275159912633043 ) ) ;
#551 = DIRECTION ( 'NONE',  ( 0.0000000000000000000, 0.0000000000000000000, 1.000000000000000000 ) ) ;
#552 = CIRCLE ( 'NONE', #1589, 1.000000000000000000 ) ;
#553 = ORIENTED_EDGE ( 'NONE', *, *, #1649, .T. ) ;
#554 = EDGE_CURVE ( 'NONE', #2592, #2663, #1337, .T. ) ;
#555 = VECTOR ( 'NONE', #1157, 1000.000000000000000 ) ;
#556 = VECTOR ( 'NONE', #52, 1000.000000000000000 ) ;
#557 = EDGE_CURVE ( 'NONE', #1502, #2614, #2831, .T. ) ;
#558 = VECTOR ( 'NONE', #2401, 1000.000000000000000 ) ;
#559 = CARTESIAN_POINT ( 'NONE',  ( 1.749999999998835820, 0.8000000000000003775, -3.250000000000001332 ) ) ;
#560 = CARTESIAN_POINT ( 'NONE',  ( -0.5700000000000010614, 6.992588523705121517, 0.4643543905251679149 ) ) ;
#561 = CARTESIAN_POINT ( 'NONE',  ( 3.249999999999996003, 0.7999999999999986011, -0.8868275159912633043 ) ) ;
#562 = AXIS2_PLACEMENT_3D ( 'NONE', #3199, #1700, #2198 ) ;
#563 = CARTESIAN_POINT ( 'NONE',  ( -3.040000000000000924, 0.0000000000000000000, 1.539999999999989377 ) ) ;
#564 = ORIENTED_EDGE ( 'NONE', *, *, #709, .T. ) ;
#565 = DIRECTION ( 'NONE',  ( 0.7071067811865476838, 0.0000000000000000000, -0.7071067811865474617 ) ) ;
#566 = CARTESIAN_POINT ( 'NONE',  ( -1.125000000000000888, 0.1250000000000001110, 2.399999999999999467 ) ) ;
#567 = ORIENTED_EDGE ( 'NONE', *, *, #3044, .F. ) ;
#568 = CARTESIAN_POINT ( 'NONE',  ( -2.629748946929792552, 0.2500000000000002220, 2.629748946929785891 ) ) ;
#569 = CARTESIAN_POINT ( 'NONE',  ( 3.500000000000003109, 0.5999999999999998668, -2.700000000000001066 ) ) ;
#570 = EDGE_CURVE ( 'NONE', #1453, #447, #2128, .T. ) ;
#571 = ORIENTED_EDGE ( 'NONE', *, *, #1903, .F. ) ;
#572 = CARTESIAN_POINT ( 'NONE',  ( -3.400000000000000355, 0.1250000000000001110, -3.400000000000000355 ) ) ;
#573 = LINE ( 'NONE', #1326, #2149 ) ;
#574 = CARTESIAN_POINT ( 'NONE',  ( 2.629748946929792552, 0.2500000000000002220, -2.629748946929787667 ) ) ;
#575 = DIRECTION ( 'NONE',  ( -1.000000000000000000, 0.0000000000000000000, 0.0000000000000000000 ) ) ;
#576 = ORIENTED_EDGE ( 'NONE', *, *, #743, .T. ) ;
#577 = CARTESIAN_POINT ( 'NONE',  ( -1.953934515308848541, 0.5500000000000001554, -3.250000000000001332 ) ) ;
#578 = DIRECTION ( 'NONE',  ( 0.0000000000000000000, 1.000000000000000000, -0.0000000000000000000 ) ) ;
#579 = ORIENTED_EDGE ( 'NONE', *, *, #2101, .F. ) ;
#580 = CARTESIAN_POINT ( 'NONE',  ( 0.1250000000000001110, 0.2500000000000002220, 2.399999999999992362 ) ) ;
#581 = VECTOR ( 'NONE', #291, 1000.000000000000000 ) ;
#582 = DIRECTION ( 'NONE',  ( 1.000000000000000000, -0.0000000000000000000, 1.857305648797437849E-16 ) ) ;
#583 = CARTESIAN_POINT ( 'NONE',  ( 0.7850000000000010303, 0.1250000000000001110, -3.100000000000000533 ) ) ;
#584 = EDGE_LOOP ( 'NONE', ( #1998, #2785, #1267, #259, #1200, #489, #2747, #890 ) ) ;
#585 = AXIS2_PLACEMENT_3D ( 'NONE', #3142, #651, #1389 ) ;
#586 = CARTESIAN_POINT ( 'NONE',  ( -0.5700000000000010614, 0.0000000000000000000, 0.4643543905251679149 ) ) ;
#587 = DIRECTION ( 'NONE',  ( 0.0000000000000000000, 0.0000000000000000000, -1.000000000000000000 ) ) ;
#588 = CARTESIAN_POINT ( 'NONE',  ( 2.629748946929785891, 0.2500000000000002220, 2.629748946929792552 ) ) ;
#589 = DIRECTION ( 'NONE',  ( -1.239088197126298213E-16, 0.0000000000000000000, -1.000000000000000000 ) ) ;
#590 = CARTESIAN_POINT ( 'NONE',  ( 0.0000000000000000000, 0.2500000000000002220, 0.0000000000000000000 ) ) ;
#591 = ORIENTED_EDGE ( 'NONE', *, *, #2962, .F. ) ;
#592 = CARTESIAN_POINT ( 'NONE',  ( -2.629748946929792552, 0.0000000000000000000, -2.629748946929789444 ) ) ;
#593 = LINE ( 'NONE', #1588, #669 ) ;
#594 = ORIENTED_EDGE ( 'NONE', *, *, #597, .T. ) ;
#595 = CARTESIAN_POINT ( 'NONE',  ( -0.5250000000000047962, 0.0000000000000000000, -3.040000000000000480 ) ) ;
#596 = FACE_OUTER_BOUND ( 'NONE', #917, .T. ) ;
#597 = EDGE_CURVE ( 'NONE', #1490, #457, #1624, .T. ) ;
#598 = EDGE_CURVE ( 'NONE', #3212, #2583, #2936, .T. ) ;
#599 = DIRECTION ( 'NONE',  ( -1.000000000000000000, -0.0000000000000000000, -0.0000000000000000000 ) ) ;
#600 = ORIENTED_EDGE ( 'NONE', *, *, #941, .F. ) ;
#601 = AXIS2_PLACEMENT_3D ( 'NONE', #2894, #663, #3045 ) ;
#602 = EDGE_CURVE ( 'NONE', #611, #22, #11, .T. ) ;
#603 = LINE ( 'NONE', #1101, #3043 ) ;
#604 = LINE ( 'NONE', #1794, #3035 ) ;
#605 = CARTESIAN_POINT ( 'NONE',  ( 2.349028309388753843, 0.8000000000000003775, 3.166867494569229446 ) ) ;
#606 = ADVANCED_FACE ( 'NONE', ( #1399 ), #855, .T. ) ;
#607 = VECTOR ( 'NONE', #898, 1000.000000000000000 ) ;
#608 = VECTOR ( 'NONE', #2237, 1000.000000000000000 ) ;
#609 = VECTOR ( 'NONE', #398, 1000.000000000000000 ) ;
#610 = DIRECTION ( 'NONE',  ( 0.0000000000000000000, 0.0000000000000000000, -1.000000000000000000 ) ) ;
#611 = VERTEX_POINT ( 'NONE', #375 ) ;
#612 = CARTESIAN_POINT ( 'NONE',  ( 3.249999999999996003, 0.5500000000000001554, 0.0000000000000000000 ) ) ;
#613 = LINE ( 'NONE', #2585, #1356 ) ;
#614 = ORIENTED_EDGE ( 'NONE', *, *, #730, .T. ) ;
#615 = DIRECTION ( 'NONE',  ( 6.195440985631454085E-17, 0.0000000000000000000, 1.000000000000000000 ) ) ;
#616 = PLANE ( 'NONE',  #2555 ) ;
#617 = CARTESIAN_POINT ( 'NONE',  ( 0.4699999999999981970, 0.0000000000000000000, -2.784999999999999254 ) ) ;
#618 = ORIENTED_EDGE ( 'NONE', *, *, #1961, .F. ) ;
#619 = FACE_OUTER_BOUND ( 'NONE', #1967, .T. ) ;
#620 = CARTESIAN_POINT ( 'NONE',  ( 2.118442542642651194, 0.2500000000000002220, 2.967026893457215486 ) ) ;
#621 = B_SPLINE_CURVE_WITH_KNOTS ( 'NONE', 3,
 ( #1102, #2344, #2557, #811 ),
 .UNSPECIFIED., .F., .F.,
 ( 4, 4 ),
 ( 0.0000000000000000000, 1.000000000000000000 ),
 .UNSPECIFIED. ) ;
#622 = PRODUCT_DEFINITION_SHAPE ( 'NONE', 'NONE',  #3227 ) ;
#623 = CARTESIAN_POINT ( 'NONE',  ( 3.500000000000003109, 0.8000000000000003775, -3.499999999999999556 ) ) ;
#624 = EDGE_LOOP ( 'NONE', ( #865, #2065, #2776, #576, #736, #1975, #360, #1192, #797, #543, #1934, #2002, #151, #2235 ) ) ;
#625 = CARTESIAN_POINT ( 'NONE',  ( -2.837024905209296843, 0.5500000000000018208, -2.837024905209305725 ) ) ;
#626 = DIRECTION ( 'NONE',  ( 0.0000000000000000000, 0.0000000000000000000, -1.000000000000000000 ) ) ;
#627 = DIRECTION ( 'NONE',  ( 0.0000000000000000000, 0.0000000000000000000, 1.000000000000000000 ) ) ;
#628 = VERTEX_POINT ( 'NONE', #1367 ) ;
#629 = CARTESIAN_POINT ( 'NONE',  ( -3.400000000000000355, 0.2500000000000002220, 3.400000000000000355 ) ) ;
#630 = CARTESIAN_POINT ( 'NONE',  ( -0.4699999999999981970, 0.0000000000000000000, 0.0000000000000000000 ) ) ;
#631 = CARTESIAN_POINT ( 'NONE',  ( 1.539999999999985825, 0.0000000000000000000, -3.040000000000000924 ) ) ;
#632 = ORIENTED_EDGE ( 'NONE', *, *, #1760, .T. ) ;
#633 = SURFACE_SIDE_STYLE ('',( #1935 ) ) ;
#634 = DIRECTION ( 'NONE',  ( 6.377659838150026227E-17, 0.0000000000000000000, 1.000000000000000000 ) ) ;
#635 = EDGE_CURVE ( 'NONE', #2362, #2910, #3136, .T. ) ;
#636 = PRODUCT_DEFINITION ( 'UNKNOWN', '', #1838, #60 ) ;
#637 = AXIS2_PLACEMENT_3D ( 'NONE', #344, #1320, #2603 ) ;
#638 = CARTESIAN_POINT ( 'NONE',  ( 0.1250000000000001110, 0.1250000000000001110, 2.399999999999992362 ) ) ;
#639 = EDGE_LOOP ( 'NONE', ( #1116, #2406, #2138, #1559 ) ) ;
#640 = CARTESIAN_POINT ( 'NONE',  ( 3.040000000000000924, 0.0000000000000000000, -0.7598553693929712693 ) ) ;
#641 = LINE ( 'NONE', #1078, #1129 ) ;
#642 = ORIENTED_EDGE ( 'NONE', *, *, #307, .F. ) ;
#643 = AXIS2_PLACEMENT_3D ( 'NONE', #2119, #181, #1436 ) ;
#644 = CARTESIAN_POINT ( 'NONE',  ( 3.119999999999997886, 0.1250000000000018319, -3.100000000000000533 ) ) ;
#645 = DIRECTION ( 'NONE',  ( 1.000000000000000000, 0.0000000000000000000, 0.0000000000000000000 ) ) ;
#646 = ADVANCED_FACE ( 'NONE', ( #2113 ), #127, .T. ) ;
#647 = EDGE_CURVE ( 'NONE', #2075, #142, #888, .T. ) ;
#648 = DIRECTION ( 'NONE',  ( 0.0000000000000000000, 0.0000000000000000000, -1.000000000000000000 ) ) ;
#649 = ORIENTED_EDGE ( 'NONE', *, *, #2001, .F. ) ;
#650 =( LENGTH_UNIT ( ) NAMED_UNIT ( * ) SI_UNIT ( .MILLI., .METRE. ) );
#651 = DIRECTION ( 'NONE',  ( -0.7071067811865477948, 0.0000000000000000000, -0.7071067811865473507 ) ) ;
#652 = AXIS2_PLACEMENT_3D ( 'NONE', #2309, #3093, #2071 ) ;
#653 = CARTESIAN_POINT ( 'NONE',  ( -0.1250000000000001110, 0.1250000000000001110, 2.399999999999992362 ) ) ;
#654 = VERTEX_POINT ( 'NONE', #2081 ) ;
#655 = FACE_OUTER_BOUND ( 'NONE', #518, .T. ) ;
#656 = SURFACE_SIDE_STYLE ('',( #2887 ) ) ;
#657 = APPLICATION_PROTOCOL_DEFINITION ( 'draft international standard', 'automotive_design', 1998, #2381 ) ;
#658 = ORIENTED_EDGE ( 'NONE', *, *, #31, .T. ) ;
#659 = DIRECTION ( 'NONE',  ( 0.0000000000000000000, -0.0000000000000000000, 1.000000000000000000 ) ) ;
#660 = CARTESIAN_POINT ( 'NONE',  ( 3.119999999999997886, 0.1250000000000018319, -3.100000000000000533 ) ) ;
#661 = CARTESIAN_POINT ( 'NONE',  ( 0.7250000000000034195, 0.0000000000000000000, 3.040000000000000924 ) ) ;
#662 = EDGE_LOOP ( 'NONE', ( #3107, #1118, #250, #849, #1040, #154, #973, #2331, #1524, #24, #3029, #934, #2210, #2437 ) ) ;
#663 = DIRECTION ( 'NONE',  ( -1.000000000000000000, 0.0000000000000000000, 0.0000000000000000000 ) ) ;
#664 = PLANE ( 'NONE',  #2881 ) ;
#665 = CARTESIAN_POINT ( 'NONE',  ( 3.400000000000000355, 0.2500000000000002220, -3.400000000000000355 ) ) ;
#666 = CARTESIAN_POINT ( 'NONE',  ( 0.0000000000000000000, 0.0000000000000000000, 3.039999999999994262 ) ) ;
#667 = ORIENTED_EDGE ( 'NONE', *, *, #602, .F. ) ;
#668 = LINE ( 'NONE', #2952, #1289 ) ;
#669 = VECTOR ( 'NONE', #355, 1000.000000000000000 ) ;
#670 = VERTEX_POINT ( 'NONE', #1835 ) ;
#671 = ORIENTED_EDGE ( 'NONE', *, *, #2169, .F. ) ;
#672 = DIRECTION ( 'NONE',  ( 0.0000000000000000000, 0.0000000000000000000, -1.000000000000000000 ) ) ;
#673 = DIRECTION ( 'NONE',  ( -0.0000000000000000000, 1.000000000000000000, -0.0000000000000000000 ) ) ;
#674 = EDGE_CURVE ( 'NONE', #2410, #2614, #3072, .T. ) ;
#675 = LINE ( 'NONE', #2449, #1732 ) ;
#676 = ORIENTED_EDGE ( 'NONE', *, *, #3041, .F. ) ;
#677 = LINE ( 'NONE', #2701, #346 ) ;
#678 = VERTEX_POINT ( 'NONE', #1881 ) ;
#679 = VECTOR ( 'NONE', #2947, 1000.000000000000000 ) ;
#680 = DIRECTION ( 'NONE',  ( 0.0000000000000000000, 1.000000000000000000, 0.0000000000000000000 ) ) ;
#681 = LINE ( 'NONE', #463, #38 ) ;
#682 = EDGE_LOOP ( 'NONE', ( #1232, #2824, #1062, #564, #1331, #2855, #3208, #2096, #748, #3019 ) ) ;
#683 = CARTESIAN_POINT ( 'NONE',  ( 3.249999999999996003, 0.5500000000000001554, 1.465918309119740304 ) ) ;
#684 = LINE ( 'NONE', #153, #2795 ) ;
#685 = VERTEX_POINT ( 'NONE', #872 ) ;
#686 = CARTESIAN_POINT ( 'NONE',  ( 3.500000000000003109, 0.0000000000000000000, -3.499999999999999556 ) ) ;
#687 = LINE ( 'NONE', #1929, #2843 ) ;
#688 = LINE ( 'NONE', #1689, #279 ) ;
#689 = ORIENTED_EDGE ( 'NONE', *, *, #2435, .F. ) ;
#690 = ADVANCED_FACE ( 'NONE', ( #596 ), #616, .F. ) ;
#691 = DIRECTION ( 'NONE',  ( -0.7071067811865475727, 0.0000000000000000000, 0.7071067811865475727 ) ) ;
#692 = EDGE_CURVE ( 'NONE', #1447, #960, #1593, .T. ) ;
#693 = VECTOR ( 'NONE', #750, 1000.000000000000000 ) ;
#694 = ORIENTED_EDGE ( 'NONE', *, *, #500, .T. ) ;
#695 = EDGE_CURVE ( 'NONE', #1528, #1911, #1134, .T. ) ;
#696 = SURFACE_SIDE_STYLE ('',( #943 ) ) ;
#697 = DIRECTION ( 'NONE',  ( -0.0000000000000000000, 1.000000000000000000, -0.0000000000000000000 ) ) ;
#698 = ORIENTED_EDGE ( 'NONE', *, *, #2769, .T. ) ;
#699 = CARTESIAN_POINT ( 'NONE',  ( -1.539999999999999591, 0.2500000000000002220, 1.539999999999999591 ) ) ;
#700 = AXIS2_PLACEMENT_3D ( 'NONE', #1083, #155, #1850 ) ;
#701 = CARTESIAN_POINT ( 'NONE',  ( 3.119999999999997886, 0.0000000000000000000, -3.100000000000000533 ) ) ;
#702 = ORIENTED_EDGE ( 'NONE', *, *, #1278, .F. ) ;
#703 = CARTESIAN_POINT ( 'NONE',  ( 3.119999999999997886, 0.1250000000000001110, 3.099999999999998757 ) ) ;
#704 = DIRECTION ( 'NONE',  ( 0.0000000000000000000, -0.0000000000000000000, 1.000000000000000000 ) ) ;
#705 = COLOUR_RGB ( '',1.000000000000000000, 1.000000000000000000, 0.7490196078431372584 ) ;
#706 = VECTOR ( 'NONE', #453, 1000.000000000000000 ) ;
#707 = DIRECTION ( 'NONE',  ( -0.7071067811865477948, 0.0000000000000000000, -0.7071067811865473507 ) ) ;
#708 = EDGE_LOOP ( 'NONE', ( #2892, #1553, #3074, #1682 ) ) ;
#709 = EDGE_CURVE ( 'NONE', #2399, #751, #1674, .T. ) ;
#710 = DIRECTION ( 'NONE',  ( 0.0000000000000000000, 0.0000000000000000000, -1.000000000000000000 ) ) ;
#711 = VECTOR ( 'NONE', #2315, 1000.000000000000000 ) ;
#712 = ORIENTED_EDGE ( 'NONE', *, *, #2779, .F. ) ;
#713 = CARTESIAN_POINT ( 'NONE',  ( 0.4699999999999981970, 0.1250000000000001110, 2.784999999999999254 ) ) ;
#714 = B_SPLINE_CURVE_WITH_KNOTS ( 'NONE', 1,
 ( #131, #3114 ),
 .UNSPECIFIED., .F., .F.,
 ( 2, 2 ),
 ( 0.0000000000000000000, 1.000000000000000000 ),
 .UNSPECIFIED. ) ;
#715 = CARTESIAN_POINT ( 'NONE',  ( 3.040000000000000924, 0.0000000000000000000, -1.729308550175147285 ) ) ;
#716 = DIRECTION ( 'NONE',  ( 0.7071067811865474617, -0.0000000000000000000, 0.7071067811865474617 ) ) ;
#717 = LINE ( 'NONE', #1209, #1747 ) ;
#718 = PLANE ( 'NONE',  #1529 ) ;
#719 = VERTEX_POINT ( 'NONE', #1609 ) ;
#720 = ORIENTED_EDGE ( 'NONE', *, *, #2199, .F. ) ;
#721 = CARTESIAN_POINT ( 'NONE',  ( -3.400000000000000355, 0.2500000000000002220, 3.400000000000000355 ) ) ;
#722 = DIRECTION ( 'NONE',  ( 0.7071067811865495711, -0.0000000000000000000, 0.7071067811865454633 ) ) ;
#723 = ORIENTED_EDGE ( 'NONE', *, *, #730, .F. ) ;
#724 = DIRECTION ( 'NONE',  ( 0.0000000000000000000, 1.000000000000000000, -0.0000000000000000000 ) ) ;
#725 = ORIENTED_EDGE ( 'NONE', *, *, #1067, .F. ) ;
#726 = VECTOR ( 'NONE', #839, 1000.000000000000000 ) ;
#727 = CARTESIAN_POINT ( 'NONE',  ( -1.729308550175147285, 0.0000000000000000000, -3.040000000000000924 ) ) ;
#728 = EDGE_CURVE ( 'NONE', #1142, #2030, #1382, .T. ) ;
#729 = LINE ( 'NONE', #1956, #1051 ) ;
#730 = EDGE_CURVE ( 'NONE', #2487, #1856, #1234, .T. ) ;
#731 = CARTESIAN_POINT ( 'NONE',  ( -3.249999999999996003, 0.7999999999999986011, 0.0000000000000000000 ) ) ;
#732 = DIRECTION ( 'NONE',  ( -1.000000000000000000, 0.0000000000000000000, 0.0000000000000000000 ) ) ;
#733 = ORIENTED_EDGE ( 'NONE', *, *, #2504, .F. ) ;
#734 = ADVANCED_FACE ( 'NONE', ( #1449 ), #2959, .T. ) ;
#735 = DIRECTION ( 'NONE',  ( 0.7071067811865462405, 0.0000000000000000000, 0.7071067811865489050 ) ) ;
#736 = ORIENTED_EDGE ( 'NONE', *, *, #1329, .T. ) ;
#737 = EDGE_CURVE ( 'NONE', #2145, #2487, #2203, .T. ) ;
#738 = CARTESIAN_POINT ( 'NONE',  ( 0.8868275159912633043, 0.5500000000000001554, 3.249999999999999556 ) ) ;
#739 = CARTESIAN_POINT ( 'NONE',  ( 3.400000000000000355, 0.1250000000000001110, 3.400000000000000355 ) ) ;
#740 = ORIENTED_EDGE ( 'NONE', *, *, #554, .F. ) ;
#741 = CARTESIAN_POINT ( 'NONE',  ( 0.4699999999999981970, 0.0000000000000000000, -2.784999999999999254 ) ) ;
#742 = EDGE_CURVE ( 'NONE', #678, #1856, #2156, .T. ) ;
#743 = EDGE_CURVE ( 'NONE', #1497, #1711, #687, .T. ) ;
#744 = AXIS2_PLACEMENT_3D ( 'NONE', #2367, #140, #123 ) ;
#745 = VERTEX_POINT ( 'NONE', #3204 ) ;
#746 = AXIS2_PLACEMENT_3D ( 'NONE', #1294, #1812, #2788 ) ;
#747 = DIRECTION ( 'NONE',  ( -1.000000000000000000, -0.0000000000000000000, -0.0000000000000000000 ) ) ;
#748 = ORIENTED_EDGE ( 'NONE', *, *, #1755, .T. ) ;
#749 = CARTESIAN_POINT ( 'NONE',  ( -3.040000000000000924, 0.2500000000000002220, 1.729308550175147285 ) ) ;
#750 = DIRECTION ( 'NONE',  ( 1.000000000000000000, -0.0000000000000000000, -0.0000000000000000000 ) ) ;
#751 = VERTEX_POINT ( 'NONE', #1186 ) ;
#752 = AXIS2_PLACEMENT_3D ( 'NONE', #1167, #441, #2404 ) ;
#753 = ORIENTED_EDGE ( 'NONE', *, *, #1219, .F. ) ;
#754 = DIRECTION ( 'NONE',  ( -0.0000000000000000000, -1.000000000000000000, -0.0000000000000000000 ) ) ;
#755 = DIRECTION ( 'NONE',  ( 0.7071067811865474617, -0.0000000000000000000, 0.7071067811865476838 ) ) ;
#756 = VERTEX_POINT ( 'NONE', #2937 ) ;
#757 = CARTESIAN_POINT ( 'NONE',  ( 0.0000000000000000000, 0.2500000000000002220, -3.039999999999994262 ) ) ;
#758 = CIRCLE ( 'NONE', #2586, 1.499999999999999778 ) ;
#759 = VECTOR ( 'NONE', #575, 1000.000000000000000 ) ;
#760 = ORIENTED_EDGE ( 'NONE', *, *, #1130, .F. ) ;
#761 = CARTESIAN_POINT ( 'NONE',  ( 3.166867494569236552, 0.5500000000000001554, -2.349028309388760505 ) ) ;
#762 = VERTEX_POINT ( 'NONE', #438 ) ;
#763 = CARTESIAN_POINT ( 'NONE',  ( -1.539999999999992708, 0.2500000000000002220, 3.040000000000000924 ) ) ;
#764 =( NAMED_UNIT ( * ) SI_UNIT ( $, .STERADIAN. ) SOLID_ANGLE_UNIT ( ) );
#765 = VERTEX_POINT ( 'NONE', #2415 ) ;
#766 = CARTESIAN_POINT ( 'NONE',  ( 1.125000000000000888, 0.2500000000000002220, -2.399999999999999467 ) ) ;
#767 = ORIENTED_EDGE ( 'NONE', *, *, #1694, .T. ) ;
#768 = FACE_OUTER_BOUND ( 'NONE', #313, .T. ) ;
#769 = CARTESIAN_POINT ( 'NONE',  ( -0.1250000000000001110, 0.2500000000000002220, 2.399999999999992362 ) ) ;
#770 = VERTEX_POINT ( 'NONE', #2922 ) ;
#771 = CARTESIAN_POINT ( 'NONE',  ( 1.276292343890879311, 0.2500000000000002220, -3.039999999999999147 ) ) ;
#772 = DIRECTION ( 'NONE',  ( -0.0000000000000000000, -0.0000000000000000000, -1.000000000000000000 ) ) ;
#773 = ADVANCED_FACE ( 'NONE', ( #191 ), #2171, .F. ) ;
#774 = VERTEX_POINT ( 'NONE', #2906 ) ;
#775 = CARTESIAN_POINT ( 'NONE',  ( 1.729308550175147285, 0.0000000000000000000, 3.040000000000000924 ) ) ;
#776 = ORIENTED_EDGE ( 'NONE', *, *, #1930, .T. ) ;
#777 = DIRECTION ( 'NONE',  ( 0.0000000000000000000, 0.0000000000000000000, -1.000000000000000000 ) ) ;
#778 = FACE_OUTER_BOUND ( 'NONE', #1005, .T. ) ;
#779 = ORIENTED_EDGE ( 'NONE', *, *, #365, .T. ) ;
#780 = DIRECTION ( 'NONE',  ( 0.0000000000000000000, 0.0000000000000000000, 1.000000000000000000 ) ) ;
#781 = VERTEX_POINT ( 'NONE', #1688 ) ;
#782 = CARTESIAN_POINT ( 'NONE',  ( -3.499999999999996003, 0.8000000000000003775, 3.499999999999999556 ) ) ;
#783 = DIRECTION ( 'NONE',  ( 1.000000000000000000, 0.0000000000000000000, -6.195440985631454085E-17 ) ) ;
#784 = EDGE_CURVE ( 'NONE', #1993, #75, #2680, .T. ) ;
#785 = VERTEX_POINT ( 'NONE', #208 ) ;
#786 = CARTESIAN_POINT ( 'NONE',  ( 0.0000000000000000000, 0.2500000000000002220, 3.039999999999994262 ) ) ;
#787 = PLANE ( 'NONE',  #430 ) ;
#788 = AXIS2_PLACEMENT_3D ( 'NONE', #2867, #680, #182 ) ;
#789 = ORIENTED_EDGE ( 'NONE', *, *, #2779, .T. ) ;
#790 = ADVANCED_FACE ( 'NONE', ( #2184 ), #1201, .F. ) ;
#791 = DIRECTION ( 'NONE',  ( -0.0000000000000000000, -1.000000000000000000, -0.0000000000000000000 ) ) ;
#792 = LINE ( 'NONE', #86, #2571 ) ;
#793 = CARTESIAN_POINT ( 'NONE',  ( -3.400000000000000355, 0.2500000000000002220, -3.400000000000000355 ) ) ;
#794 = DIRECTION ( 'NONE',  ( 0.0000000000000000000, 0.0000000000000000000, 1.000000000000000000 ) ) ;
#795 = VECTOR ( 'NONE', #55, 1000.000000000000000 ) ;
#796 = PLANE ( 'NONE',  #195 ) ;
#797 = ORIENTED_EDGE ( 'NONE', *, *, #3145, .T. ) ;
#798 = FACE_OUTER_BOUND ( 'NONE', #1650, .T. ) ;
#799 = LINE ( 'NONE', #1264, #1857 ) ;
#800 = EDGE_CURVE ( 'NONE', #528, #986, #1701, .T. ) ;
#801 = B_SPLINE_CURVE_WITH_KNOTS ( 'NONE', 1,
 ( #1176, #2673 ),
 .UNSPECIFIED., .F., .F.,
 ( 2, 2 ),
 ( 0.0000000000000000000, 1.000000000000000000 ),
 .UNSPECIFIED. ) ;
#802 = SURFACE_STYLE_FILL_AREA ( #1379 ) ;
#803 = ORIENTED_EDGE ( 'NONE', *, *, #1888, .T. ) ;
#804 = CARTESIAN_POINT ( 'NONE',  ( -3.039999999999994262, 0.2500000000000002220, 0.0000000000000000000 ) ) ;
#805 = CARTESIAN_POINT ( 'NONE',  ( -3.119999999999997886, 6.992588523705121517, -3.100000000000000533 ) ) ;
#806 = CIRCLE ( 'NONE', #3189, 1.500000000000000000 ) ;
#807 = ORIENTED_EDGE ( 'NONE', *, *, #2670, .F. ) ;
#808 = SHAPE_REPRESENTATION ( 'J7070K Assembly', ( #176, #744, #3192, #2564 ), #1580 ) ;
#809 = VECTOR ( 'NONE', #514, 1000.000000000000000 ) ;
#810 = CARTESIAN_POINT ( 'NONE',  ( 0.7850000000000010303, 6.992588523705121517, 3.099999999999998757 ) ) ;
#811 = CARTESIAN_POINT ( 'NONE',  ( 0.7250000000000034195, 0.2500000000000002220, 3.040000000000000924 ) ) ;
#812 = CARTESIAN_POINT ( 'NONE',  ( 3.250000000000002665, 0.8000000000000003775, -1.953934515308846764 ) ) ;
#813 = LINE ( 'NONE', #1814, #759 ) ;
#814 = ORIENTED_EDGE ( 'NONE', *, *, #3113, .T. ) ;
#815 = CARTESIAN_POINT ( 'NONE',  ( -1.729308550175147285, 0.0000000000000000000, -3.040000000000000924 ) ) ;
#816 = DIRECTION ( 'NONE',  ( -1.000000000000000000, 0.0000000000000000000, 1.324216393875425342E-16 ) ) ;
#817 = VERTEX_POINT ( 'NONE', #3185 ) ;
#818 = CARTESIAN_POINT ( 'NONE',  ( -0.7598553693929712693, 0.2500000000000002220, -3.040000000000004476 ) ) ;
#819 = LINE ( 'NONE', #1206, #2087 ) ;
#820 = FACE_OUTER_BOUND ( 'NONE', #2126, .T. ) ;
#821 = ORIENTED_EDGE ( 'NONE', *, *, #728, .T. ) ;
#822 = VECTOR ( 'NONE', #1605, 1000.000000000000000 ) ;
#823 = B_SPLINE_CURVE_WITH_KNOTS ( 'NONE', 3,
 ( #2891, #1411, #1672, #661 ),
 .UNSPECIFIED., .F., .F.,
 ( 4, 4 ),
 ( 0.6172494917454111052, 0.7378334866228816180 ),
 .UNSPECIFIED. ) ;
#824 = DIRECTION ( 'NONE',  ( 1.000000000000000000, 0.0000000000000000000, 0.0000000000000000000 ) ) ;
#825 = DIRECTION ( 'NONE',  ( 0.0000000000000000000, 1.000000000000000000, 0.0000000000000000000 ) ) ;
#826 = CARTESIAN_POINT ( 'NONE',  ( 2.837024905209296843, 0.7999999999999986011, -2.837024905209293291 ) ) ;
#827 = EDGE_CURVE ( 'NONE', #194, #1375, #1215, .T. ) ;
#828 = EDGE_CURVE ( 'NONE', #329, #1517, #1960, .T. ) ;
#829 = PLANE ( 'NONE',  #244 ) ;
#830 = VERTEX_POINT ( 'NONE', #1477 ) ;
#831 = CARTESIAN_POINT ( 'NONE',  ( -3.040000000000000924, 0.0000000000000000000, -1.276292343890875980 ) ) ;
#832 = DIRECTION ( 'NONE',  ( 0.0000000000000000000, 0.0000000000000000000, -1.000000000000000000 ) ) ;
#833 = EDGE_CURVE ( 'NONE', #765, #1746, #2217, .T. ) ;
#834 = EDGE_CURVE ( 'NONE', #654, #2487, #905, .T. ) ;
#835 = VERTEX_POINT ( 'NONE', #660 ) ;
#836 =( GEOMETRIC_REPRESENTATION_CONTEXT ( 3 ) GLOBAL_UNCERTAINTY_ASSIGNED_CONTEXT ( ( #1695 ) ) GLOBAL_UNIT_ASSIGNED_CONTEXT ( ( #650, #428, #924 ) ) REPRESENTATION_CONTEXT ( 'NONE', 'WORKASPACE' ) );
#837 = CARTESIAN_POINT ( 'NONE',  ( 2.837024905209296843, 0.8000000000000003775, 2.837024905209300396 ) ) ;
#838 = AXIS2_PLACEMENT_3D ( 'NONE', #2814, #1870, #3123 ) ;
#839 = DIRECTION ( 'NONE',  ( -1.000000000000000000, -0.0000000000000000000, -0.0000000000000000000 ) ) ;
#840 = CARTESIAN_POINT ( 'NONE',  ( -0.4699999999999981970, 6.992588523705121517, 0.4643543905251679149 ) ) ;
#841 = EDGE_CURVE ( 'NONE', #194, #1833, #2647, .T. ) ;
#842 = ORIENTED_EDGE ( 'NONE', *, *, #160, .T. ) ;
#843 = EDGE_CURVE ( 'NONE', #983, #830, #175, .T. ) ;
#844 = VECTOR ( 'NONE', #2158, 1000.000000000000000 ) ;
#845 = DIRECTION ( 'NONE',  ( 0.0000000000000000000, 1.000000000000000000, 0.0000000000000000000 ) ) ;
#846 = DIRECTION ( 'NONE',  ( 0.0000000000000000000, 0.0000000000000000000, 1.000000000000000000 ) ) ;
#847 = CARTESIAN_POINT ( 'NONE',  ( 1.465918309119740304, 0.8000000000000003775, -3.249999999999999556 ) ) ;
#848 = FACE_OUTER_BOUND ( 'NONE', #1019, .T. ) ;
#849 = ORIENTED_EDGE ( 'NONE', *, *, #2955, .T. ) ;
#850 = CARTESIAN_POINT ( 'NONE',  ( -3.040000000000000924, 0.0000000000000000000, -0.7598553693929730457 ) ) ;
#851 = FACE_OUTER_BOUND ( 'NONE', #247, .T. ) ;
#852 = SURFACE_SIDE_STYLE ('',( #802 ) ) ;
#853 = VERTEX_POINT ( 'NONE', #1915 ) ;
#854 = CARTESIAN_POINT ( 'NONE',  ( 1.539999999999992708, 0.0000000000000000000, 3.040000000000000924 ) ) ;
#855 = PLANE ( 'NONE',  #838 ) ;
#856 = DIRECTION ( 'NONE',  ( 0.0000000000000000000, 0.0000000000000000000, -1.000000000000000000 ) ) ;
#857 = ORIENTED_EDGE ( 'NONE', *, *, #2192, .F. ) ;
#858 = AXIS2_PLACEMENT_3D ( 'NONE', #1464, #691, #1433 ) ;
#859 = COLOUR_RGB ( '',0.7490196078431372584, 0.7490196078431372584, 0.7490196078431372584 ) ;
#860 = CARTESIAN_POINT ( 'NONE',  ( -0.4699999999999981970, 0.0000000000000000000, -2.784999999999999254 ) ) ;
#861 = CARTESIAN_POINT ( 'NONE',  ( 3.250000000000002665, 0.8000000000000003775, 1.953934515308848541 ) ) ;
#862 = AXIS2_PLACEMENT_3D ( 'NONE', #484, #1704, #659 ) ;
#863 = VECTOR ( 'NONE', #673, 1000.000000000000000 ) ;
#864 = DIRECTION ( 'NONE',  ( 0.0000000000000000000, -0.0000000000000000000, 1.000000000000000000 ) ) ;
#865 = ORIENTED_EDGE ( 'NONE', *, *, #158, .F. ) ;
#866 = CARTESIAN_POINT ( 'NONE',  ( -2.837024905209296843, 0.5500000000000018208, 2.837024905209296843 ) ) ;
#867 = LINE ( 'NONE', #3120, #2683 ) ;
#868 = CIRCLE ( 'NONE', #2690, 0.9999999999999997780 ) ;
#869 = ORIENTED_EDGE ( 'NONE', *, *, #2504, .T. ) ;
#870 = CLOSED_SHELL ( 'NONE', ( #2805, #1045, #1994, #2865, #1418, #1622, #1709, #2817, #2063, #2324, #168, #2749, #2182, #1654, #2912 ) ) ;
#871 = CARTESIAN_POINT ( 'NONE',  ( -0.1250000000000001110, 0.0000000000000000000, -3.039999999999994262 ) ) ;
#872 = CARTESIAN_POINT ( 'NONE',  ( 0.7850000000000010303, 0.0000000000000000000, 3.099999999999998757 ) ) ;
#873 = ORIENTED_EDGE ( 'NONE', *, *, #461, .F. ) ;
#874 = FACE_OUTER_BOUND ( 'NONE', #1719, .T. ) ;
#875 = ORIENTED_EDGE ( 'NONE', *, *, #1172, .F. ) ;
#876 = EDGE_CURVE ( 'NONE', #2619, #994, #322, .T. ) ;
#877 = EDGE_CURVE ( 'NONE', #1868, #1346, #799, .T. ) ;
#878 = FILL_AREA_STYLE_COLOUR ( '', #1776 ) ;
#879 = DIRECTION ( 'NONE',  ( 0.0000000000000000000, 1.000000000000000000, 0.0000000000000000000 ) ) ;
#880 =( REPRESENTATION_RELATIONSHIP ('NONE','NONE', #808, #380 ) REPRESENTATION_RELATIONSHIP_WITH_TRANSFORMATION ( #421 )SHAPE_REPRESENTATION_RELATIONSHIP( ) );
#881 = CARTESIAN_POINT ( 'NONE',  ( 3.040000000000000924, 0.2500000000000002220, -1.539999999999989377 ) ) ;
#882 = EDGE_CURVE ( 'NONE', #2583, #2181, #2761, .T. ) ;
#883 = ORIENTED_EDGE ( 'NONE', *, *, #2221, .T. ) ;
#884 = CARTESIAN_POINT ( 'NONE',  ( 3.249999999999996003, 0.5499999999999983791, -0.8868275159912633043 ) ) ;
#885 = CARTESIAN_POINT ( 'NONE',  ( -3.119999999999997886, 0.0000000000000000000, -3.100000000000000533 ) ) ;
#886 = ORIENTED_EDGE ( 'NONE', *, *, #500, .F. ) ;
#887 = CARTESIAN_POINT ( 'NONE',  ( 3.040000000000000924, 0.2500000000000002220, 0.7598553693929748221 ) ) ;
#888 = LINE ( 'NONE', #1851, #1150 ) ;
#889 = PLANE ( 'NONE',  #637 ) ;
#890 = ORIENTED_EDGE ( 'NONE', *, *, #2424, .T. ) ;
#891 = EDGE_CURVE ( 'NONE', #2587, #611, #2421, .T. ) ;
#892 = LINE ( 'NONE', #1193, #1479 ) ;
#893 = DIRECTION ( 'NONE',  ( -1.000000000000000000, 0.0000000000000000000, 1.857305648797437849E-16 ) ) ;
#894 = VECTOR ( 'NONE', #2129, 1000.000000000000114 ) ;
#895 = LINE ( 'NONE', #2884, #1069 ) ;
#896 = STYLED_ITEM ( 'NONE', ( #2733 ), #2581 ) ;
#897 = ORIENTED_EDGE ( 'NONE', *, *, #2670, .T. ) ;
#898 = DIRECTION ( 'NONE',  ( 1.000000000000000000, -0.0000000000000000000, 0.0000000000000000000 ) ) ;
#899 = CARTESIAN_POINT ( 'NONE',  ( -3.400000000000000355, 0.2500000000000002220, 3.400000000000000355 ) ) ;
#900 = VECTOR ( 'NONE', #2056, 1000.000000000000000 ) ;
#901 = ORIENTED_EDGE ( 'NONE', *, *, #1968, .T. ) ;
#902 = EDGE_CURVE ( 'NONE', #320, #1299, #3002, .T. ) ;
#903 = VECTOR ( 'NONE', #116, 1000.000000000000000 ) ;
#904 = FACE_OUTER_BOUND ( 'NONE', #270, .T. ) ;
#905 = LINE ( 'NONE', #1901, #35 ) ;
#906 =( NAMED_UNIT ( * ) PLANE_ANGLE_UNIT ( ) SI_UNIT ( $, .RADIAN. ) );
#907 = EDGE_LOOP ( 'NONE', ( #1707, #1621, #2960, #304 ) ) ;
#908 = CARTESIAN_POINT ( 'NONE',  ( 1.125000000000007994, 0.1250000000000001110, -3.400000000000000355 ) ) ;
#909 = DIRECTION ( 'NONE',  ( -0.0000000000000000000, 1.000000000000000000, -0.0000000000000000000 ) ) ;
#910 = UNCERTAINTY_MEASURE_WITH_UNIT (LENGTH_MEASURE( 1.000000000000000082E-05 ), #2094, 'distance_accuracy_value', 'NONE');
#911 = CARTESIAN_POINT ( 'NONE',  ( -1.276292343890872427, 0.0000000000000000000, 3.040000000000000924 ) ) ;
#912 = VECTOR ( 'NONE', #1521, 1000.000000000000000 ) ;
#913 = ORIENTED_EDGE ( 'NONE', *, *, #1370, .F. ) ;
#914 = CARTESIAN_POINT ( 'NONE',  ( -0.7249999999999965361, 0.0000000000000000000, -3.040000000000000924 ) ) ;
#915 = CARTESIAN_POINT ( 'NONE',  ( -3.500000000000003109, 0.8000000000000003775, -3.499999999999999556 ) ) ;
#916 = AXIS2_PLACEMENT_3D ( 'NONE', #2834, #1824, #2326 ) ;
#917 = EDGE_LOOP ( 'NONE', ( #1939, #1160, #1205, #2190, #939 ) ) ;
#918 = PRESENTATION_STYLE_ASSIGNMENT (( #3152 ) ) ;
#919 = CARTESIAN_POINT ( 'NONE',  ( -0.4699999999999981970, 6.992588523705121517, 2.784999999999999254 ) ) ;
#920 = PLANE ( 'NONE',  #173 ) ;
#921 = EDGE_LOOP ( 'NONE', ( #1474, #1769, #2818, #487, #873, #1335, #1482, #2800, #549, #480 ) ) ;
#922 = FACE_OUTER_BOUND ( 'NONE', #2535, .T. ) ;
#923 = ORIENTED_EDGE ( 'NONE', *, *, #3055, .F. ) ;
#924 =( NAMED_UNIT ( * ) SI_UNIT ( $, .STERADIAN. ) SOLID_ANGLE_UNIT ( ) );
#925 = FACE_BOUND ( 'NONE', #2317, .T. ) ;
#926 = CARTESIAN_POINT ( 'NONE',  ( -3.040000000000000924, 0.0000000000000000000, 1.276292343890875980 ) ) ;
#927 = ORIENTED_EDGE ( 'NONE', *, *, #318, .F. ) ;
#928 = CARTESIAN_POINT ( 'NONE',  ( 1.729308550175147285, 0.0000000000000000000, 3.040000000000000924 ) ) ;
#929 = DIRECTION ( 'NONE',  ( -1.000000000000000000, -0.0000000000000000000, -0.0000000000000000000 ) ) ;
#930 = VECTOR ( 'NONE', #755, 1000.000000000000000 ) ;
#931 = ORIENTED_EDGE ( 'NONE', *, *, #1658, .F. ) ;
#932 = EDGE_CURVE ( 'NONE', #2417, #2173, #2746, .T. ) ;
#933 = SHAPE_DEFINITION_REPRESENTATION ( #23, #808 ) ;
#934 = ORIENTED_EDGE ( 'NONE', *, *, #2624, .F. ) ;
#935 = CARTESIAN_POINT ( 'NONE',  ( 0.7250000000000034195, 0.2500000000000002220, -3.040000000000000924 ) ) ;
#936 = DIRECTION ( 'NONE',  ( -1.408054769461703803E-16, -0.0000000000000000000, 1.000000000000000000 ) ) ;
#937 = EDGE_CURVE ( 'NONE', #142, #2587, #1249, .T. ) ;
#938 = FACE_OUTER_BOUND ( 'NONE', #2635, .T. ) ;
#939 = ORIENTED_EDGE ( 'NONE', *, *, #1802, .T. ) ;
#940 = DIRECTION ( 'NONE',  ( 0.0000000000000000000, 0.0000000000000000000, 1.000000000000000000 ) ) ;
#941 = EDGE_CURVE ( 'NONE', #1291, #1365, #2988, .T. ) ;
#942 = ORIENTED_EDGE ( 'NONE', *, *, #2621, .T. ) ;
#943 = SURFACE_STYLE_FILL_AREA ( #163 ) ;
#944 = AXIS2_PLACEMENT_3D ( 'NONE', #1304, #2289, #974 ) ;
#945 = DIRECTION ( 'NONE',  ( 0.0000000000000000000, 1.000000000000000000, 0.0000000000000000000 ) ) ;
#946 = LINE ( 'NONE', #150, #2014 ) ;
#947 = ORIENTED_EDGE ( 'NONE', *, *, #981, .F. ) ;
#948 = LINE ( 'NONE', #1940, #2161 ) ;
#949 = CARTESIAN_POINT ( 'NONE',  ( -1.539999999999999591, 0.0000000000000000000, 1.539999999999999591 ) ) ;
#950 = ORIENTED_EDGE ( 'NONE', *, *, #3113, .F. ) ;
#951 = DIRECTION ( 'NONE',  ( 1.000000000000000000, 0.0000000000000000000, -0.0000000000000000000 ) ) ;
#952 = CARTESIAN_POINT ( 'NONE',  ( 0.1250000000000001110, 0.1250000000000001110, 2.399999999999992362 ) ) ;
#953 = DIRECTION ( 'NONE',  ( 1.000000000000000000, -0.0000000000000000000, -0.0000000000000000000 ) ) ;
#954 = ORIENTED_EDGE ( 'NONE', *, *, #1387, .F. ) ;
#955 = FACE_OUTER_BOUND ( 'NONE', #2440, .T. ) ;
#956 = VECTOR ( 'NONE', #1501, 1000.000000000000000 ) ;
#957 = ORIENTED_EDGE ( 'NONE', *, *, #2956, .T. ) ;
#958 = LINE ( 'NONE', #1806, #581 ) ;
#959 = CARTESIAN_POINT ( 'NONE',  ( 2.967026893457215486, 0.0000000000000000000, -2.118442542642644089 ) ) ;
#960 = VERTEX_POINT ( 'NONE', #1522 ) ;
#961 = CARTESIAN_POINT ( 'NONE',  ( -3.500000000000003109, 0.0000000000000000000, -3.499999999999999556 ) ) ;
#962 = CIRCLE ( 'NONE', #2629, 0.9999999999999997780 ) ;
#963 = LINE ( 'NONE', #434, #971 ) ;
#964 = EDGE_LOOP ( 'NONE', ( #2264, #1417, #2443, #2247, #1239, #869 ) ) ;
#965 = CARTESIAN_POINT ( 'NONE',  ( -1.125000000000000888, 0.1250000000000001110, 2.399999999999999467 ) ) ;
#966 = CARTESIAN_POINT ( 'NONE',  ( 0.1250000000000001110, 0.1250000000000001110, -2.399999999999992362 ) ) ;
#967 = CIRCLE ( 'NONE', #138, 1.499999999999999556 ) ;
#968 = AXIS2_PLACEMENT_3D ( 'NONE', #766, #995, #1503 ) ;
#969 = ORIENTED_EDGE ( 'NONE', *, *, #1558, .T. ) ;
#970 = FACE_OUTER_BOUND ( 'NONE', #2141, .T. ) ;
#971 = VECTOR ( 'NONE', #2153, 1000.000000000000000 ) ;
#972 = EDGE_CURVE ( 'NONE', #994, #785, #2513, .T. ) ;
#973 = ORIENTED_EDGE ( 'NONE', *, *, #597, .F. ) ;
#974 = DIRECTION ( 'NONE',  ( 0.7071067811865462405, 0.0000000000000000000, 0.7071067811865489050 ) ) ;
#975 = EDGE_CURVE ( 'NONE', #1453, #1703, #1751, .T. ) ;
#976 = CARTESIAN_POINT ( 'NONE',  ( 3.166867494569229446, 0.5500000000000001554, 2.349028309388757396 ) ) ;
#977 = DIRECTION ( 'NONE',  ( -0.0000000000000000000, -0.0000000000000000000, -1.000000000000000000 ) ) ;
#978 = DIRECTION ( 'NONE',  ( 1.000000000000000000, 0.0000000000000000000, 0.0000000000000000000 ) ) ;
#979 = LINE ( 'NONE', #2007, #795 ) ;
#980 = EDGE_CURVE ( 'NONE', #654, #678, #2356, .T. ) ;
#981 = EDGE_CURVE ( 'NONE', #1645, #2178, #288, .T. ) ;
#982 = CARTESIAN_POINT ( 'NONE',  ( 0.4699999999999981970, 0.1250000000000001110, -2.784999999999999254 ) ) ;
#983 = VERTEX_POINT ( 'NONE', #3034 ) ;
#984 = CARTESIAN_POINT ( 'NONE',  ( 1.539999999282966048, 0.0000000000000000000, 3.040000000000000924 ) ) ;
#985 = CARTESIAN_POINT ( 'NONE',  ( -0.5700000000000010614, 0.0000000000000000000, -0.4643543905251679149 ) ) ;
#986 = VERTEX_POINT ( 'NONE', #2794 ) ;
#987 = LINE ( 'NONE', #2961, #2938 ) ;
#988 = ORIENTED_EDGE ( 'NONE', *, *, #2962, .T. ) ;
#989 = VECTOR ( 'NONE', #1821, 1000.000000000000000 ) ;
#990 = CARTESIAN_POINT ( 'NONE',  ( 3.249999999999996003, 0.5500000000000001554, 1.465918309119740304 ) ) ;
#991 = FACE_OUTER_BOUND ( 'NONE', #2650, .T. ) ;
#992 = CARTESIAN_POINT ( 'NONE',  ( -1.465918309119740304, 0.8000000000000003775, 3.249999999999999556 ) ) ;
#993 = DIRECTION ( 'NONE',  ( 1.000000000000000000, 0.0000000000000000000, 0.0000000000000000000 ) ) ;
#994 = VERTEX_POINT ( 'NONE', #1538 ) ;
#995 = DIRECTION ( 'NONE',  ( 0.0000000000000000000, 1.000000000000000000, -0.0000000000000000000 ) ) ;
#996 = ORIENTED_EDGE ( 'NONE', *, *, #1889, .T. ) ;
#997 = CARTESIAN_POINT ( 'NONE',  ( -3.500000000000003109, 0.8000000000000003775, -3.499999999999999556 ) ) ;
#998 = DIRECTION ( 'NONE',  ( 0.0000000000000000000, 0.0000000000000000000, 1.000000000000000000 ) ) ;
#999 =( LENGTH_UNIT ( ) NAMED_UNIT ( * ) SI_UNIT ( .MILLI., .METRE. ) );
#1000 = AXIS2_PLACEMENT_3D ( 'NONE', #2380, #396, #2148 ) ;
#1001 = ORIENTED_EDGE ( 'NONE', *, *, #834, .T. ) ;
#1002 = CARTESIAN_POINT ( 'NONE',  ( -3.040000000000000924, 0.2500000000000002220, 0.7598553693929748221 ) ) ;
#1003 = VERTEX_POINT ( 'NONE', #1283 ) ;
#1004 = CARTESIAN_POINT ( 'NONE',  ( 2.837024905209296843, 0.5499999999999983791, -2.837024905209293291 ) ) ;
#1005 = EDGE_LOOP ( 'NONE', ( #3051, #526, #394, #1596, #3126, #210, #1146, #2287, #2812, #807, #600, #642, #532, #1397, #712, #2914 ) ) ;
#1006 = CARTESIAN_POINT ( 'NONE',  ( -1.125000000000000888, 0.1250000000000001110, 2.399999999999999467 ) ) ;
#1007 = DIRECTION ( 'NONE',  ( -0.0000000000000000000, -1.000000000000000000, -0.0000000000000000000 ) ) ;
#1008 = ORIENTED_EDGE ( 'NONE', *, *, #570, .F. ) ;
#1009 = VECTOR ( 'NONE', #1906, 1000.000000000000000 ) ;
#1010 = VERTEX_POINT ( 'NONE', #739 ) ;
#1011 = EDGE_CURVE ( 'NONE', #2403, #2173, #1492, .T. ) ;
#1012 = CARTESIAN_POINT ( 'NONE',  ( 3.500000000000003109, 0.8000000000000003775, -3.499999999999999556 ) ) ;
#1013 = DIRECTION ( 'NONE',  ( -0.7071067811865463515, -0.0000000000000000000, -0.7071067811865487940 ) ) ;
#1014 = ORIENTED_EDGE ( 'NONE', *, *, #414, .T. ) ;
#1015 = CARTESIAN_POINT ( 'NONE',  ( -3.040000000000000924, 0.2500000000000002220, 1.729308550175147285 ) ) ;
#1016 = VECTOR ( 'NONE', #2970, 1000.000000000000000 ) ;
#1017 = VECTOR ( 'NONE', #2252, 1000.000000000000000 ) ;
#1018 = AXIS2_PLACEMENT_3D ( 'NONE', #2074, #366, #1361 ) ;
#1019 = EDGE_LOOP ( 'NONE', ( #954, #2170, #1281, #2642 ) ) ;
#1020 = CARTESIAN_POINT ( 'NONE',  ( 3.039999999999994262, 0.0000000000000000000, 3.469446951953614189E-15 ) ) ;
#1021 = CARTESIAN_POINT ( 'NONE',  ( -0.4699999999999981970, 0.1250000000000001110, -2.784999999999999254 ) ) ;
#1022 = PLANE ( 'NONE',  #3101 ) ;
#1023 = DIRECTION ( 'NONE',  ( 0.0000000000000000000, 0.0000000000000000000, 1.000000000000000000 ) ) ;
#1024 = EDGE_LOOP ( 'NONE', ( #2083, #698, #2368, #553, #2600, #1393, #1617, #2223, #2763, #2727, #923, #1414 ) ) ;
#1025 = ORIENTED_EDGE ( 'NONE', *, *, #834, .F. ) ;
#1026 = CARTESIAN_POINT ( 'NONE',  ( -0.7850000000000010303, 0.0000000000000000000, 3.099999999999998757 ) ) ;
#1027 = CARTESIAN_POINT ( 'NONE',  ( -0.7850000000000010303, 0.1250000000000001110, -3.100000000000000533 ) ) ;
#1028 = EDGE_CURVE ( 'NONE', #1346, #2075, #59, .T. ) ;
#1029 = UNCERTAINTY_MEASURE_WITH_UNIT (LENGTH_MEASURE( 1.000000000000000082E-05 ), #1966, 'distance_accuracy_value', 'NONE');
#1030 = ORIENTED_EDGE ( 'NONE', *, *, #902, .F. ) ;
#1031 = CARTESIAN_POINT ( 'NONE',  ( -3.040000000000000924, 0.2500000000000002220, 1.276292343890875980 ) ) ;
#1032 = DIRECTION ( 'NONE',  ( 0.0000000000000000000, 0.0000000000000000000, -1.000000000000000000 ) ) ;
#1033 = ADVANCED_FACE ( 'NONE', ( #2013 ), #2268, .F. ) ;
#1034 = VERTEX_POINT ( 'NONE', #2028 ) ;
#1035 = ADVANCED_FACE ( 'NONE', ( #1996 ), #272, .F. ) ;
#1036 = LINE ( 'NONE', #1566, #1544 ) ;
#1037 = CARTESIAN_POINT ( 'NONE',  ( 2.700000000000001066, 0.5999999999999998668, -3.499999999999999556 ) ) ;
#1038 = CARTESIAN_POINT ( 'NONE',  ( -2.837024905209296843, 0.8000000000000020428, 2.837024905209296843 ) ) ;
#1039 = PLANE ( 'NONE',  #2201 ) ;
#1040 = ORIENTED_EDGE ( 'NONE', *, *, #3008, .T. ) ;
#1041 = CARTESIAN_POINT ( 'NONE',  ( 1.125000000000007994, 0.1250000000000001110, -3.400000000000000355 ) ) ;
#1042 = EDGE_LOOP ( 'NONE', ( #1799, #2196, #1633, #2357 ) ) ;
#1043 = CARTESIAN_POINT ( 'NONE',  ( 0.4699999999999981970, 0.1250000000000001110, -2.784999999999999254 ) ) ;
#1044 = DIRECTION ( 'NONE',  ( -0.0000000000000000000, -1.000000000000000000, -0.0000000000000000000 ) ) ;
#1045 = ADVANCED_FACE ( 'NONE', ( #2778 ), #547, .T. ) ;
#1046 = ORIENTED_EDGE ( 'NONE', *, *, #133, .T. ) ;
#1047 = DIRECTION ( 'NONE',  ( -1.408054769461703803E-16, 0.0000000000000000000, -1.000000000000000000 ) ) ;
#1048 = DIRECTION ( 'NONE',  ( 0.0000000000000000000, 0.0000000000000000000, 1.000000000000000000 ) ) ;
#1049 = VECTOR ( 'NONE', #1171, 1000.000000000000000 ) ;
#1050 = ORIENTED_EDGE ( 'NONE', *, *, #1217, .T. ) ;
#1051 = VECTOR ( 'NONE', #977, 1000.000000000000000 ) ;
#1052 = VECTOR ( 'NONE', #1678, 1000.000000000000000 ) ;
#1053 = PLANE ( 'NONE',  #601 ) ;
#1054 = DIRECTION ( 'NONE',  ( 0.0000000000000000000, 1.000000000000000000, 0.0000000000000000000 ) ) ;
#1055 = CARTESIAN_POINT ( 'NONE',  ( -2.629748946929792552, 0.2500000000000002220, -2.629748946929789444 ) ) ;
#1056 = PRODUCT_DEFINITION_SHAPE ( 'NONE', 'NONE',  #2709 ) ;
#1057 = PLANE ( 'NONE',  #1018 ) ;
#1058 = ORIENTED_EDGE ( 'NONE', *, *, #1597, .T. ) ;
#1059 = CARTESIAN_POINT ( 'NONE',  ( 3.250000000000002665, 0.5500000000000001554, -1.953934515308846764 ) ) ;
#1060 = DIRECTION ( 'NONE',  ( -1.000000000000000000, -0.0000000000000000000, -0.0000000000000000000 ) ) ;
#1061 =( NAMED_UNIT ( * ) PLANE_ANGLE_UNIT ( ) SI_UNIT ( $, .RADIAN. ) );
#1062 = ORIENTED_EDGE ( 'NONE', *, *, #2281, .T. ) ;
#1063 = CARTESIAN_POINT ( 'NONE',  ( 0.7598553693929712693, 0.2500000000000002220, -3.040000000000002700 ) ) ;
#1064 = LINE ( 'NONE', #2191, #378 ) ;
#1065 = LINE ( 'NONE', #583, #3023 ) ;
#1066 = EDGE_LOOP ( 'NONE', ( #2792, #2743, #2392, #821 ) ) ;
#1067 = EDGE_CURVE ( 'NONE', #2103, #48, #613, .T. ) ;
#1068 = ADVANCED_FACE ( 'NONE', ( #851 ), #1348, .T. ) ;
#1069 = VECTOR ( 'NONE', #697, 1000.000000000000000 ) ;
#1070 = EDGE_CURVE ( 'NONE', #1401, #2797, #2364, .T. ) ;
#1071 = DIRECTION ( 'NONE',  ( -2.168404344971007685E-15, 0.0000000000000000000, 1.000000000000000000 ) ) ;
#1072 = LINE ( 'NONE', #2085, #490 ) ;
#1073 = CARTESIAN_POINT ( 'NONE',  ( -3.250000000000002665, 0.8000000000000003775, -1.953934515308848541 ) ) ;
#1074 = EDGE_CURVE ( 'NONE', #95, #2008, #3069, .T. ) ;
#1075 = CYLINDRICAL_SURFACE ( 'NONE', #1341, 0.3750000000000000555 ) ;
#1076 = VERTEX_POINT ( 'NONE', #77 ) ;
#1077 = CARTESIAN_POINT ( 'NONE',  ( -3.249999999999996003, 0.5499999999999983791, 0.0000000000000000000 ) ) ;
#1078 = CARTESIAN_POINT ( 'NONE',  ( 3.400000000000000355, 0.2500000000000002220, 3.400000000000000355 ) ) ;
#1079 = EDGE_CURVE ( 'NONE', #3040, #2583, #93, .T. ) ;
#1080 = EDGE_CURVE ( 'NONE', #2565, #2200, #2336, .T. ) ;
#1081 =( LENGTH_UNIT ( ) NAMED_UNIT ( * ) SI_UNIT ( .MILLI., .METRE. ) );
#1082 = ORIENTED_EDGE ( 'NONE', *, *, #1459, .F. ) ;
#1083 = CARTESIAN_POINT ( 'NONE',  ( -0.5700000000000010614, 6.992588523705121517, 0.4643543905251679149 ) ) ;
#1084 = DIRECTION ( 'NONE',  ( -0.0000000000000000000, -1.000000000000000000, -0.0000000000000000000 ) ) ;
#1085 = CARTESIAN_POINT ( 'NONE',  ( -1.750000000000716316, 0.8000000000000003775, -3.249999999999999556 ) ) ;
#1086 = ORIENTED_EDGE ( 'NONE', *, *, #1288, .T. ) ;
#1087 = AXIS2_PLACEMENT_3D ( 'NONE', #2531, #306, #1301 ) ;
#1088 = LINE ( 'NONE', #2651, #2375 ) ;
#1089 = DIRECTION ( 'NONE',  ( -0.0000000000000000000, -1.000000000000000000, -0.0000000000000000000 ) ) ;
#1090 = CARTESIAN_POINT ( 'NONE',  ( 3.040000000000000924, 0.2500000000000002220, -1.729308550175147285 ) ) ;
#1091 = FACE_OUTER_BOUND ( 'NONE', #708, .T. ) ;
#1092 = ORIENTED_EDGE ( 'NONE', *, *, #1288, .F. ) ;
#1093 = CARTESIAN_POINT ( 'NONE',  ( -1.276292343890879311, 0.0000000000000000000, -3.039999999999999147 ) ) ;
#1094 = CARTESIAN_POINT ( 'NONE',  ( 1.749999999999987566, 0.8000000000000003775, -3.249999999999999556 ) ) ;
#1095 = ORIENTED_EDGE ( 'NONE', *, *, #2472, .T. ) ;
#1096 = PRESENTATION_LAYER_ASSIGNMENT (  '', '', ( #531 ) ) ;
#1097 = CARTESIAN_POINT ( 'NONE',  ( 3.249999999999996003, 0.8000000000000003775, -1.465918309119742080 ) ) ;
#1098 = CARTESIAN_POINT ( 'NONE',  ( -0.5489473684210516291, 6.992588523705121517, 0.3665955714672389232 ) ) ;
#1099 = LINE ( 'NONE', #2114, #2299 ) ;
#1100 = VERTEX_POINT ( 'NONE', #1847 ) ;
#1101 = CARTESIAN_POINT ( 'NONE',  ( 0.1250000000000001110, 0.1250000000000001110, 2.399999999999992362 ) ) ;
#1102 = CARTESIAN_POINT ( 'NONE',  ( 0.3566250896604172826, 0.2500000000000002220, 3.039999997781747787 ) ) ;
#1103 = CARTESIAN_POINT ( 'NONE',  ( 3.040000000000000924, 0.2500000000000002220, 0.7598553693929748221 ) ) ;
#1104 =( GEOMETRIC_REPRESENTATION_CONTEXT ( 3 ) GLOBAL_UNCERTAINTY_ASSIGNED_CONTEXT ( ( #3128 ) ) GLOBAL_UNIT_ASSIGNED_CONTEXT ( ( #999, #2486, #241 ) ) REPRESENTATION_CONTEXT ( 'NONE', 'WORKASPACE' ) );
#1105 = FACE_BOUND ( 'NONE', #2464, .T. ) ;
#1106 = ORIENTED_EDGE ( 'NONE', *, *, #2001, .T. ) ;
#1107 = CARTESIAN_POINT ( 'NONE',  ( -3.250000000000002665, 0.5500000000000001554, -1.953934515308848541 ) ) ;
#1108 = CARTESIAN_POINT ( 'NONE',  ( -1.750000000000001554, 0.5500000000000001554, 1.749999999999998002 ) ) ;
#1109 = VECTOR ( 'NONE', #1245, 1000.000000000000000 ) ;
#1110 = DIRECTION ( 'NONE',  ( 0.0000000000000000000, -1.000000000000000000, 0.0000000000000000000 ) ) ;
#1111 = EDGE_CURVE ( 'NONE', #1746, #528, #593, .T. ) ;
#1112 = ORIENTED_EDGE ( 'NONE', *, *, #133, .F. ) ;
#1113 = EDGE_CURVE ( 'NONE', #2759, #756, #2841, .T. ) ;
#1114 = CARTESIAN_POINT ( 'NONE',  ( 3.249999999999996003, 0.8000000000000003775, 0.0000000000000000000 ) ) ;
#1115 = CARTESIAN_POINT ( 'NONE',  ( -0.5700000000000010614, 6.992588523705121517, -0.4643543905251679149 ) ) ;
#1116 = ORIENTED_EDGE ( 'NONE', *, *, #1391, .T. ) ;
#1117 = CARTESIAN_POINT ( 'NONE',  ( 0.3566250915080573791, 0.2500000000000002220, -3.039999999999999147 ) ) ;
#1118 = ORIENTED_EDGE ( 'NONE', *, *, #1627, .T. ) ;
#1119 = VECTOR ( 'NONE', #1336, 1000.000000000000000 ) ;
#1120 = DIRECTION ( 'NONE',  ( 0.7071067811865473507, -0.0000000000000000000, -0.7071067811865477948 ) ) ;
#1121 = CARTESIAN_POINT ( 'NONE',  ( -0.4699999999999981970, 0.0000000000000000000, 0.4643543905251679149 ) ) ;
#1122 = VECTOR ( 'NONE', #2745, 1000.000000000000000 ) ;
#1123 = VECTOR ( 'NONE', #239, 1000.000000000000000 ) ;
#1124 = DIRECTION ( 'NONE',  ( 1.857305648797438343E-16, -0.0000000000000000000, 1.000000000000000000 ) ) ;
#1125 = VERTEX_POINT ( 'NONE', #1377 ) ;
#1126 = CARTESIAN_POINT ( 'NONE',  ( 1.465918309119740304, 0.5500000000000001554, -3.249999999999999556 ) ) ;
#1127 = EDGE_CURVE ( 'NONE', #1914, #2986, #2599, .T. ) ;
#1128 = DIRECTION ( 'NONE',  ( -0.0000000000000000000, 1.000000000000000000, -0.0000000000000000000 ) ) ;
#1129 = VECTOR ( 'NONE', #1635, 1000.000000000000000 ) ;
#1130 = EDGE_CURVE ( 'NONE', #817, #1742, #2298, .T. ) ;
#1131 =( LENGTH_UNIT ( ) NAMED_UNIT ( * ) SI_UNIT ( .MILLI., .METRE. ) );
#1132 = ORIENTED_EDGE ( 'NONE', *, *, #204, .F. ) ;
#1133 = CARTESIAN_POINT ( 'NONE',  ( 3.249999999999996003, 0.7999999999999986011, -0.8868275159912633043 ) ) ;
#1134 = LINE ( 'NONE', #1098, #3075 ) ;
#1135 = EDGE_CURVE ( 'NONE', #762, #1690, #2907, .T. ) ;
#1136 = DIRECTION ( 'NONE',  ( 1.000000000000000000, 0.0000000000000000000, 0.0000000000000000000 ) ) ;
#1137 = ORIENTED_EDGE ( 'NONE', *, *, #72, .F. ) ;
#1138 =( NAMED_UNIT ( * ) SI_UNIT ( $, .STERADIAN. ) SOLID_ANGLE_UNIT ( ) );
#1139 = CARTESIAN_POINT ( 'NONE',  ( -0.4699999999999981970, 0.1250000000000001110, 0.0000000000000000000 ) ) ;
#1140 = EDGE_CURVE ( 'NONE', #719, #835, #1619, .T. ) ;
#1141 = LINE ( 'NONE', #653, #609 ) ;
#1142 = VERTEX_POINT ( 'NONE', #2350 ) ;
#1143 = CARTESIAN_POINT ( 'NONE',  ( 1.125000000000000888, 0.1250000000000001110, 2.399999999999999467 ) ) ;
#1144 = LINE ( 'NONE', #1198, #2214 ) ;
#1145 = CONTEXT_DEPENDENT_SHAPE_REPRESENTATION ( #2544, #2751 ) ;
#1146 = ORIENTED_EDGE ( 'NONE', *, *, #2804, .F. ) ;
#1147 = LINE ( 'NONE', #2142, #240 ) ;
#1148 = CARTESIAN_POINT ( 'NONE',  ( 3.119999999999997886, 0.0000000000000000000, -3.100000000000000533 ) ) ;
#1149 = PLANE ( 'NONE',  #1211 ) ;
#1150 = VECTOR ( 'NONE', #1577, 1000.000000000000000 ) ;
#1151 = ORIENTED_EDGE ( 'NONE', *, *, #473, .F. ) ;
#1152 = LINE ( 'NONE', #1873, #231 ) ;
#1153 = DIRECTION ( 'NONE',  ( -1.000000000000000000, 0.0000000000000000000, 6.377659838150026227E-17 ) ) ;
#1154 = VECTOR ( 'NONE', #856, 1000.000000000000000 ) ;
#1155 = CARTESIAN_POINT ( 'NONE',  ( -3.250000000000002665, 0.5500000000000001554, 1.953934515308848541 ) ) ;
#1156 = VERTEX_POINT ( 'NONE', #339 ) ;
#1157 = DIRECTION ( 'NONE',  ( -1.000000000000000000, 0.0000000000000000000, 0.0000000000000000000 ) ) ;
#1158 = CARTESIAN_POINT ( 'NONE',  ( 3.119999999999997886, 0.0000000000000000000, -3.100000000000000533 ) ) ;
#1159 = AXIS2_PLACEMENT_3D ( 'NONE', #1485, #3, #3012 ) ;
#1160 = ORIENTED_EDGE ( 'NONE', *, *, #882, .T. ) ;
#1161 = VECTOR ( 'NONE', #2133, 1000.000000000000000 ) ;
#1162 = SURFACE_SIDE_STYLE ('',( #2414 ) ) ;
#1163 = DIRECTION ( 'NONE',  ( 0.7071067811865454633, 0.0000000000000000000, -0.7071067811865495711 ) ) ;
#1164 = SHAPE_REPRESENTATION ( 'J7070 CathodeAnode pads', ( #226 ), #73 ) ;
#1165 = DIRECTION ( 'NONE',  ( 0.0000000000000000000, 1.000000000000000000, -0.0000000000000000000 ) ) ;
#1166 = ORIENTED_EDGE ( 'NONE', *, *, #1127, .T. ) ;
#1167 = CARTESIAN_POINT ( 'NONE',  ( -0.5700000000000010614, 0.1250000000000001110, 0.4643543905251679149 ) ) ;
#1168 = AXIS2_PLACEMENT_3D ( 'NONE', #2275, #1657, #1071 ) ;
#1169 = VERTEX_POINT ( 'NONE', #121 ) ;
#1170 = LINE ( 'NONE', #3039, #2658 ) ;
#1171 = DIRECTION ( 'NONE',  ( -0.0000000000000000000, 1.000000000000000000, -0.0000000000000000000 ) ) ;
#1172 = EDGE_CURVE ( 'NONE', #457, #1034, #256, .T. ) ;
#1173 = EDGE_CURVE ( 'NONE', #1611, #2736, #867, .T. ) ;
#1174 = PRODUCT_DEFINITION ( 'UNKNOWN', '', #2194, #2640 ) ;
#1175 = UNCERTAINTY_MEASURE_WITH_UNIT (LENGTH_MEASURE( 1.000000000000000082E-05 ), #12, 'distance_accuracy_value', 'NONE');
#1176 = CARTESIAN_POINT ( 'NONE',  ( 1.749999999999987566, 0.5500000000000001554, 3.249999999999999556 ) ) ;
#1177 = VECTOR ( 'NONE', #1770, 1000.000000000000000 ) ;
#1178 = VERTEX_POINT ( 'NONE', #1866 ) ;
#1179 = LINE ( 'NONE', #2197, #350 ) ;
#1180 = DIRECTION ( 'NONE',  ( 0.0000000000000000000, 1.000000000000000000, -0.0000000000000000000 ) ) ;
#1181 = ORIENTED_EDGE ( 'NONE', *, *, #784, .F. ) ;
#1182 = EDGE_CURVE ( 'NONE', #2175, #2016, #1333, .T. ) ;
#1183 = AXIS2_PLACEMENT_3D ( 'NONE', #2195, #431, #446 ) ;
#1184 = EDGE_LOOP ( 'NONE', ( #2983, #3179, #2995, #2060 ) ) ;
#1185 =( NAMED_UNIT ( * ) PLANE_ANGLE_UNIT ( ) SI_UNIT ( $, .RADIAN. ) );
#1186 = CARTESIAN_POINT ( 'NONE',  ( -0.5489473684210516291, 0.1250000000000001110, -0.3665955714672389232 ) ) ;
#1187 = EDGE_CURVE ( 'NONE', #447, #1923, #2612, .T. ) ;
#1188 = EDGE_CURVE ( 'NONE', #986, #113, #2809, .T. ) ;
#1189 = DIRECTION ( 'NONE',  ( 0.0000000000000000000, -0.0000000000000000000, 1.000000000000000000 ) ) ;
#1190 = ORIENTED_EDGE ( 'NONE', *, *, #2637, .T. ) ;
#1191 = DIRECTION ( 'NONE',  ( 0.0000000000000000000, 0.0000000000000000000, -1.000000000000000000 ) ) ;
#1192 = ORIENTED_EDGE ( 'NONE', *, *, #1415, .T. ) ;
#1193 = CARTESIAN_POINT ( 'NONE',  ( -0.5489473684210516291, 6.992588523705121517, -0.3665955714672389232 ) ) ;
#1194 = DIRECTION ( 'NONE',  ( 1.000000000000000000, 0.0000000000000000000, -1.857305648797438343E-16 ) ) ;
#1195 = CARTESIAN_POINT ( 'NONE',  ( -3.040000000000000924, 0.0000000000000000000, 0.7598553693929748221 ) ) ;
#1196 = EDGE_LOOP ( 'NONE', ( #1883, #767, #1510, #372, #942 ) ) ;
#1197 = CARTESIAN_POINT ( 'NONE',  ( 3.166867494569229446, 0.5500000000000001554, 2.349028309388757396 ) ) ;
#1198 = CARTESIAN_POINT ( 'NONE',  ( -3.499999999999996003, 0.0000000000000000000, 3.499999999999999556 ) ) ;
#1199 = ITEM_DEFINED_TRANSFORMATION ( 'NONE', 'NONE', #3192,  #226 ) ;
#1200 = ORIENTED_EDGE ( 'NONE', *, *, #158, .T. ) ;
#1201 = PLANE ( 'NONE',  #1443 ) ;
#1202 = DIRECTION ( 'NONE',  ( -1.239088197126298213E-16, 0.0000000000000000000, -1.000000000000000000 ) ) ;
#1203 = ORIENTED_EDGE ( 'NONE', *, *, #1758, .T. ) ;
#1204 = CARTESIAN_POINT ( 'NONE',  ( -3.400000000000000355, 0.2500000000000002220, -3.400000000000000355 ) ) ;
#1205 = ORIENTED_EDGE ( 'NONE', *, *, #1612, .F. ) ;
#1206 = CARTESIAN_POINT ( 'NONE',  ( -3.119999999999997886, 6.992588523705121517, -3.100000000000000533 ) ) ;
#1207 = CARTESIAN_POINT ( 'NONE',  ( -3.400000000000000355, 0.2500000000000002220, 3.400000000000000355 ) ) ;
#1208 = VERTEX_POINT ( 'NONE', #2871 ) ;
#1209 = CARTESIAN_POINT ( 'NONE',  ( 3.500000000000003109, 0.5999999999999998668, -3.499999999999999556 ) ) ;
#1210 = DIRECTION ( 'NONE',  ( 1.000000000000000000, 0.0000000000000000000, 0.0000000000000000000 ) ) ;
#1211 = AXIS2_PLACEMENT_3D ( 'NONE', #2416, #2172, #2699 ) ;
#1212 = EDGE_LOOP ( 'NONE', ( #159, #594, #286, #1362, #422, #497, #57, #2539, #2869, #1, #1677, #927 ) ) ;
#1213 = VECTOR ( 'NONE', #2458, 1000.000000000000000 ) ;
#1214 = LINE ( 'NONE', #2202, #1489 ) ;
#1215 = LINE ( 'NONE', #966, #863 ) ;
#1216 = APPLICATION_CONTEXT ( 'automotive_design' ) ;
#1217 = EDGE_CURVE ( 'NONE', #2388, #2452, #641, .T. ) ;
#1218 = DIRECTION ( 'NONE',  ( -0.7071067811865473507, 0.0000000000000000000, 0.7071067811865477948 ) ) ;
#1219 = EDGE_CURVE ( 'NONE', #2242, #1742, #868, .T. ) ;
#1220 = ORIENTED_EDGE ( 'NONE', *, *, #71, .T. ) ;
#1221 = LINE ( 'NONE', #211, #2837 ) ;
#1222 = ORIENTED_EDGE ( 'NONE', *, *, #2088, .T. ) ;
#1223 = DIRECTION ( 'NONE',  ( -1.000000000000000000, 0.0000000000000000000, 1.324216393875425342E-16 ) ) ;
#1224 = EDGE_CURVE ( 'NONE', #48, #1142, #2412, .T. ) ;
#1225 = EDGE_CURVE ( 'NONE', #2872, #2258, #963, .T. ) ;
#1226 = CARTESIAN_POINT ( 'NONE',  ( 2.967026893457222592, 0.0000000000000000000, 2.118442542642644089 ) ) ;
#1227 = CARTESIAN_POINT ( 'NONE',  ( -0.4699999999999981970, 0.1250000000000001110, 2.784999999999999254 ) ) ;
#1228 = CARTESIAN_POINT ( 'NONE',  ( 1.749999999227567438, 0.8000000000000003775, 3.249999999999999556 ) ) ;
#1229 = VECTOR ( 'NONE', #2433, 1000.000000000000000 ) ;
#1230 = DIRECTION ( 'NONE',  ( 0.0000000000000000000, 1.000000000000000000, 0.0000000000000000000 ) ) ;
#1231 = LINE ( 'NONE', #2496, #2740 ) ;
#1232 = ORIENTED_EDGE ( 'NONE', *, *, #2666, .T. ) ;
#1233 = DIRECTION ( 'NONE',  ( -0.0000000000000000000, -1.000000000000000000, -0.0000000000000000000 ) ) ;
#1234 = LINE ( 'NONE', #1946, #165 ) ;
#1235 = AXIS2_PLACEMENT_3D ( 'NONE', #2791, #2330, #1616 ) ;
#1236 =( NAMED_UNIT ( * ) SI_UNIT ( $, .STERADIAN. ) SOLID_ANGLE_UNIT ( ) );
#1237 = ORIENTED_EDGE ( 'NONE', *, *, #2365, .F. ) ;
#1238 = CARTESIAN_POINT ( 'NONE',  ( 0.7850000000000010303, 0.1250000000000001110, -3.100000000000000533 ) ) ;
#1239 = ORIENTED_EDGE ( 'NONE', *, *, #2579, .T. ) ;
#1240 = LINE ( 'NONE', #2979, #2944 ) ;
#1241 = FACE_OUTER_BOUND ( 'NONE', #1435, .T. ) ;
#1242 = CARTESIAN_POINT ( 'NONE',  ( -0.4699999999999981970, 6.992588523705121517, -2.784999999999999254 ) ) ;
#1243 = DIRECTION ( 'NONE',  ( -1.000000000000000000, 0.0000000000000000000, 0.0000000000000000000 ) ) ;
#1244 = VERTEX_POINT ( 'NONE', #2677 ) ;
#1245 = DIRECTION ( 'NONE',  ( 0.7071067811865474617, 0.0000000000000000000, 0.7071067811865476838 ) ) ;
#1246 = VECTOR ( 'NONE', #2092, 1000.000000000000000 ) ;
#1247 = VERTEX_POINT ( 'NONE', #3167 ) ;
#1248 = CARTESIAN_POINT ( 'NONE',  ( 1.539999999999985825, 0.2500000000000002220, -3.040000000000000924 ) ) ;
#1249 = LINE ( 'NONE', #517, #2376 ) ;
#1250 = ORIENTED_EDGE ( 'NONE', *, *, #2323, .F. ) ;
#1251 = CARTESIAN_POINT ( 'NONE',  ( -3.250000000000002665, 0.8000000000000003775, 1.465918309119740304 ) ) ;
#1252 = ORIENTED_EDGE ( 'NONE', *, *, #3048, .T. ) ;
#1253 = ADVANCED_FACE ( 'NONE', ( #1684 ), #466, .F. ) ;
#1254 = MECHANICAL_DESIGN_GEOMETRIC_PRESENTATION_REPRESENTATION (  '', ( #1891 ), #3182 ) ;
#1255 = AXIS2_PLACEMENT_3D ( 'NONE', #1115, #1084, #3106 ) ;
#1256 = CARTESIAN_POINT ( 'NONE',  ( -3.250000000000002665, 0.5500000000000001554, -1.465918309119742080 ) ) ;
#1257 = CARTESIAN_POINT ( 'NONE',  ( 3.400000000000000355, 0.1250000000000001110, -3.400000000000000355 ) ) ;
#1258 = CARTESIAN_POINT ( 'NONE',  ( 0.0000000000000000000, 0.2500000000000002220, 3.039999999999994262 ) ) ;
#1259 = LINE ( 'NONE', #1276, #3036 ) ;
#1260 = EDGE_LOOP ( 'NONE', ( #1092, #2702, #2528, #2700, #56, #1423, #2489 ) ) ;
#1261 = DIRECTION ( 'NONE',  ( -0.0000000000000000000, 1.000000000000000000, -0.0000000000000000000 ) ) ;
#1262 = ORIENTED_EDGE ( 'NONE', *, *, #214, .T. ) ;
#1263 = CARTESIAN_POINT ( 'NONE',  ( 0.1250000000000001110, 0.2500000000000002220, -2.399999999999992362 ) ) ;
#1264 = CARTESIAN_POINT ( 'NONE',  ( -3.119999999999997886, 0.1250000000000001110, -3.100000000000000533 ) ) ;
#1265 = FILL_AREA_STYLE ('',( #1523 ) ) ;
#1266 = AXIS2_PLACEMENT_3D ( 'NONE', #157, #2909, #1706 ) ;
#1267 = ORIENTED_EDGE ( 'NONE', *, *, #1710, .T. ) ;
#1268 = CARTESIAN_POINT ( 'NONE',  ( -0.7598553693929712693, 0.2500000000000002220, 3.040000000000008029 ) ) ;
#1269 =( GEOMETRIC_REPRESENTATION_CONTEXT ( 3 ) GLOBAL_UNCERTAINTY_ASSIGNED_CONTEXT ( ( #1892 ) ) GLOBAL_UNIT_ASSIGNED_CONTEXT ( ( #1081, #1061, #79 ) ) REPRESENTATION_CONTEXT ( 'NONE', 'WORKASPACE' ) );
#1270 = ORIENTED_EDGE ( 'NONE', *, *, #2430, .F. ) ;
#1271 = PRODUCT ( 'J7070K Base', 'J7070K Base', '', ( #1926 ) ) ;
#1272 = CARTESIAN_POINT ( 'NONE',  ( 2.837024905209296843, 0.5500000000000001554, 2.837024905209300396 ) ) ;
#1273 = ORIENTED_EDGE ( 'NONE', *, *, #2525, .F. ) ;
#1274 = EDGE_CURVE ( 'NONE', #1742, #2388, #2919, .T. ) ;
#1275 = CARTESIAN_POINT ( 'NONE',  ( -0.8868275159912633043, 0.8000000000000003775, 3.249999999999999556 ) ) ;
#1276 = CARTESIAN_POINT ( 'NONE',  ( 1.539999999999985825, 0.2500000000000002220, -3.040000000000000924 ) ) ;
#1277 = ORIENTED_EDGE ( 'NONE', *, *, #2378, .T. ) ;
#1278 = EDGE_CURVE ( 'NONE', #2910, #206, #2445, .T. ) ;
#1279 = VECTOR ( 'NONE', #589, 1000.000000000000000 ) ;
#1280 = FACE_OUTER_BOUND ( 'NONE', #1756, .T. ) ;
#1281 = ORIENTED_EDGE ( 'NONE', *, *, #1471, .T. ) ;
#1282 = DIRECTION ( 'NONE',  ( -0.7071067811865463515, -0.0000000000000000000, -0.7071067811865487940 ) ) ;
#1283 = CARTESIAN_POINT ( 'NONE',  ( -1.539999999999985825, 0.2500000000000002220, -3.040000000000000924 ) ) ;
#1284 = EDGE_CURVE ( 'NONE', #469, #2145, #684, .T. ) ;
#1285 = DIRECTION ( 'NONE',  ( 0.0000000000000000000, 0.0000000000000000000, 1.000000000000000000 ) ) ;
#1286 = EDGE_LOOP ( 'NONE', ( #1112, #1137, #435, #2154, #671, #276 ) ) ;
#1287 = CARTESIAN_POINT ( 'NONE',  ( -1.729308550175147285, 0.2500000000000002220, 3.040000000000000924 ) ) ;
#1288 = EDGE_CURVE ( 'NONE', #178, #1963, #3108, .T. ) ;
#1289 = VECTOR ( 'NONE', #1406, 1000.000000000000000 ) ;
#1290 = VECTOR ( 'NONE', #1506, 1000.000000000000000 ) ;
#1291 = VERTEX_POINT ( 'NONE', #2397 ) ;
#1292 = AXIS2_PLACEMENT_3D ( 'NONE', #203, #1458, #2140 ) ;
#1293 = CARTESIAN_POINT ( 'NONE',  ( -0.7598553693929712693, 0.0000000000000000000, -3.040000000000004476 ) ) ;
#1294 = CARTESIAN_POINT ( 'NONE',  ( 1.125000000000000888, 0.1250000000000001110, -2.399999999999999467 ) ) ;
#1295 = DIRECTION ( 'NONE',  ( 0.0000000000000000000, 0.0000000000000000000, 1.000000000000000000 ) ) ;
#1296 = CARTESIAN_POINT ( 'NONE',  ( 0.7250000000000034195, 0.2500000000000002220, 3.040000000000000924 ) ) ;
#1297 = EDGE_LOOP ( 'NONE', ( #1385, #1607, #2692, #1305, #2989, #1603 ) ) ;
#1298 = DIRECTION ( 'NONE',  ( 0.0000000000000000000, 1.000000000000000000, 0.0000000000000000000 ) ) ;
#1299 = VERTEX_POINT ( 'NONE', #218 ) ;
#1300 = CARTESIAN_POINT ( 'NONE',  ( -3.119999999999997886, 0.0000000000000000000, -3.100000000000000533 ) ) ;
#1301 = DIRECTION ( 'NONE',  ( 0.0000000000000000000, 0.0000000000000000000, -1.000000000000000000 ) ) ;
#1302 = ORIENTED_EDGE ( 'NONE', *, *, #1413, .F. ) ;
#1303 = CARTESIAN_POINT ( 'NONE',  ( 1.276292343890879311, 0.2500000000000002220, 3.040000000000000924 ) ) ;
#1304 = CARTESIAN_POINT ( 'NONE',  ( 0.4699999999999981970, 6.992588523705121517, 2.784999999999999254 ) ) ;
#1305 = ORIENTED_EDGE ( 'NONE', *, *, #2435, .T. ) ;
#1306 = FACE_OUTER_BOUND ( 'NONE', #147, .T. ) ;
#1307 = LINE ( 'NONE', #348, #1631 ) ;
#1308 = CARTESIAN_POINT ( 'NONE',  ( -2.837024905209296843, 0.8000000000000020428, -2.837024905209305725 ) ) ;
#1309 = CARTESIAN_POINT ( 'NONE',  ( -0.4699999999999981970, 0.1250000000000001110, 2.784999999999999254 ) ) ;
#1310 = EDGE_LOOP ( 'NONE', ( #950, #3009, #1546, #1782 ) ) ;
#1311 = FACE_OUTER_BOUND ( 'NONE', #624, .T. ) ;
#1312 = DIRECTION ( 'NONE',  ( -1.000000000000000000, -0.0000000000000000000, -0.0000000000000000000 ) ) ;
#1313 = ORIENTED_EDGE ( 'NONE', *, *, #1897, .T. ) ;
#1314 = CARTESIAN_POINT ( 'NONE',  ( -1.465918309119740304, 0.8000000000000003775, -3.249999999999999556 ) ) ;
#1315 = DIRECTION ( 'NONE',  ( -0.0000000000000000000, -1.000000000000000000, -0.0000000000000000000 ) ) ;
#1316 = EDGE_CURVE ( 'NONE', #513, #1502, #1426, .T. ) ;
#1317 = EDGE_CURVE ( 'NONE', #3190, #719, #3132, .T. ) ;
#1318 = EDGE_CURVE ( 'NONE', #2888, #1125, #1442, .T. ) ;
#1319 = AXIS2_PLACEMENT_3D ( 'NONE', #1579, #2100, #2815 ) ;
#1320 = DIRECTION ( 'NONE',  ( 0.0000000000000000000, 1.000000000000000000, 0.0000000000000000000 ) ) ;
#1321 = ORIENTED_EDGE ( 'NONE', *, *, #3188, .F. ) ;
#1322 = VECTOR ( 'NONE', #3217, 1000.000000000000227 ) ;
#1323 = EDGE_CURVE ( 'NONE', #770, #2663, #1144, .T. ) ;
#1324 = AXIS2_PLACEMENT_3D ( 'NONE', #560, #3094, #1600 ) ;
#1325 = DIRECTION ( 'NONE',  ( -0.0000000000000000000, -1.000000000000000000, -0.0000000000000000000 ) ) ;
#1326 = CARTESIAN_POINT ( 'NONE',  ( -0.7850000000000010303, 6.992588523705121517, -3.100000000000000533 ) ) ;
#1327 = FACE_OUTER_BOUND ( 'NONE', #2546, .T. ) ;
#1328 = ADVANCED_FACE ( 'NONE', ( #2180 ), #1959, .T. ) ;
#1329 = EDGE_CURVE ( 'NONE', #1711, #1178, #409, .T. ) ;
#1330 = CARTESIAN_POINT ( 'NONE',  ( -0.1250000000000001110, 0.1250000000000001110, 2.399999999999992362 ) ) ;
#1331 = ORIENTED_EDGE ( 'NONE', *, *, #1387, .T. ) ;
#1332 = CARTESIAN_POINT ( 'NONE',  ( 0.0000000000000000000, 0.5500000000000001554, 3.249999999999999556 ) ) ;
#1333 = LINE ( 'NONE', #2857, #301 ) ;
#1334 = DIRECTION ( 'NONE',  ( 1.000000000000000000, 0.0000000000000000000, 0.0000000000000000000 ) ) ;
#1335 = ORIENTED_EDGE ( 'NONE', *, *, #1984, .F. ) ;
#1336 = DIRECTION ( 'NONE',  ( 1.000000000000000000, -0.0000000000000000000, -0.0000000000000000000 ) ) ;
#1337 = LINE ( 'NONE', #2567, #2398 ) ;
#1338 = CARTESIAN_POINT ( 'NONE',  ( 3.400000000000000355, 0.2500000000000002220, 3.400000000000000355 ) ) ;
#1339 = AXIS2_PLACEMENT_3D ( 'NONE', #2530, #565, #1736 ) ;
#1340 = VERTEX_POINT ( 'NONE', #1941 ) ;
#1341 = AXIS2_PLACEMENT_3D ( 'NONE', #2838, #2361, #610 ) ;
#1342 = DIRECTION ( 'NONE',  ( 0.0000000000000000000, -1.000000000000000000, 0.0000000000000000000 ) ) ;
#1343 = DIRECTION ( 'NONE',  ( 0.0000000000000000000, 0.0000000000000000000, -1.000000000000000000 ) ) ;
#1344 = CARTESIAN_POINT ( 'NONE',  ( -3.250000000000002665, 0.8000000000000003775, -1.465918309119742080 ) ) ;
#1345 = LINE ( 'NONE', #2582, #505 ) ;
#1346 = VERTEX_POINT ( 'NONE', #2933 ) ;
#1347 = CARTESIAN_POINT ( 'NONE',  ( 3.039999999999994262, 0.0000000000000000000, 3.469446951953614189E-15 ) ) ;
#1348 = PLANE ( 'NONE',  #520 ) ;
#1349 = SURFACE_STYLE_USAGE ( .BOTH. , #852 ) ;
#1350 = EDGE_LOOP ( 'NONE', ( #228, #1943, #1095, #803, #1058, #814 ) ) ;
#1351 = DIRECTION ( 'NONE',  ( 0.0000000000000000000, 0.0000000000000000000, 1.000000000000000000 ) ) ;
#1352 = DIRECTION ( 'NONE',  ( -0.0000000000000000000, -1.000000000000000000, -0.0000000000000000000 ) ) ;
#1353 = CARTESIAN_POINT ( 'NONE',  ( 3.500000000000003109, 0.8000000000000003775, -2.700000000000001066 ) ) ;
#1354 = MANIFOLD_SOLID_BREP ( 'Cut-Extrude3', #2695 ) ;
#1355 = ORIENTED_EDGE ( 'NONE', *, *, #204, .T. ) ;
#1356 = VECTOR ( 'NONE', #2826, 1000.000000000000000 ) ;
#1357 = DIRECTION ( 'NONE',  ( -1.000000000000000000, 0.0000000000000000000, -1.857305648797438343E-16 ) ) ;
#1358 = FACE_OUTER_BOUND ( 'NONE', #1286, .T. ) ;
#1359 = CARTESIAN_POINT ( 'NONE',  ( 2.118442542642644089, 0.2500000000000002220, -2.967026893457220815 ) ) ;
#1360 = ADVANCED_FACE ( 'NONE', ( #283 ), #718, .T. ) ;
#1361 = DIRECTION ( 'NONE',  ( 0.0000000000000000000, -0.0000000000000000000, 1.000000000000000000 ) ) ;
#1362 = ORIENTED_EDGE ( 'NONE', *, *, #2674, .T. ) ;
#1363 = CARTESIAN_POINT ( 'NONE',  ( -2.349028309388760505, 0.5499999999999983791, 3.166867494569226338 ) ) ;
#1364 = DIRECTION ( 'NONE',  ( 0.0000000000000000000, 0.0000000000000000000, -1.000000000000000000 ) ) ;
#1365 = VERTEX_POINT ( 'NONE', #2726 ) ;
#1366 = CARTESIAN_POINT ( 'NONE',  ( 2.629748946929785891, 0.2500000000000002220, 2.629748946929792552 ) ) ;
#1367 = CARTESIAN_POINT ( 'NONE',  ( -1.749999999997191358, 0.8000000000000003775, 3.249999999999999556 ) ) ;
#1368 = CARTESIAN_POINT ( 'NONE',  ( -3.119999999999997886, 6.992588523705121517, 3.099999999999998757 ) ) ;
#1369 = ORIENTED_EDGE ( 'NONE', *, *, #2000, .T. ) ;
#1370 = EDGE_CURVE ( 'NONE', #2116, #745, #5, .T. ) ;
#1371 = LINE ( 'NONE', #2882, #1052 ) ;
#1372 = CARTESIAN_POINT ( 'NONE',  ( 2.349028309388760505, 0.8000000000000003775, -3.166867494569232999 ) ) ;
#1373 =( GEOMETRIC_REPRESENTATION_CONTEXT ( 3 ) GLOBAL_UNCERTAINTY_ASSIGNED_CONTEXT ( ( #910 ) ) GLOBAL_UNIT_ASSIGNED_CONTEXT ( ( #2094, #323, #1867 ) ) REPRESENTATION_CONTEXT ( 'NONE', 'WORKASPACE' ) );
#1374 = DIRECTION ( 'NONE',  ( 0.0000000000000000000, 1.000000000000000000, 0.0000000000000000000 ) ) ;
#1375 = VERTEX_POINT ( 'NONE', #1796 ) ;
#1376 = CARTESIAN_POINT ( 'NONE',  ( -3.250000000000002665, 0.5500000000000001554, 1.465918309119740304 ) ) ;
#1377 = CARTESIAN_POINT ( 'NONE',  ( -3.400000000000000355, 0.2500000000000002220, -3.400000000000000355 ) ) ;
#1378 = MECHANICAL_DESIGN_GEOMETRIC_PRESENTATION_REPRESENTATION (  '', ( #1396 ), #3195 ) ;
#1379 = FILL_AREA_STYLE ('',( #1606 ) ) ;
#1380 = ORIENTED_EDGE ( 'NONE', *, *, #1413, .T. ) ;
#1381 = CARTESIAN_POINT ( 'NONE',  ( 1.953934515308848541, 0.8000000000000003775, 3.249999999999999556 ) ) ;
#1382 = LINE ( 'NONE', #2390, #1570 ) ;
#1383 = LINE ( 'NONE', #1594, #2977 ) ;
#1384 = APPLICATION_CONTEXT ( 'automotive_design' ) ;
#1385 = ORIENTED_EDGE ( 'NONE', *, *, #1316, .F. ) ;
#1386 = VECTOR ( 'NONE', #1448, 1000.000000000000000 ) ;
#1387 = EDGE_CURVE ( 'NONE', #751, #1528, #1789, .T. ) ;
#1388 = CARTESIAN_POINT ( 'NONE',  ( -0.4699999999999981970, 6.992588523705121517, -0.4643543905251679149 ) ) ;
#1389 = DIRECTION ( 'NONE',  ( -0.7071067811865473507, 0.0000000000000000000, 0.7071067811865477948 ) ) ;
#1390 = VECTOR ( 'NONE', #1571, 999.9999999999998863 ) ;
#1391 = EDGE_CURVE ( 'NONE', #2258, #2910, #2460, .T. ) ;
#1392 = DIRECTION ( 'NONE',  ( -0.0000000000000000000, 0.0000000000000000000, 1.000000000000000000 ) ) ;
#1393 = ORIENTED_EDGE ( 'NONE', *, *, #1564, .T. ) ;
#1394 = CARTESIAN_POINT ( 'NONE',  ( -1.465918309119740304, 0.5500000000000001554, 3.249999999999999556 ) ) ;
#1395 = SURFACE_STYLE_USAGE ( .BOTH. , #656 ) ;
#1396 = STYLED_ITEM ( 'NONE', ( #1647 ), #1354 ) ;
#1397 = ORIENTED_EDGE ( 'NONE', *, *, #2221, .F. ) ;
#1398 = CARTESIAN_POINT ( 'NONE',  ( 3.040000000000000924, 0.2500000000000002220, 1.729308550175147285 ) ) ;
#1399 = FACE_OUTER_BOUND ( 'NONE', #3000, .T. ) ;
#1400 = FACE_OUTER_BOUND ( 'NONE', #1948, .T. ) ;
#1401 = VERTEX_POINT ( 'NONE', #2982 ) ;
#1402 =( LENGTH_UNIT ( ) NAMED_UNIT ( * ) SI_UNIT ( .MILLI., .METRE. ) );
#1403 = DIRECTION ( 'NONE',  ( 0.0000000000000000000, 0.0000000000000000000, 1.000000000000000000 ) ) ;
#1404 = CARTESIAN_POINT ( 'NONE',  ( -1.729308550175147285, 0.0000000000000000000, 3.040000000000000924 ) ) ;
#1405 = EDGE_LOOP ( 'NONE', ( #2070, #324, #3005, #733 ) ) ;
#1406 = DIRECTION ( 'NONE',  ( -0.0000000000000000000, -1.000000000000000000, -0.0000000000000000000 ) ) ;
#1407 =( LENGTH_UNIT ( ) NAMED_UNIT ( * ) SI_UNIT ( .MILLI., .METRE. ) );
#1408 = ORIENTED_EDGE ( 'NONE', *, *, #1113, .T. ) ;
#1409 = CARTESIAN_POINT ( 'NONE',  ( 3.400000000000000355, 0.2500000000000002220, 3.400000000000000355 ) ) ;
#1410 = DIRECTION ( 'NONE',  ( -0.0000000000000000000, -1.000000000000000000, -0.0000000000000000000 ) ) ;
#1411 = CARTESIAN_POINT ( 'NONE',  ( 0.4790553156081253650, 3.663735981263017372E-16, 3.040000000000002256 ) ) ;
#1412 = VECTOR ( 'NONE', #2273, 1000.000000000000000 ) ;
#1413 = EDGE_CURVE ( 'NONE', #835, #2103, #235, .T. ) ;
#1414 = ORIENTED_EDGE ( 'NONE', *, *, #882, .F. ) ;
#1415 = EDGE_CURVE ( 'NONE', #774, #2474, #494, .T. ) ;
#1416 = PLANE ( 'NONE',  #858 ) ;
#1417 = ORIENTED_EDGE ( 'NONE', *, *, #2329, .T. ) ;
#1418 = ADVANCED_FACE ( 'NONE', ( #525 ), #1039, .T. ) ;
#1419 = CARTESIAN_POINT ( 'NONE',  ( -0.1250000000000001110, 0.2500000000000002220, -3.400000000000000355 ) ) ;
#1420 = VECTOR ( 'NONE', #199, 1000.000000000000000 ) ;
#1421 = CARTESIAN_POINT ( 'NONE',  ( 1.539999999282966048, 0.0000000000000000000, 3.040000000000000924 ) ) ;
#1422 = ADVANCED_FACE ( 'NONE', ( #1516 ), #2039, .T. ) ;
#1423 = ORIENTED_EDGE ( 'NONE', *, *, #1694, .F. ) ;
#1424 = EDGE_CURVE ( 'NONE', #289, #2337, #1259, .T. ) ;
#1425 = LINE ( 'NONE', #2139, #607 ) ;
#1426 = LINE ( 'NONE', #915, #2949 ) ;
#1427 = CONTEXT_DEPENDENT_SHAPE_REPRESENTATION ( #2439, #3065 ) ;
#1428 = ORIENTED_EDGE ( 'NONE', *, *, #2169, .T. ) ;
#1429 = FACE_OUTER_BOUND ( 'NONE', #1260, .T. ) ;
#1430 = CARTESIAN_POINT ( 'NONE',  ( -3.119999999999997886, 6.992588523705121517, 3.099999999999998757 ) ) ;
#1431 = FACE_BOUND ( 'NONE', #921, .T. ) ;
#1432 = ORIENTED_EDGE ( 'NONE', *, *, #1070, .T. ) ;
#1433 = DIRECTION ( 'NONE',  ( 0.7071067811865474617, 0.0000000000000000000, 0.7071067811865474617 ) ) ;
#1434 = AXIS2_PLACEMENT_3D ( 'NONE', #1204, #940, #2189 ) ;
#1435 = EDGE_LOOP ( 'NONE', ( #1785, #694, #1815, #506 ) ) ;
#1436 = DIRECTION ( 'NONE',  ( 0.0000000000000000000, 0.0000000000000000000, -1.000000000000000000 ) ) ;
#1437 = DIRECTION ( 'NONE',  ( 1.857305648797438343E-16, -0.0000000000000000000, 1.000000000000000000 ) ) ;
#1438 = CARTESIAN_POINT ( 'NONE',  ( 1.749999999227567438, 0.5500000000000001554, 3.249999999999999556 ) ) ;
#1439 = VECTOR ( 'NONE', #754, 1000.000000000000000 ) ;
#1440 = ORIENTED_EDGE ( 'NONE', *, *, #800, .F. ) ;
#1441 = DIRECTION ( 'NONE',  ( -0.0000000000000000000, -0.0000000000000000000, 1.000000000000000000 ) ) ;
#1442 = LINE ( 'NONE', #2429, #1702 ) ;
#1443 = AXIS2_PLACEMENT_3D ( 'NONE', #3153, #1462, #704 ) ;
#1444 = ORIENTED_EDGE ( 'NONE', *, *, #2674, .F. ) ;
#1445 = AXIS2_PLACEMENT_3D ( 'NONE', #638, #2625, #1392 ) ;
#1446 = APPLICATION_PROTOCOL_DEFINITION ( 'draft international standard', 'automotive_design', 1998, #3215 ) ;
#1447 = VERTEX_POINT ( 'NONE', #2260 ) ;
#1448 = DIRECTION ( 'NONE',  ( 1.000000000000000000, 0.0000000000000000000, -1.857305648797438343E-16 ) ) ;
#1449 = FACE_OUTER_BOUND ( 'NONE', #2833, .T. ) ;
#1450 = LINE ( 'NONE', #2923, #16 ) ;
#1451 = ORIENTED_EDGE ( 'NONE', *, *, #1424, .F. ) ;
#1452 = PLANE ( 'NONE',  #1641 ) ;
#1453 = VERTEX_POINT ( 'NONE', #2230 ) ;
#1454 = LINE ( 'NONE', #534, #1673 ) ;
#1455 = CARTESIAN_POINT ( 'NONE',  ( 0.0000000000000000000, 0.5500000000000001554, 3.249999999999999556 ) ) ;
#1456 = ORIENTED_EDGE ( 'NONE', *, *, #800, .T. ) ;
#1457 = DIRECTION ( 'NONE',  ( 0.0000000000000000000, 0.0000000000000000000, 1.000000000000000000 ) ) ;
#1458 = DIRECTION ( 'NONE',  ( -0.0000000000000000000, 0.0000000000000000000, 1.000000000000000000 ) ) ;
#1459 = EDGE_CURVE ( 'NONE', #781, #1952, #2358, .T. ) ;
#1460 = ORIENTED_EDGE ( 'NONE', *, *, #1465, .T. ) ;
#1461 = FACE_OUTER_BOUND ( 'NONE', #3168, .T. ) ;
#1462 = DIRECTION ( 'NONE',  ( 0.0000000000000000000, 1.000000000000000000, 0.0000000000000000000 ) ) ;
#1463 = ORIENTED_EDGE ( 'NONE', *, *, #2323, .T. ) ;
#1464 = CARTESIAN_POINT ( 'NONE',  ( 3.500000000000003109, 0.5999999999999998668, -2.700000000000001066 ) ) ;
#1465 = EDGE_CURVE ( 'NONE', #2482, #2521, #979, .T. ) ;
#1466 = ORIENTED_EDGE ( 'NONE', *, *, #3010, .T. ) ;
#1467 = DIRECTION ( 'NONE',  ( -0.0000000000000000000, -1.000000000000000000, -0.0000000000000000000 ) ) ;
#1468 = CARTESIAN_POINT ( 'NONE',  ( 3.250000000000002665, 0.5500000000000001554, 0.8868275159912633043 ) ) ;
#1469 = PLANE ( 'NONE',  #1159 ) ;
#1470 = DIRECTION ( 'NONE',  ( 0.0000000000000000000, 0.0000000000000000000, -1.000000000000000000 ) ) ;
#1471 = EDGE_CURVE ( 'NONE', #1952, #1911, #2622, .T. ) ;
#1472 = CARTESIAN_POINT ( 'NONE',  ( -0.7850000000000010303, 6.992588523705121517, 3.099999999999998757 ) ) ;
#1473 = AXIS2_PLACEMENT_3D ( 'NONE', #1139, #945, #1887 ) ;
#1474 = ORIENTED_EDGE ( 'NONE', *, *, #877, .F. ) ;
#1475 = VECTOR ( 'NONE', #1343, 1000.000000000000000 ) ;
#1476 = FACE_OUTER_BOUND ( 'NONE', #1804, .T. ) ;
#1477 = CARTESIAN_POINT ( 'NONE',  ( -0.4699999999999981970, 0.0000000000000000000, 2.784999999999999254 ) ) ;
#1478 = SHAPE_REPRESENTATION_RELATIONSHIP ( 'NONE' , 'NONE' ,  #2954, #2581 ) ;
#1479 = VECTOR ( 'NONE', #2927, 1000.000000000000000 ) ;
#1480 = ORIENTED_EDGE ( 'NONE', *, *, #1074, .F. ) ;
#1481 = PLANE ( 'NONE',  #1434 ) ;
#1482 = ORIENTED_EDGE ( 'NONE', *, *, #2862, .F. ) ;
#1483 = ADVANCED_FACE ( 'NONE', ( #778 ), #1765, .F. ) ;
#1484 = CARTESIAN_POINT ( 'NONE',  ( 2.349028309388753843, 0.5500000000000001554, 3.166867494569229446 ) ) ;
#1485 = CARTESIAN_POINT ( 'NONE',  ( -0.4699999999999981970, 6.992588523705121517, -2.784999999999999254 ) ) ;
#1486 = CARTESIAN_POINT ( 'NONE',  ( 0.8868275159912633043, 0.8000000000000003775, 3.249999999999999556 ) ) ;
#1487 = DIRECTION ( 'NONE',  ( -1.000000000000000000, 0.0000000000000000000, -1.857305648797438343E-16 ) ) ;
#1488 = ORIENTED_EDGE ( 'NONE', *, *, #257, .F. ) ;
#1489 = VECTOR ( 'NONE', #2935, 1000.000000000000000 ) ;
#1490 = VERTEX_POINT ( 'NONE', #1296 ) ;
#1491 = CARTESIAN_POINT ( 'NONE',  ( 1.465918309119740304, 0.5500000000000001554, 3.249999999999999556 ) ) ;
#1492 = LINE ( 'NONE', #2485, #1768 ) ;
#1493 = CIRCLE ( 'NONE', #139, 1.000000000000000000 ) ;
#1494 = SURFACE_SIDE_STYLE ('',( #548 ) ) ;
#1495 = ORIENTED_EDGE ( 'NONE', *, *, #602, .T. ) ;
#1496 = CARTESIAN_POINT ( 'NONE',  ( 2.629748946929792552, 0.2500000000000002220, -2.629748946929787667 ) ) ;
#1497 = VERTEX_POINT ( 'NONE', #2278 ) ;
#1498 = CARTESIAN_POINT ( 'NONE',  ( -3.166867494569229446, 0.5499999999999983791, -2.349028309388753843 ) ) ;
#1499 = DIRECTION ( 'NONE',  ( -0.0000000000000000000, 0.0000000000000000000, 1.000000000000000000 ) ) ;
#1500 = CARTESIAN_POINT ( 'NONE',  ( -3.039999999999994262, 0.2500000000000002220, 0.0000000000000000000 ) ) ;
#1501 = DIRECTION ( 'NONE',  ( -0.0000000000000000000, -1.000000000000000000, -0.0000000000000000000 ) ) ;
#1502 = VERTEX_POINT ( 'NONE', #1974 ) ;
#1503 = DIRECTION ( 'NONE',  ( 0.0000000000000000000, 0.0000000000000000000, -1.000000000000000000 ) ) ;
#1504 = AXIS2_PLACEMENT_3D ( 'NONE', #3053, #2062, #3082 ) ;
#1505 = ORIENTED_EDGE ( 'NONE', *, *, #260, .T. ) ;
#1506 = DIRECTION ( 'NONE',  ( 0.7071067811865474617, -0.0000000000000000000, 0.7071067811865476838 ) ) ;
#1507 = VERTEX_POINT ( 'NONE', #2967 ) ;
#1508 = CARTESIAN_POINT ( 'NONE',  ( -2.629748946929792552, 0.2500000000000002220, -2.629748946929789444 ) ) ;
#1509 = EDGE_CURVE ( 'NONE', #128, #184, #1730, .T. ) ;
#1510 = ORIENTED_EDGE ( 'NONE', *, *, #1802, .F. ) ;
#1511 = EDGE_CURVE ( 'NONE', #2482, #1247, #2025, .T. ) ;
#1512 = VECTOR ( 'NONE', #551, 1000.000000000000000 ) ;
#1513 = CARTESIAN_POINT ( 'NONE',  ( 3.249999999999996003, 0.5499999999999983791, -0.8868275159912633043 ) ) ;
#1514 = ORIENTED_EDGE ( 'NONE', *, *, #1984, .T. ) ;
#1515 = CARTESIAN_POINT ( 'NONE',  ( -2.967026893457222592, 0.2500000000000002220, 2.118442542642651194 ) ) ;
#1516 = FACE_OUTER_BOUND ( 'NONE', #2048, .T. ) ;
#1517 = VERTEX_POINT ( 'NONE', #1536 ) ;
#1518 = EDGE_CURVE ( 'NONE', #1819, #289, #2929, .T. ) ;
#1519 = CARTESIAN_POINT ( 'NONE',  ( 3.250000000000002665, 0.8000000000000003775, -1.750000000000719647 ) ) ;
#1520 = EDGE_LOOP ( 'NONE', ( #2715, #1686, #2166, #13, #2905, #1772, #1970, #2497 ) ) ;
#1521 = DIRECTION ( 'NONE',  ( 1.000000000000000000, -0.0000000000000000000, -0.0000000000000000000 ) ) ;
#1522 = CARTESIAN_POINT ( 'NONE',  ( -0.4699999999999981970, 0.0000000000000000000, 0.4643543905251679149 ) ) ;
#1523 = FILL_AREA_STYLE_COLOUR ( '', #2721 ) ;
#1524 = ORIENTED_EDGE ( 'NONE', *, *, #478, .F. ) ;
#1525 = CARTESIAN_POINT ( 'NONE',  ( -3.040000000000000924, 0.2500000000000002220, -0.7598553693929730457 ) ) ;
#1526 = DIRECTION ( 'NONE',  ( -0.0000000000000000000, -1.000000000000000000, -0.0000000000000000000 ) ) ;
#1527 = ORIENTED_EDGE ( 'NONE', *, *, #876, .T. ) ;
#1528 = VERTEX_POINT ( 'NONE', #2463 ) ;
#1529 = AXIS2_PLACEMENT_3D ( 'NONE', #21, #2756, #794 ) ;
#1530 = CARTESIAN_POINT ( 'NONE',  ( 1.276292343890879311, 0.0000000000000000000, -3.039999999999999147 ) ) ;
#1531 = DIRECTION ( 'NONE',  ( 1.000000000000000000, 0.0000000000000000000, 0.0000000000000000000 ) ) ;
#1532 = CARTESIAN_POINT ( 'NONE',  ( 1.539999999999999591, 0.0000000000000000000, 1.539999999999999591 ) ) ;
#1533 = CARTESIAN_POINT ( 'NONE',  ( 3.119999999999997886, 0.1250000000000001110, -3.100000000000000533 ) ) ;
#1534 = ORIENTED_EDGE ( 'NONE', *, *, #937, .T. ) ;
#1535 = VECTOR ( 'NONE', #615, 1000.000000000000000 ) ;
#1536 = CARTESIAN_POINT ( 'NONE',  ( 3.250000000000002665, 0.5500000000000001554, 1.749999999998839373 ) ) ;
#1537 = ORIENTED_EDGE ( 'NONE', *, *, #509, .F. ) ;
#1538 = CARTESIAN_POINT ( 'NONE',  ( 1.125000000000007994, 0.1250000000000001110, -3.400000000000000355 ) ) ;
#1539 = PRESENTATION_STYLE_ASSIGNMENT (( #2269 ) ) ;
#1540 = ORIENTED_EDGE ( 'NONE', *, *, #828, .F. ) ;
#1541 = CARTESIAN_POINT ( 'NONE',  ( -2.837024905209296843, 0.8000000000000020428, 2.837024905209296843 ) ) ;
#1542 = CARTESIAN_POINT ( 'NONE',  ( 1.749999999999987566, 0.8000000000000003775, 3.249999999999999556 ) ) ;
#1543 = VECTOR ( 'NONE', #2229, 1000.000000000000000 ) ;
#1544 = VECTOR ( 'NONE', #2084, 1000.000000000000000 ) ;
#1545 = VECTOR ( 'NONE', #1801, 1000.000000000000000 ) ;
#1546 = ORIENTED_EDGE ( 'NONE', *, *, #841, .T. ) ;
#1547 = VECTOR ( 'NONE', #3181, 1000.000000000000000 ) ;
#1548 = CARTESIAN_POINT ( 'NONE',  ( 3.400000000000000355, 0.1250000000000001110, -3.400000000000000355 ) ) ;
#1549 = CARTESIAN_POINT ( 'NONE',  ( 0.1250000000000001110, 0.1250000000000001110, -2.399999999999992362 ) ) ;
#1550 = DIRECTION ( 'NONE',  ( 0.0000000000000000000, -0.0000000000000000000, 1.000000000000000000 ) ) ;
#1551 = EDGE_CURVE ( 'NONE', #2974, #2420, #1493, .T. ) ;
#1552 = PLANE ( 'NONE',  #2164 ) ;
#1553 = ORIENTED_EDGE ( 'NONE', *, *, #3220, .F. ) ;
#1554 = CARTESIAN_POINT ( 'NONE',  ( -3.250000000000002665, 0.5500000000000001554, 1.750000000000719647 ) ) ;
#1555 = DIRECTION ( 'NONE',  ( 0.0000000000000000000, 0.0000000000000000000, -1.000000000000000000 ) ) ;
#1556 = PRODUCT_RELATED_PRODUCT_CATEGORY ( 'part', '', ( #2308 ) ) ;
#1557 = APPLICATION_PROTOCOL_DEFINITION ( 'draft international standard', 'automotive_design', 1998, #387 ) ;
#1558 = EDGE_CURVE ( 'NONE', #719, #2030, #2234, .T. ) ;
#1559 = ORIENTED_EDGE ( 'NONE', *, *, #2224, .F. ) ;
#1560 = B_SPLINE_SURFACE_WITH_KNOTS ( 'NONE', 3, 1, ( 
 ( #2297, #984 ),
 ( #1491, #1977 ),
 ( #738, #3099 ),
 ( #1332, #3068 ),
 ( #2314, #400 ),
 ( #1394, #354 ),
 ( #2332, #92 ),
 ( #1363, #338 ),
 ( #866, #368 ),
 ( #2109, #1634 ),
 ( #3119, #2561 ),
 ( #1376, #2363 ),
 ( #2598, #2349 ),
 ( #1077, #2627 ),
 ( #1865, #850 ),
 ( #2856, #831 ),
 ( #1107, #136 ),
 ( #1830, #1846 ),
 ( #625, #592 ),
 ( #1877, #1618 ),
 ( #577, #815 ),
 ( #2611, #1093 ),
 ( #3081, #120 ),
 ( #107, #2870 ),
 ( #2091, #76 ),
 ( #1126, #385 ),
 ( #2076, #2808 ),
 ( #1604, #2123 ),
 ( #2061, #2825 ),
 ( #2840, #1587 ),
 ( #1059, #3052 ),
 ( #2584, #1816 ),
 ( #884, #640 ),
 ( #612, #1347 ),
 ( #1573, #3180 ),
 ( #683, #2918 ),
 ( #1646, #465 ),
 ( #1197, #1683 ),
 ( #217, #1912 ),
 ( #3198, #2411 ),
 ( #419, #928 ),
 ( #1924, #2676 ) ),
 .UNSPECIFIED., .T., .F., .F.,
 ( 4, 1, 1, 1, 2, 1, 1, 1, 2, 1, 1, 1, 2, 1, 1, 1, 2, 1, 1, 1, 2, 1, 1, 1, 2, 1, 1, 1, 2, 1, 1, 1, 4 ),
 ( 2, 2 ),
 ( 0.0000000000000000000, 0.03638220494845408048, 0.07276440989690816097, 0.1091466148453622553, 0.1455288197938163219, 0.1716466148453622276, 0.1977644098969081887, 0.2238822049484541221, 0.2500000000000000000, 0.2863822049484540666, 0.3227644098969081332, 0.3591466148453621998, 0.3955288197938162664, 0.4216466148453622553, 0.4477644098969081887, 0.4738822049484541221, 0.5000000000000001110, 0.5363822049484542331, 0.5727644098969082442, 0.6091466148453621443, 0.6455288197938162664, 0.6716466148453621443, 0.6977644098969082442, 0.7238822049484541221, 0.7500000000000000000, 0.7863822049484541221, 0.8227644098969082442, 0.8591466148453621443, 0.8955288197938162664, 0.9216466148453621443, 0.9477644098969082442, 0.9738822049484541221, 1.000000000000000000 ),
 ( 0.0000000000000000000, 1.000000000000000000 ),
 .UNSPECIFIED. ) ;
#1561 = CARTESIAN_POINT ( 'NONE',  ( -3.250000000000002665, 0.8000000000000003775, -1.465918309119742080 ) ) ;
#1562 = CARTESIAN_POINT ( 'NONE',  ( 0.4699999999999981970, 6.992588523705121517, -2.784999999999999254 ) ) ;
#1563 = EDGE_CURVE ( 'NONE', #2008, #2736, #1733, .T. ) ;
#1564 = EDGE_CURVE ( 'NONE', #2774, #523, #2010, .T. ) ;
#1565 = VERTEX_POINT ( 'NONE', #2710 ) ;
#1566 = CARTESIAN_POINT ( 'NONE',  ( -3.400000000000000355, 0.2500000000000002220, 3.400000000000000355 ) ) ;
#1567 = CARTESIAN_POINT ( 'NONE',  ( 3.119999999999997886, 0.0000000000000000000, 3.100000000000001865 ) ) ;
#1568 = CARTESIAN_POINT ( 'NONE',  ( 0.8868275159912633043, 0.8000000000000003775, -3.249999999999999556 ) ) ;
#1569 = B_SPLINE_CURVE_WITH_KNOTS ( 'NONE', 1,
 ( #2167, #3131 ),
 .UNSPECIFIED., .F., .F.,
 ( 2, 2 ),
 ( 0.0000000000000000000, 1.000000000000000000 ),
 .UNSPECIFIED. ) ;
#1570 = VECTOR ( 'NONE', #2098, 1000.000000000000000 ) ;
#1571 = DIRECTION ( 'NONE',  ( 0.7071067811865462405, 0.0000000000000000000, 0.7071067811865489050 ) ) ;
#1572 = ORIENTED_EDGE ( 'NONE', *, *, #2095, .T. ) ;
#1573 = CARTESIAN_POINT ( 'NONE',  ( 3.250000000000002665, 0.5500000000000001554, 0.8868275159912633043 ) ) ;
#1574 = DIRECTION ( 'NONE',  ( 0.0000000000000000000, 0.0000000000000000000, 1.000000000000000000 ) ) ;
#1575 = ORIENTED_EDGE ( 'NONE', *, *, #162, .F. ) ;
#1576 = DIRECTION ( 'NONE',  ( 0.7071067811865474617, 0.0000000000000000000, 0.7071067811865476838 ) ) ;
#1577 = DIRECTION ( 'NONE',  ( -0.0000000000000000000, -1.000000000000000000, -0.0000000000000000000 ) ) ;
#1578 = VECTOR ( 'NONE', #1854, 1000.000000000000000 ) ;
#1579 = CARTESIAN_POINT ( 'NONE',  ( 1.125000000000007994, 0.1250000000000001110, -3.400000000000000355 ) ) ;
#1580 =( GEOMETRIC_REPRESENTATION_CONTEXT ( 3 ) GLOBAL_UNCERTAINTY_ASSIGNED_CONTEXT ( ( #2897 ) ) GLOBAL_UNIT_ASSIGNED_CONTEXT ( ( #1131, #1620, #2613 ) ) REPRESENTATION_CONTEXT ( 'NONE', 'WORKASPACE' ) );
#1581 = ORIENTED_EDGE ( 'NONE', *, *, #2088, .F. ) ;
#1582 = PLANE ( 'NONE',  #916 ) ;
#1583 = CARTESIAN_POINT ( 'NONE',  ( -3.250000000000002665, 0.8000000000000003775, -1.749999999998839373 ) ) ;
#1584 = CARTESIAN_POINT ( 'NONE',  ( 1.729308550175147285, 0.2500000000000002220, 3.040000000000000924 ) ) ;
#1585 = DIRECTION ( 'NONE',  ( 0.0000000000000000000, 0.0000000000000000000, 1.000000000000000000 ) ) ;
#1586 = VERTEX_POINT ( 'NONE', #1519 ) ;
#1587 = CARTESIAN_POINT ( 'NONE',  ( 2.967026893457215486, 0.0000000000000000000, -2.118442542642644089 ) ) ;
#1588 = CARTESIAN_POINT ( 'NONE',  ( -1.125000000000007994, 0.1250000000000001110, 3.400000000000000355 ) ) ;
#1589 = AXIS2_PLACEMENT_3D ( 'NONE', #2174, #724, #710 ) ;
#1590 = UNCERTAINTY_MEASURE_WITH_UNIT (LENGTH_MEASURE( 1.000000000000000082E-05 ), #1402, 'distance_accuracy_value', 'NONE');
#1591 = ORIENTED_EDGE ( 'NONE', *, *, #1391, .F. ) ;
#1592 = CARTESIAN_POINT ( 'NONE',  ( -0.3250000000000020095, 0.0000000000000000000, -3.039999999999999591 ) ) ;
#1593 = LINE ( 'NONE', #2589, #2659 ) ;
#1594 = CARTESIAN_POINT ( 'NONE',  ( 1.125000000000007994, 0.1250000000000001110, 3.400000000000000355 ) ) ;
#1595 = VECTOR ( 'NONE', #2251, 1000.000000000000000 ) ;
#1596 = ORIENTED_EDGE ( 'NONE', *, *, #507, .F. ) ;
#1597 = EDGE_CURVE ( 'NONE', #785, #1375, #1754, .T. ) ;
#1598 = VECTOR ( 'NONE', #527, 1000.000000000000000 ) ;
#1599 = CARTESIAN_POINT ( 'NONE',  ( -0.4699999999999981970, 0.0000000000000000000, -2.784999999999999254 ) ) ;
#1600 = DIRECTION ( 'NONE',  ( 0.0000000000000000000, 0.0000000000000000000, -1.000000000000000000 ) ) ;
#1601 = CARTESIAN_POINT ( 'NONE',  ( -3.166867494569229446, 0.7999999999999986011, -2.349028309388753843 ) ) ;
#1602 = CARTESIAN_POINT ( 'NONE',  ( -3.400000000000000355, 0.1250000000000001110, 3.400000000000000355 ) ) ;
#1603 = ORIENTED_EDGE ( 'NONE', *, *, #557, .F. ) ;
#1604 = CARTESIAN_POINT ( 'NONE',  ( 2.349028309388760505, 0.5500000000000001554, -3.166867494569232999 ) ) ;
#1605 = DIRECTION ( 'NONE',  ( 0.0000000000000000000, 0.0000000000000000000, -1.000000000000000000 ) ) ;
#1606 = FILL_AREA_STYLE_COLOUR ( '', #2828 ) ;
#1607 = ORIENTED_EDGE ( 'NONE', *, *, #2903, .F. ) ;
#1608 = LINE ( 'NONE', #2632, #292 ) ;
#1609 = CARTESIAN_POINT ( 'NONE',  ( 3.119999999999997886, 0.1250000000000001110, 3.100000000000001865 ) ) ;
#1610 = CARTESIAN_POINT ( 'NONE',  ( 0.7850000000000010303, 0.1250000000000001110, 3.099999999999998757 ) ) ;
#1611 = VERTEX_POINT ( 'NONE', #1767 ) ;
#1612 = EDGE_CURVE ( 'NONE', #2175, #2181, #1992, .T. ) ;
#1613 = FACE_BOUND ( 'NONE', #964, .T. ) ;
#1614 = CARTESIAN_POINT ( 'NONE',  ( 3.040000000000000924, 0.2500000000000002220, 1.276292343890875980 ) ) ;
#1615 = EDGE_CURVE ( 'NONE', #756, #2518, #1231, .T. ) ;
#1616 = DIRECTION ( 'NONE',  ( -1.000000000000000000, 0.0000000000000000000, -0.0000000000000000000 ) ) ;
#1617 = ORIENTED_EDGE ( 'NONE', *, *, #3205, .T. ) ;
#1618 = CARTESIAN_POINT ( 'NONE',  ( -2.118442542642644089, 0.0000000000000000000, -2.967026893457219039 ) ) ;
#1619 = LINE ( 'NONE', #1817, #1660 ) ;
#1620 =( NAMED_UNIT ( * ) PLANE_ANGLE_UNIT ( ) SI_UNIT ( $, .RADIAN. ) );
#1621 = ORIENTED_EDGE ( 'NONE', *, *, #473, .T. ) ;
#1622 = ADVANCED_FACE ( 'NONE', ( #1280 ), #796, .T. ) ;
#1623 = CARTESIAN_POINT ( 'NONE',  ( 3.249999999999996003, 0.8000000000000003775, 1.465918309119740304 ) ) ;
#1624 = LINE ( 'NONE', #2143, #2819 ) ;
#1625 = LINE ( 'NONE', #631, #2667 ) ;
#1626 = VERTEX_POINT ( 'NONE', #2249 ) ;
#1627 = EDGE_CURVE ( 'NONE', #2986, #212, #2893, .T. ) ;
#1628 = VECTOR ( 'NONE', #716, 1000.000000000000114 ) ;
#1629 = SURFACE_STYLE_USAGE ( .BOTH. , #633 ) ;
#1630 = CYLINDRICAL_SURFACE ( 'NONE', #1990, 0.9999999999999997780 ) ;
#1631 = VECTOR ( 'NONE', #3077, 1000.000000000000000 ) ;
#1632 = DIRECTION ( 'NONE',  ( 4.336808689942017736E-15, 0.0000000000000000000, 1.000000000000000000 ) ) ;
#1633 = ORIENTED_EDGE ( 'NONE', *, *, #65, .F. ) ;
#1634 = CARTESIAN_POINT ( 'NONE',  ( -2.967026893457222592, 0.0000000000000000000, 2.118442542642651194 ) ) ;
#1635 = DIRECTION ( 'NONE',  ( -0.0000000000000000000, -1.000000000000000000, -0.0000000000000000000 ) ) ;
#1636 = AXIS2_PLACEMENT_3D ( 'NONE', #2773, #3027, #299 ) ;
#1637 = ORIENTED_EDGE ( 'NONE', *, *, #1278, .T. ) ;
#1638 = CARTESIAN_POINT ( 'NONE',  ( 3.250000000000002665, 0.8000000000000003775, 1.953934515308848541 ) ) ;
#1639 = DIRECTION ( 'NONE',  ( 0.0000000000000000000, 1.000000000000000000, 0.0000000000000000000 ) ) ;
#1640 = ORIENTED_EDGE ( 'NONE', *, *, #2476, .F. ) ;
#1641 = AXIS2_PLACEMENT_3D ( 'NONE', #1933, #2206, #1708 ) ;
#1642 = CARTESIAN_POINT ( 'NONE',  ( 3.400000000000000355, 0.2500000000000002220, -3.400000000000000355 ) ) ;
#1643 = CIRCLE ( 'NONE', #2590, 0.09999999999999999167 ) ;
#1644 = CARTESIAN_POINT ( 'NONE',  ( 1.465918309119740304, 0.5500000000000001554, 3.249999999999999556 ) ) ;
#1645 = VERTEX_POINT ( 'NONE', #982 ) ;
#1646 = CARTESIAN_POINT ( 'NONE',  ( 3.250000000000002665, 0.5500000000000001554, 1.953934515308848541 ) ) ;
#1647 = PRESENTATION_STYLE_ASSIGNMENT (( #1395 ) ) ;
#1648 = ADVANCED_FACE ( 'NONE', ( #2729 ), #829, .F. ) ;
#1649 = EDGE_CURVE ( 'NONE', #3092, #2503, #2609, .T. ) ;
#1650 = EDGE_LOOP ( 'NONE', ( #1030, #2880, #2934, #886 ) ) ;
#1651 = EDGE_CURVE ( 'NONE', #2108, #48, #1345, .T. ) ;
#1652 = CARTESIAN_POINT ( 'NONE',  ( -0.4699999999999981970, 0.1250000000000001110, -0.4643543905251679149 ) ) ;
#1653 = DIRECTION ( 'NONE',  ( 0.0000000000000000000, 1.000000000000000000, 0.0000000000000000000 ) ) ;
#1654 = ADVANCED_FACE ( 'NONE', ( #2823 ), #1844, .T. ) ;
#1655 = CARTESIAN_POINT ( 'NONE',  ( 0.7850000000000010303, 0.1250000000000001110, 3.099999999999998757 ) ) ;
#1656 = ORIENTED_EDGE ( 'NONE', *, *, #307, .T. ) ;
#1657 = DIRECTION ( 'NONE',  ( -0.0000000000000000000, -1.000000000000000000, -0.0000000000000000000 ) ) ;
#1658 = EDGE_CURVE ( 'NONE', #756, #3190, #3117, .T. ) ;
#1659 = ADVANCED_FACE ( 'NONE', ( #2854 ), #319, .F. ) ;
#1660 = VECTOR ( 'NONE', #1364, 1000.000000000000000 ) ;
#1661 = ORIENTED_EDGE ( 'NONE', *, *, #1942, .T. ) ;
#1662 = FILL_AREA_STYLE ('',( #2866 ) ) ;
#1663 = CARTESIAN_POINT ( 'NONE',  ( 2.700000000000001066, 0.5999999999999998668, -3.499999999999999556 ) ) ;
#1664 = PLANE ( 'NONE',  #2847 ) ;
#1665 = EDGE_LOOP ( 'NONE', ( #2446, #2495, #1456, #1203 ) ) ;
#1666 = DIRECTION ( 'NONE',  ( -1.408054769461703803E-16, 0.0000000000000000000, -1.000000000000000000 ) ) ;
#1667 = CARTESIAN_POINT ( 'NONE',  ( 1.125000000000000888, 0.2500000000000002220, 2.399999999999999467 ) ) ;
#1668 = ORIENTED_EDGE ( 'NONE', *, *, #3086, .F. ) ;
#1669 = ORIENTED_EDGE ( 'NONE', *, *, #1370, .T. ) ;
#1670 =( LENGTH_UNIT ( ) NAMED_UNIT ( * ) SI_UNIT ( .MILLI., .METRE. ) );
#1671 = DIRECTION ( 'NONE',  ( -0.0000000000000000000, -1.000000000000000000, -0.0000000000000000000 ) ) ;
#1672 = CARTESIAN_POINT ( 'NONE',  ( 0.6017546874447053940, 3.663735981263017372E-16, 3.040000000000003588 ) ) ;
#1673 = VECTOR ( 'NONE', #1048, 1000.000000000000000 ) ;
#1674 = CIRCLE ( 'NONE', #2972, 0.09999999999999999167 ) ;
#1675 = ORIENTED_EDGE ( 'NONE', *, *, #2621, .F. ) ;
#1676 = CARTESIAN_POINT ( 'NONE',  ( -0.1250000000000001110, 0.1250000000000001110, -3.400000000000000355 ) ) ;
#1677 = ORIENTED_EDGE ( 'NONE', *, *, #31, .F. ) ;
#1678 = DIRECTION ( 'NONE',  ( -0.0000000000000000000, -1.000000000000000000, -0.0000000000000000000 ) ) ;
#1679 = PLANE ( 'NONE',  #2720 ) ;
#1680 = AXIS2_PLACEMENT_3D ( 'NONE', #3207, #1165, #3138 ) ;
#1681 = CARTESIAN_POINT ( 'NONE',  ( -0.7598553693929712693, 0.0000000000000000000, 3.040000000000008029 ) ) ;
#1682 = ORIENTED_EDGE ( 'NONE', *, *, #2329, .F. ) ;
#1683 = CARTESIAN_POINT ( 'NONE',  ( 2.967026893457222592, 0.0000000000000000000, 2.118442542642644089 ) ) ;
#1684 = FACE_OUTER_BOUND ( 'NONE', #237, .T. ) ;
#1685 = PRODUCT_CONTEXT ( 'NONE', #1384, 'mechanical' ) ;
#1686 = ORIENTED_EDGE ( 'NONE', *, *, #3008, .F. ) ;
#1687 = VECTOR ( 'NONE', #1261, 1000.000000000000000 ) ;
#1688 = CARTESIAN_POINT ( 'NONE',  ( -0.4699999999999981970, 0.0000000000000000000, -0.4643543905251679149 ) ) ;
#1689 = CARTESIAN_POINT ( 'NONE',  ( 1.539999999999992708, 0.2500000000000002220, 3.040000000000000924 ) ) ;
#1690 = VERTEX_POINT ( 'NONE', #1798 ) ;
#1691 = CARTESIAN_POINT ( 'NONE',  ( -0.4699999999999981970, 0.1250000000000001110, -2.784999999999999254 ) ) ;
#1692 = VECTOR ( 'NONE', #1869, 1000.000000000000000 ) ;
#1693 = EDGE_LOOP ( 'NONE', ( #1250, #3222, #579, #2111 ) ) ;
#1694 = EDGE_CURVE ( 'NONE', #2432, #3040, #2425, .T. ) ;
#1695 = UNCERTAINTY_MEASURE_WITH_UNIT (LENGTH_MEASURE( 1.000000000000000082E-05 ), #650, 'distance_accuracy_value', 'NONE');
#1696 = CARTESIAN_POINT ( 'NONE',  ( -2.349028309388760505, 0.5499999999999983791, 3.166867494569226338 ) ) ;
#1697 = VECTOR ( 'NONE', #1282, 1000.000000000000000 ) ;
#1698 = ORIENTED_EDGE ( 'NONE', *, *, #258, .F. ) ;
#1699 = DIRECTION ( 'NONE',  ( 0.0000000000000000000, 1.000000000000000000, -0.0000000000000000000 ) ) ;
#1700 = DIRECTION ( 'NONE',  ( 0.0000000000000000000, 1.000000000000000000, -0.0000000000000000000 ) ) ;
#1701 = CIRCLE ( 'NONE', #2266, 1.000000000000000000 ) ;
#1702 = VECTOR ( 'NONE', #2901, 1000.000000000000000 ) ;
#1703 = VERTEX_POINT ( 'NONE', #105 ) ;
#1704 = DIRECTION ( 'NONE',  ( 0.0000000000000000000, 1.000000000000000000, 0.0000000000000000000 ) ) ;
#1705 = DIRECTION ( 'NONE',  ( 0.0000000000000000000, 0.0000000000000000000, -1.000000000000000000 ) ) ;
#1706 = DIRECTION ( 'NONE',  ( 0.0000000000000000000, 0.0000000000000000000, 1.000000000000000000 ) ) ;
#1707 = ORIENTED_EDGE ( 'NONE', *, *, #508, .T. ) ;
#1708 = DIRECTION ( 'NONE',  ( -0.0000000000000000000, 0.0000000000000000000, 1.000000000000000000 ) ) ;
#1709 = ADVANCED_FACE ( 'NONE', ( #1091 ), #2089, .T. ) ;
#1710 = EDGE_CURVE ( 'NONE', #2274, #2684, #3159, .T. ) ;
#1711 = VERTEX_POINT ( 'NONE', #563 ) ;
#1712 = DIRECTION ( 'NONE',  ( 0.7071067811865462405, 0.0000000000000000000, 0.7071067811865489050 ) ) ;
#1713 = ADVANCED_FACE ( 'NONE', ( #848 ), #1075, .T. ) ;
#1714 = APPLICATION_CONTEXT ( 'automotive_design' ) ;
#1715 = CARTESIAN_POINT ( 'NONE',  ( -3.040000000000000924, 0.0000000000000000000, -1.729308550175147285 ) ) ;
#1716 = DIRECTION ( 'NONE',  ( -1.000000000000000000, 0.0000000000000000000, -0.0000000000000000000 ) ) ;
#1717 = CARTESIAN_POINT ( 'NONE',  ( -1.539999999999999591, 0.2500000000000002220, -1.539999999999999591 ) ) ;
#1718 = FILL_AREA_STYLE_COLOUR ( '', #859 ) ;
#1719 = EDGE_LOOP ( 'NONE', ( #418, #2524, #1534, #425, #1495, #1106, #2652, #1927, #614, #1220 ) ) ;
#1720 = CARTESIAN_POINT ( 'NONE',  ( -0.5700000000000010614, 6.992588523705121517, -0.4643543905251679149 ) ) ;
#1721 = DIRECTION ( 'NONE',  ( 1.000000000000000000, 0.0000000000000000000, 0.0000000000000000000 ) ) ;
#1722 = EDGE_CURVE ( 'NONE', #983, #2116, #2295, .T. ) ;
#1723 = ORIENTED_EDGE ( 'NONE', *, *, #692, .T. ) ;
#1724 = CARTESIAN_POINT ( 'NONE',  ( 1.125000000000000888, 0.1250000000000001110, 2.399999999999999467 ) ) ;
#1725 = VECTOR ( 'NONE', #343, 1000.000000000000000 ) ;
#1726 = ORIENTED_EDGE ( 'NONE', *, *, #268, .F. ) ;
#1727 = CARTESIAN_POINT ( 'NONE',  ( -2.349028309388760505, 0.5499999999999983791, -3.166867494569222785 ) ) ;
#1728 = ORIENTED_EDGE ( 'NONE', *, *, #1187, .F. ) ;
#1729 = CARTESIAN_POINT ( 'NONE',  ( -3.250000000000002665, 0.8000000000000020428, -0.8868275159912633043 ) ) ;
#1730 = LINE ( 'NONE', #2481, #1109 ) ;
#1731 = ORIENTED_EDGE ( 'NONE', *, *, #312, .T. ) ;
#1732 = VECTOR ( 'NONE', #1202, 1000.000000000000000 ) ;
#1733 = LINE ( 'NONE', #1041, #2996 ) ;
#1734 = ORIENTED_EDGE ( 'NONE', *, *, #1902, .T. ) ;
#1735 = CIRCLE ( 'NONE', #335, 1.500000000000000000 ) ;
#1736 = DIRECTION ( 'NONE',  ( -0.7071067811865474617, 0.0000000000000000000, -0.7071067811865476838 ) ) ;
#1737 = DIRECTION ( 'NONE',  ( 0.0000000000000000000, 0.0000000000000000000, -1.000000000000000000 ) ) ;
#1738 = SHAPE_REPRESENTATION_RELATIONSHIP ( 'NONE' , 'NONE' ,  #1164, #3202 ) ;
#1739 = AXIS2_PLACEMENT_3D ( 'NONE', #1841, #1089, #587 ) ;
#1740 = ORIENTED_EDGE ( 'NONE', *, *, #2325, .T. ) ;
#1741 = FACE_BOUND ( 'NONE', #1520, .T. ) ;
#1742 = VERTEX_POINT ( 'NONE', #2806 ) ;
#1743 = CARTESIAN_POINT ( 'NONE',  ( 3.250000000000002665, 0.5500000000000001554, 1.953934515308848541 ) ) ;
#1744 = CARTESIAN_POINT ( 'NONE',  ( 0.7850000000000010303, 0.0000000000000000000, -3.100000000000000533 ) ) ;
#1745 = CARTESIAN_POINT ( 'NONE',  ( -3.250000000000002665, 0.8000000000000020428, 0.8868275159912633043 ) ) ;
#1746 = VERTEX_POINT ( 'NONE', #1602 ) ;
#1747 = VECTOR ( 'NONE', #2179, 1000.000000000000000 ) ;
#1748 = CARTESIAN_POINT ( 'NONE',  ( -3.400000000000000355, 0.1250000000000001110, 3.400000000000000355 ) ) ;
#1749 = ORIENTED_EDGE ( 'NONE', *, *, #2033, .T. ) ;
#1750 = LINE ( 'NONE', #1012, #1595 ) ;
#1751 = LINE ( 'NONE', #2732, #2490 ) ;
#1752 = ADVANCED_FACE ( 'NONE', ( #2596 ), #1057, .T. ) ;
#1753 = ADVANCED_FACE ( 'NONE', ( #118, #1105 ), #1552, .F. ) ;
#1754 = CIRCLE ( 'NONE', #968, 1.000000000000000000 ) ;
#1755 = EDGE_CURVE ( 'NONE', #2116, #1453, #813, .T. ) ;
#1756 = EDGE_LOOP ( 'NONE', ( #1932, #2829, #3118, #1537 ) ) ;
#1757 = CARTESIAN_POINT ( 'NONE',  ( -1.729308550175147285, 0.2500000000000002220, -3.040000000000000924 ) ) ;
#1758 = EDGE_CURVE ( 'NONE', #986, #1565, #336, .T. ) ;
#1759 = ORIENTED_EDGE ( 'NONE', *, *, #2542, .T. ) ;
#1760 = EDGE_CURVE ( 'NONE', #329, #345, #801, .T. ) ;
#1761 = EDGE_CURVE ( 'NONE', #2976, #1611, #946, .T. ) ;
#1762 = CARTESIAN_POINT ( 'NONE',  ( -0.8868275159912633043, 0.5500000000000001554, -3.250000000000001332 ) ) ;
#1763 = DIRECTION ( 'NONE',  ( -1.000000000000000000, 0.0000000000000000000, -0.0000000000000000000 ) ) ;
#1764 = DIRECTION ( 'NONE',  ( 0.0000000000000000000, 1.000000000000000000, 0.0000000000000000000 ) ) ;
#1765 = PLANE ( 'NONE',  #1636 ) ;
#1766 = ORIENTED_EDGE ( 'NONE', *, *, #843, .F. ) ;
#1767 = CARTESIAN_POINT ( 'NONE',  ( 3.400000000000000355, 0.2500000000000002220, -3.400000000000000355 ) ) ;
#1768 = VECTOR ( 'NONE', #1013, 1000.000000000000000 ) ;
#1769 = ORIENTED_EDGE ( 'NONE', *, *, #508, .F. ) ;
#1770 = DIRECTION ( 'NONE',  ( 0.0000000000000000000, 0.0000000000000000000, 1.000000000000000000 ) ) ;
#1771 = CARTESIAN_POINT ( 'NONE',  ( 0.4699999999999981970, 6.992588523705121517, 2.784999999999999254 ) ) ;
#1772 = ORIENTED_EDGE ( 'NONE', *, *, #1127, .F. ) ;
#1773 = CARTESIAN_POINT ( 'NONE',  ( 2.837024905209296843, 0.7999999999999986011, -2.837024905209293291 ) ) ;
#1774 = CARTESIAN_POINT ( 'NONE',  ( -0.1250000000000001110, 0.1250000000000001110, -3.400000000000000355 ) ) ;
#1775 = ORIENTED_EDGE ( 'NONE', *, *, #1173, .T. ) ;
#1776 = COLOUR_RGB ( '',1.000000000000000000, 0.8235294117647058432, 0.2980392156862745057 ) ;
#1777 = CARTESIAN_POINT ( 'NONE',  ( 2.629748946929792552, 0.0000000000000000000, -2.629748946929787667 ) ) ;
#1778 = LINE ( 'NONE', #281, #1628 ) ;
#1779 = LINE ( 'NONE', #793, #2942 ) ;
#1780 = ORIENTED_EDGE ( 'NONE', *, *, #3116, .F. ) ;
#1781 = DIRECTION ( 'NONE',  ( 0.0000000000000000000, 1.000000000000000000, -0.0000000000000000000 ) ) ;
#1782 = ORIENTED_EDGE ( 'NONE', *, *, #3188, .T. ) ;
#1783 = DIRECTION ( 'NONE',  ( -0.0000000000000000000, 1.000000000000000000, -0.0000000000000000000 ) ) ;
#1784 = DIRECTION ( 'NONE',  ( -6.195440985631454085E-17, 0.0000000000000000000, -1.000000000000000000 ) ) ;
#1785 = ORIENTED_EDGE ( 'NONE', *, *, #2281, .F. ) ;
#1786 = CARTESIAN_POINT ( 'NONE',  ( -0.8868275159912633043, 0.8000000000000003775, -3.250000000000001332 ) ) ;
#1787 = CARTESIAN_POINT ( 'NONE',  ( 0.0000000000000000000, 0.5999999999999998668, 0.0000000000000000000 ) ) ;
#1788 = ORIENTED_EDGE ( 'NONE', *, *, #1070, .F. ) ;
#1789 = CIRCLE ( 'NONE', #1944, 0.3750000000000000555 ) ;
#1790 = PRODUCT_DEFINITION_SHAPE ( 'NONE', 'NONE',  #636 ) ;
#1791 = EDGE_CURVE ( 'NONE', #2470, #853, #1643, .T. ) ;
#1792 = ADVANCED_FACE ( 'NONE', ( #1922 ), #2641, .T. ) ;
#1793 = CARTESIAN_POINT ( 'NONE',  ( 1.750000000000001554, 0.8000000000000003775, -1.749999999999999778 ) ) ;
#1794 = CARTESIAN_POINT ( 'NONE',  ( 0.1250000000000001110, 0.1250000000000001110, -2.399999999999992362 ) ) ;
#1795 = PLANE ( 'NONE',  #454 ) ;
#1796 = CARTESIAN_POINT ( 'NONE',  ( 0.1250000000000001110, 0.2500000000000002220, -2.399999999999992362 ) ) ;
#1797 = VECTOR ( 'NONE', #342, 1000.000000000000000 ) ;
#1798 = CARTESIAN_POINT ( 'NONE',  ( 3.250000000000002665, 0.8000000000000003775, 1.749999999998839373 ) ) ;
#1799 = ORIENTED_EDGE ( 'NONE', *, *, #3086, .T. ) ;
#1800 = CARTESIAN_POINT ( 'NONE',  ( 1.749999999999987566, 0.5500000000000001554, 3.249999999999999556 ) ) ;
#1801 = DIRECTION ( 'NONE',  ( -0.0000000000000000000, -1.000000000000000000, -0.0000000000000000000 ) ) ;
#1802 = EDGE_CURVE ( 'NONE', #2231, #3040, #1141, .T. ) ;
#1803 = ADVANCED_FACE ( 'NONE', ( #2868 ), #1664, .F. ) ;
#1804 = EDGE_LOOP ( 'NONE', ( #1839, #459, #1355, #913 ) ) ;
#1805 = CARTESIAN_POINT ( 'NONE',  ( 1.539999999282966048, 0.2500000000000002220, 3.040000000000000924 ) ) ;
#1806 = CARTESIAN_POINT ( 'NONE',  ( -3.119999999999997886, 0.1250000000000001110, -3.100000000000000533 ) ) ;
#1807 = STYLED_ITEM ( 'NONE', ( #918 ), #2419 ) ;
#1808 = AXIS2_PLACEMENT_3D ( 'NONE', #1793, #845, #2556 ) ;
#1809 = EDGE_LOOP ( 'NONE', ( #1166, #779, #399, #2302, #2750, #61, #1451, #3067, #1444, #875, #1919, #66, #1572, #1661 ) ) ;
#1810 = AXIS2_PLACEMENT_3D ( 'NONE', #2694, #2953, #187 ) ;
#1811 = FACE_OUTER_BOUND ( 'NONE', #639, .T. ) ;
#1812 = DIRECTION ( 'NONE',  ( 0.0000000000000000000, -1.000000000000000000, 0.0000000000000000000 ) ) ;
#1813 = CARTESIAN_POINT ( 'NONE',  ( 3.166867494569236552, 0.8000000000000003775, -2.349028309388760505 ) ) ;
#1814 = CARTESIAN_POINT ( 'NONE',  ( -3.119999999999997886, 0.1250000000000001110, 3.099999999999998757 ) ) ;
#1815 = ORIENTED_EDGE ( 'NONE', *, *, #1986, .T. ) ;
#1816 = CARTESIAN_POINT ( 'NONE',  ( 3.040000000000000924, 0.0000000000000000000, -1.276292343890875980 ) ) ;
#1817 = CARTESIAN_POINT ( 'NONE',  ( 3.119999999999997886, 0.1250000000000001110, -3.100000000000000533 ) ) ;
#1818 = AXIS2_PLACEMENT_3D ( 'NONE', #566, #10, #998 ) ;
#1819 = VERTEX_POINT ( 'NONE', #881 ) ;
#1820 = FACE_OUTER_BOUND ( 'NONE', #1809, .T. ) ;
#1821 = DIRECTION ( 'NONE',  ( -0.0000000000000000000, -1.000000000000000000, -0.0000000000000000000 ) ) ;
#1822 = PLANE ( 'NONE',  #1319 ) ;
#1823 = ORIENTED_EDGE ( 'NONE', *, *, #72, .T. ) ;
#1824 = DIRECTION ( 'NONE',  ( 1.857305648797438343E-16, 0.0000000000000000000, -1.000000000000000000 ) ) ;
#1825 = DIRECTION ( 'NONE',  ( 0.0000000000000000000, 0.0000000000000000000, 1.000000000000000000 ) ) ;
#1826 = CARTESIAN_POINT ( 'NONE',  ( 0.0000000000000000000, 0.7999999999999986011, -3.249999999999999556 ) ) ;
#1827 = VECTOR ( 'NONE', #1712, 999.9999999999998863 ) ;
#1828 = DIRECTION ( 'NONE',  ( 0.0000000000000000000, 0.0000000000000000000, 1.000000000000000000 ) ) ;
#1829 = ORIENTED_EDGE ( 'NONE', *, *, #537, .T. ) ;
#1830 = CARTESIAN_POINT ( 'NONE',  ( -3.166867494569229446, 0.5499999999999983791, -2.349028309388753843 ) ) ;
#1831 = DIRECTION ( 'NONE',  ( -0.0000000000000000000, -1.000000000000000000, -0.0000000000000000000 ) ) ;
#1832 = ADVANCED_FACE ( 'NONE', ( #2654 ), #2691, .F. ) ;
#1833 = VERTEX_POINT ( 'NONE', #2930 ) ;
#1834 = CYLINDRICAL_SURFACE ( 'NONE', #700, 0.09999999999999999167 ) ;
#1835 = CARTESIAN_POINT ( 'NONE',  ( 3.040000000000000924, 0.0000000000000000000, -1.539999999999989377 ) ) ;
#1836 = AXIS2_PLACEMENT_3D ( 'NONE', #1642, #1153, #634 ) ;
#1837 = DIRECTION ( 'NONE',  ( -1.000000000000000000, 0.0000000000000000000, 0.0000000000000000000 ) ) ;
#1838 = PRODUCT_DEFINITION_FORMATION_WITH_SPECIFIED_SOURCE ( 'ANY', '', #314, .NOT_KNOWN. ) ;
#1839 = ORIENTED_EDGE ( 'NONE', *, *, #1722, .F. ) ;
#1840 = FACE_OUTER_BOUND ( 'NONE', #545, .T. ) ;
#1841 = CARTESIAN_POINT ( 'NONE',  ( -0.4699999999999981970, 6.992588523705121517, 0.0000000000000000000 ) ) ;
#1842 = CARTESIAN_POINT ( 'NONE',  ( 3.249999999999996003, 0.8000000000000003775, -1.465918309119742080 ) ) ;
#1843 = PRODUCT ( 'J7070K Assembly', 'J7070K Assembly', '', ( #2549 ) ) ;
#1844 = PLANE ( 'NONE',  #1909 ) ;
#1845 = ORIENTED_EDGE ( 'NONE', *, *, #2579, .F. ) ;
#1846 = CARTESIAN_POINT ( 'NONE',  ( -2.967026893457215486, 0.0000000000000000000, -2.118442542642645865 ) ) ;
#1847 = CARTESIAN_POINT ( 'NONE',  ( 3.500000000000003109, 0.5999999999999998668, -2.700000000000001066 ) ) ;
#1848 = AXIS2_PLACEMENT_3D ( 'NONE', #1724, #243, #2911 ) ;
#1849 = ORIENTED_EDGE ( 'NONE', *, *, #3200, .T. ) ;
#1850 = DIRECTION ( 'NONE',  ( 0.0000000000000000000, 0.0000000000000000000, -1.000000000000000000 ) ) ;
#1851 = CARTESIAN_POINT ( 'NONE',  ( -0.4699999999999981970, 6.992588523705121517, -2.784999999999999254 ) ) ;
#1852 = EDGE_CURVE ( 'NONE', #2016, #337, #895, .T. ) ;
#1853 = EDGE_CURVE ( 'NONE', #3070, #2403, #681, .T. ) ;
#1854 = DIRECTION ( 'NONE',  ( 1.000000000000000000, -0.0000000000000000000, -0.0000000000000000000 ) ) ;
#1855 = VECTOR ( 'NONE', #1987, 1000.000000000000000 ) ;
#1856 = VERTEX_POINT ( 'NONE', #1910 ) ;
#1857 = VECTOR ( 'NONE', #252, 1000.000000000000000 ) ;
#1858 = ADVANCED_FACE ( 'NONE', ( #3129 ), #2462, .T. ) ;
#1859 = VECTOR ( 'NONE', #1983, 1000.000000000000000 ) ;
#1860 = DIRECTION ( 'NONE',  ( -0.0000000000000000000, -1.000000000000000000, -0.0000000000000000000 ) ) ;
#1861 = CARTESIAN_POINT ( 'NONE',  ( 3.040000000000000924, 0.2500000000000002220, 1.729308550175147285 ) ) ;
#1862 = EDGE_CURVE ( 'NONE', #2337, #2974, #3216, .T. ) ;
#1863 = DIRECTION ( 'NONE',  ( -1.000000000000000000, 0.0000000000000000000, 0.0000000000000000000 ) ) ;
#1864 = ORIENTED_EDGE ( 'NONE', *, *, #302, .T. ) ;
#1865 = CARTESIAN_POINT ( 'NONE',  ( -3.250000000000002665, 0.5500000000000018208, -0.8868275159912633043 ) ) ;
#1866 = CARTESIAN_POINT ( 'NONE',  ( -1.539999999999992708, 0.0000000000000000000, 3.040000000000000924 ) ) ;
#1867 =( NAMED_UNIT ( * ) SI_UNIT ( $, .STERADIAN. ) SOLID_ANGLE_UNIT ( ) );
#1868 = VERTEX_POINT ( 'NONE', #2964 ) ;
#1869 = DIRECTION ( 'NONE',  ( 0.0000000000000000000, 0.0000000000000000000, -1.000000000000000000 ) ) ;
#1870 = DIRECTION ( 'NONE',  ( 0.0000000000000000000, 0.0000000000000000000, 1.000000000000000000 ) ) ;
#1871 = DIRECTION ( 'NONE',  ( 1.000000000000000000, 0.0000000000000000000, -0.0000000000000000000 ) ) ;
#1872 = ORIENTED_EDGE ( 'NONE', *, *, #635, .T. ) ;
#1873 = CARTESIAN_POINT ( 'NONE',  ( 0.7850000000000010303, 0.0000000000000000000, -3.100000000000000533 ) ) ;
#1874 = LINE ( 'NONE', #2672, #1420 ) ;
#1875 = DIRECTION ( 'NONE',  ( 0.0000000000000000000, 0.0000000000000000000, -1.000000000000000000 ) ) ;
#1876 = VERTEX_POINT ( 'NONE', #246 ) ;
#1877 = CARTESIAN_POINT ( 'NONE',  ( -2.349028309388760505, 0.5499999999999983791, -3.166867494569222785 ) ) ;
#1878 = DIRECTION ( 'NONE',  ( -0.0000000000000000000, -0.0000000000000000000, -1.000000000000000000 ) ) ;
#1879 = ORIENTED_EDGE ( 'NONE', *, *, #230, .T. ) ;
#1880 = LINE ( 'NONE', #357, #1692 ) ;
#1881 = CARTESIAN_POINT ( 'NONE',  ( -3.119999999999997886, 0.1250000000000018319, 3.099999999999998757 ) ) ;
#1882 = CARTESIAN_POINT ( 'NONE',  ( 3.400000000000000355, 0.1250000000000001110, 3.400000000000000355 ) ) ;
#1883 = ORIENTED_EDGE ( 'NONE', *, *, #2816, .T. ) ;
#1884 = AXIS2_PLACEMENT_3D ( 'NONE', #2618, #2848, #648 ) ;
#1885 =( GEOMETRIC_REPRESENTATION_CONTEXT ( 3 ) GLOBAL_UNCERTAINTY_ASSIGNED_CONTEXT ( ( #28 ) ) GLOBAL_UNIT_ASSIGNED_CONTEXT ( ( #253, #2500, #1236 ) ) REPRESENTATION_CONTEXT ( 'NONE', 'WORKASPACE' ) );
#1886 = LINE ( 'NONE', #1388, #1161 ) ;
#1887 = DIRECTION ( 'NONE',  ( 0.0000000000000000000, 0.0000000000000000000, 1.000000000000000000 ) ) ;
#1888 = EDGE_CURVE ( 'NONE', #2917, #785, #1240, .T. ) ;
#1889 = EDGE_CURVE ( 'NONE', #3190, #685, #2820, .T. ) ;
#1890 = PRODUCT_RELATED_PRODUCT_CATEGORY ( 'part', '', ( #1271 ) ) ;
#1891 = STYLED_ITEM ( 'NONE', ( #415 ), #374 ) ;
#1892 = UNCERTAINTY_MEASURE_WITH_UNIT (LENGTH_MEASURE( 1.000000000000000082E-05 ), #1081, 'distance_accuracy_value', 'NONE');
#1893 = DIRECTION ( 'NONE',  ( -0.0000000000000000000, -1.000000000000000000, -0.0000000000000000000 ) ) ;
#1894 = ORIENTED_EDGE ( 'NONE', *, *, #3041, .T. ) ;
#1895 = LINE ( 'NONE', #2886, #555 ) ;
#1896 = DIRECTION ( 'NONE',  ( 0.0000000000000000000, 0.0000000000000000000, -1.000000000000000000 ) ) ;
#1897 = EDGE_CURVE ( 'NONE', #2307, #1746, #1036, .T. ) ;
#1898 = APPLICATION_PROTOCOL_DEFINITION ( 'draft international standard', 'automotive_design', 1998, #1714 ) ;
#1899 = ORIENTED_EDGE ( 'NONE', *, *, #1182, .F. ) ;
#1900 = DIRECTION ( 'NONE',  ( 0.0000000000000000000, 0.0000000000000000000, -1.000000000000000000 ) ) ;
#1901 = CARTESIAN_POINT ( 'NONE',  ( -0.7850000000000010303, 6.992588523705121517, 3.099999999999998757 ) ) ;
#1902 = EDGE_CURVE ( 'NONE', #1911, #2797, #1957, .T. ) ;
#1903 = EDGE_CURVE ( 'NONE', #95, #1611, #2035, .T. ) ;
#1904 = CARTESIAN_POINT ( 'NONE',  ( -3.250000000000002665, 0.8000000000000003775, 1.750000000000719647 ) ) ;
#1905 = ORIENTED_EDGE ( 'NONE', *, *, #1224, .T. ) ;
#1906 = DIRECTION ( 'NONE',  ( -0.0000000000000000000, 1.000000000000000000, -0.0000000000000000000 ) ) ;
#1907 = VECTOR ( 'NONE', #1441, 1000.000000000000000 ) ;
#1908 = DIRECTION ( 'NONE',  ( 0.0000000000000000000, 0.0000000000000000000, 1.000000000000000000 ) ) ;
#1909 = AXIS2_PLACEMENT_3D ( 'NONE', #590, #2347, #864 ) ;
#1910 = CARTESIAN_POINT ( 'NONE',  ( -3.119999999999997886, 0.0000000000000000000, 3.099999999999998757 ) ) ;
#1911 = VERTEX_POINT ( 'NONE', #347 ) ;
#1912 = CARTESIAN_POINT ( 'NONE',  ( 2.629748946929785891, 0.0000000000000000000, 2.629748946929792552 ) ) ;
#1913 = CARTESIAN_POINT ( 'NONE',  ( 3.119999999999997886, 0.1250000000000001110, 3.099999999999998757 ) ) ;
#1914 = VERTEX_POINT ( 'NONE', #559 ) ;
#1915 = CARTESIAN_POINT ( 'NONE',  ( -0.5489473684210516291, 0.1250000000000001110, -0.3665955714672389232 ) ) ;
#1916 = CARTESIAN_POINT ( 'NONE',  ( -0.7249999999999965361, 0.2500000000000002220, -3.040000000000000924 ) ) ;
#1917 = ORIENTED_EDGE ( 'NONE', *, *, #413, .F. ) ;
#1918 = FACE_OUTER_BOUND ( 'NONE', #1665, .T. ) ;
#1919 = ORIENTED_EDGE ( 'NONE', *, *, #443, .F. ) ;
#1920 = SURFACE_STYLE_USAGE ( .BOTH. , #696 ) ;
#1921 = DIRECTION ( 'NONE',  ( 1.000000000000000000, 0.0000000000000000000, 0.0000000000000000000 ) ) ;
#1922 = FACE_OUTER_BOUND ( 'NONE', #1184, .T. ) ;
#1923 = VERTEX_POINT ( 'NONE', #85 ) ;
#1924 = CARTESIAN_POINT ( 'NONE',  ( 1.749999999227567438, 0.5500000000000001554, 3.249999999999999556 ) ) ;
#1925 = DIRECTION ( 'NONE',  ( 1.000000000000000000, 0.0000000000000000000, -1.857305648797438343E-16 ) ) ;
#1926 = PRODUCT_CONTEXT ( 'NONE', #1714, 'mechanical' ) ;
#1927 = ORIENTED_EDGE ( 'NONE', *, *, #737, .T. ) ;
#1928 = CYLINDRICAL_SURFACE ( 'NONE', #3210, 0.1000000000000000472 ) ;
#1929 = CARTESIAN_POINT ( 'NONE',  ( -3.040000000000000924, 0.0000000000000000000, 1.539999999999989377 ) ) ;
#1930 = EDGE_CURVE ( 'NONE', #1507, #2592, #1088, .T. ) ;
#1931 = PLANE ( 'NONE',  #2454 ) ;
#1932 = ORIENTED_EDGE ( 'NONE', *, *, #932, .T. ) ;
#1933 = CARTESIAN_POINT ( 'NONE',  ( 0.1250000000000001110, 0.1250000000000001110, 2.399999999999992362 ) ) ;
#1934 = ORIENTED_EDGE ( 'NONE', *, *, #1760, .F. ) ;
#1935 = SURFACE_STYLE_FILL_AREA ( #1662 ) ;
#1936 = PLANE ( 'NONE',  #585 ) ;
#1937 = CARTESIAN_POINT ( 'NONE',  ( -3.039999999999994262, 0.0000000000000000000, 0.0000000000000000000 ) ) ;
#1938 = PRODUCT_DEFINITION_FORMATION_WITH_SPECIFIED_SOURCE ( 'ANY', '', #2308, .NOT_KNOWN. ) ;
#1939 = ORIENTED_EDGE ( 'NONE', *, *, #1079, .T. ) ;
#1940 = CARTESIAN_POINT ( 'NONE',  ( -1.125000000000007994, 0.1250000000000001110, 3.400000000000000355 ) ) ;
#1941 = CARTESIAN_POINT ( 'NONE',  ( 1.539999999999985825, 0.0000000000000000000, -3.040000000000000924 ) ) ;
#1942 = EDGE_CURVE ( 'NONE', #1586, #1914, #3211, .T. ) ;
#1943 = ORIENTED_EDGE ( 'NONE', *, *, #1274, .T. ) ;
#1944 = AXIS2_PLACEMENT_3D ( 'NONE', #542, #1230, #2523 ) ;
#1945 = CARTESIAN_POINT ( 'NONE',  ( 0.7850000000000010303, 0.0000000000000000000, -3.100000000000000533 ) ) ;
#1946 = CARTESIAN_POINT ( 'NONE',  ( -3.119999999999997886, 0.0000000000000000000, 3.099999999999998757 ) ) ;
#1947 = CARTESIAN_POINT ( 'NONE',  ( 3.119999999999997886, 0.0000000000000000000, 3.099999999999998757 ) ) ;
#1948 = EDGE_LOOP ( 'NONE', ( #172, #720, #2313, #1440, #2207 ) ) ;
#1949 = CARTESIAN_POINT ( 'NONE',  ( 3.250000000000002665, 0.8000000000000003775, 1.749999999999987566 ) ) ;
#1950 = ADVANCED_FACE ( 'NONE', ( #1840 ), #1582, .F. ) ;
#1951 = AXIS2_PLACEMENT_3D ( 'NONE', #965, #2712, #470 ) ;
#1952 = VERTEX_POINT ( 'NONE', #100 ) ;
#1953 = LINE ( 'NONE', #713, #1827 ) ;
#1954 = CARTESIAN_POINT ( 'NONE',  ( -3.250000000000002665, 0.5500000000000001554, -1.953934515308848541 ) ) ;
#1955 = VECTOR ( 'NONE', #1995, 1000.000000000000000 ) ;
#1956 = CARTESIAN_POINT ( 'NONE',  ( -3.119999999999997886, 0.0000000000000000000, -3.100000000000000533 ) ) ;
#1957 = CIRCLE ( 'NONE', #404, 0.09999999999999999167 ) ;
#1958 = DIRECTION ( 'NONE',  ( 1.000000000000000000, -0.0000000000000000000, -1.906289534040453156E-16 ) ) ;
#1959 = PLANE ( 'NONE',  #1810 ) ;
#1960 = CIRCLE ( 'NONE', #2529, 1.500000000000000000 ) ;
#1961 = EDGE_CURVE ( 'NONE', #2592, #2631, #3076, .T. ) ;
#1962 = PRESENTATION_LAYER_ASSIGNMENT (  '', '', ( #1396 ) ) ;
#1963 = VERTEX_POINT ( 'NONE', #2292 ) ;
#1964 = FACE_OUTER_BOUND ( 'NONE', #2687, .T. ) ;
#1965 = CARTESIAN_POINT ( 'NONE',  ( 1.750000000000001554, 0.5500000000000001554, 1.749999999999998002 ) ) ;
#1966 =( LENGTH_UNIT ( ) NAMED_UNIT ( * ) SI_UNIT ( .MILLI., .METRE. ) );
#1967 = EDGE_LOOP ( 'NONE', ( #2253, #2492, #667, #219 ) ) ;
#1968 = EDGE_CURVE ( 'NONE', #75, #178, #603, .T. ) ;
#1969 = DIRECTION ( 'NONE',  ( 0.0000000000000000000, -0.0000000000000000000, 1.000000000000000000 ) ) ;
#1970 = ORIENTED_EDGE ( 'NONE', *, *, #1942, .F. ) ;
#1971 = CARTESIAN_POINT ( 'NONE',  ( 1.539999999999985825, 0.2500000000000002220, -3.040000000000000924 ) ) ;
#1972 = CARTESIAN_POINT ( 'NONE',  ( -0.7850000000000010303, 0.0000000000000000000, -3.100000000000000533 ) ) ;
#1973 = FACE_BOUND ( 'NONE', #682, .T. ) ;
#1974 = CARTESIAN_POINT ( 'NONE',  ( -3.500000000000003109, 0.8000000000000003775, -3.499999999999999556 ) ) ;
#1975 = ORIENTED_EDGE ( 'NONE', *, *, #507, .T. ) ;
#1976 = ORIENTED_EDGE ( 'NONE', *, *, #1651, .T. ) ;
#1977 = CARTESIAN_POINT ( 'NONE',  ( 1.276292343890879311, 0.0000000000000000000, 3.040000000000000924 ) ) ;
#1978 = CARTESIAN_POINT ( 'NONE',  ( -3.119999999999997886, 0.1250000000000001110, 3.099999999999998757 ) ) ;
#1979 = ORIENTED_EDGE ( 'NONE', *, *, #1755, .F. ) ;
#1980 = CARTESIAN_POINT ( 'NONE',  ( 0.0000000000000000000, 0.8000000000000003775, 0.0000000000000000000 ) ) ;
#1981 = AXIS2_PLACEMENT_3D ( 'NONE', #3171, #722, #1163 ) ;
#1982 = EDGE_LOOP ( 'NONE', ( #725, #495, #1014, #1976 ) ) ;
#1983 = DIRECTION ( 'NONE',  ( -1.000000000000000000, 0.0000000000000000000, 0.0000000000000000000 ) ) ;
#1984 = EDGE_CURVE ( 'NONE', #1244, #1447, #2256, .T. ) ;
#1985 = CARTESIAN_POINT ( 'NONE',  ( -3.400000000000000355, 0.1250000000000001110, 3.400000000000000355 ) ) ;
#1986 = EDGE_CURVE ( 'NONE', #184, #781, #2343, .T. ) ;
#1987 = DIRECTION ( 'NONE',  ( -0.0000000000000000000, 1.000000000000000000, -0.0000000000000000000 ) ) ;
#1988 =( NAMED_UNIT ( * ) PLANE_ANGLE_UNIT ( ) SI_UNIT ( $, .RADIAN. ) );
#1989 = EDGE_LOOP ( 'NONE', ( #2968, #2021, #618, #353, #2945, #689 ) ) ;
#1990 = AXIS2_PLACEMENT_3D ( 'NONE', #164, #445, #1403 ) ;
#1991 = STYLED_ITEM ( 'NONE', ( #2858 ), #3084 ) ;
#1992 = LINE ( 'NONE', #2985, #1598 ) ;
#1993 = VERTEX_POINT ( 'NONE', #2593 ) ;
#1994 = ADVANCED_FACE ( 'NONE', ( #1811 ), #68, .T. ) ;
#1995 = DIRECTION ( 'NONE',  ( -1.000000000000000000, 0.0000000000000000000, 0.0000000000000000000 ) ) ;
#1996 = FACE_OUTER_BOUND ( 'NONE', #3060, .T. ) ;
#1997 = DIRECTION ( 'NONE',  ( 1.000000000000000000, 0.0000000000000000000, 0.0000000000000000000 ) ) ;
#1998 = ORIENTED_EDGE ( 'NONE', *, *, #828, .T. ) ;
#1999 = CARTESIAN_POINT ( 'NONE',  ( -3.040000000000000924, 0.2500000000000002220, -1.729308550175147285 ) ) ;
#2000 = EDGE_CURVE ( 'NONE', #1626, #2362, #2104, .T. ) ;
#2001 = EDGE_CURVE ( 'NONE', #22, #960, #2991, .T. ) ;
#2002 = ORIENTED_EDGE ( 'NONE', *, *, #2424, .F. ) ;
#2003 = CIRCLE ( 'NONE', #752, 0.1000000000000000472 ) ;
#2004 = CARTESIAN_POINT ( 'NONE',  ( 0.8868275159912633043, 0.5500000000000001554, -3.249999999999999556 ) ) ;
#2005 = CARTESIAN_POINT ( 'NONE',  ( -0.5489473684210516291, 0.0000000000000000000, 0.3665955714672389232 ) ) ;
#2006 = FACE_OUTER_BOUND ( 'NONE', #245, .T. ) ;
#2007 = CARTESIAN_POINT ( 'NONE',  ( -1.125000000000007994, 0.1250000000000001110, 3.400000000000000355 ) ) ;
#2008 = VERTEX_POINT ( 'NONE', #908 ) ;
#2009 = AXIS2_PLACEMENT_3D ( 'NONE', #1717, #2707, #3166 ) ;
#2010 = LINE ( 'NONE', #7, #809 ) ;
#2011 = ORIENTED_EDGE ( 'NONE', *, *, #406, .F. ) ;
#2012 = PLANE ( 'NONE',  #2526 ) ;
#2013 = FACE_OUTER_BOUND ( 'NONE', #1196, .T. ) ;
#2014 = VECTOR ( 'NONE', #1875, 1000.000000000000000 ) ;
#2015 = FILL_AREA_STYLE_COLOUR ( '', #2668 ) ;
#2016 = VERTEX_POINT ( 'NONE', #572 ) ;
#2017 = CARTESIAN_POINT ( 'NONE',  ( -3.249999999999996003, 0.7999999999999986011, 0.0000000000000000000 ) ) ;
#2018 = LINE ( 'NONE', #2689, #1512 ) ;
#2019 = ORIENTED_EDGE ( 'NONE', *, *, #124, .T. ) ;
#2020 = CARTESIAN_POINT ( 'NONE',  ( -2.967026893457215486, 0.0000000000000000000, -2.118442542642645865 ) ) ;
#2021 = ORIENTED_EDGE ( 'NONE', *, *, #3109, .T. ) ;
#2022 = CARTESIAN_POINT ( 'NONE',  ( -1.125000000000007994, 0.1250000000000001110, 3.400000000000000355 ) ) ;
#2023 = DIRECTION ( 'NONE',  ( 0.0000000000000000000, 0.0000000000000000000, -1.000000000000000000 ) ) ;
#2024 = ORIENTED_EDGE ( 'NONE', *, *, #2233, .T. ) ;
#2025 = LINE ( 'NONE', #1748, #1687 ) ;
#2026 = ORIENTED_EDGE ( 'NONE', *, *, #1852, .T. ) ;
#2027 = DIRECTION ( 'NONE',  ( 1.906289534040453156E-16, 0.0000000000000000000, 1.000000000000000000 ) ) ;
#2028 = CARTESIAN_POINT ( 'NONE',  ( 3.040000000000000924, 0.2500000000000002220, 1.539999999999989377 ) ) ;
#2029 = CARTESIAN_POINT ( 'NONE',  ( 0.0000000000000000000, 0.0000000000000000000, 0.0000000000000000000 ) ) ;
#2030 = VERTEX_POINT ( 'NONE', #332 ) ;
#2031 = CARTESIAN_POINT ( 'NONE',  ( -2.967026893457215486, 0.2500000000000002220, -2.118442542642645865 ) ) ;
#2032 = FACE_OUTER_BOUND ( 'NONE', #2511, .T. ) ;
#2033 = EDGE_CURVE ( 'NONE', #2348, #2940, #2787, .T. ) ;
#2034 = ORIENTED_EDGE ( 'NONE', *, *, #1509, .F. ) ;
#2035 = LINE ( 'NONE', #1548, #556 ) ;
#2036 = DIRECTION ( 'NONE',  ( 0.0000000000000000000, 0.0000000000000000000, 1.000000000000000000 ) ) ;
#2037 = B_SPLINE_CURVE_WITH_KNOTS ( 'NONE', 1,
 ( #1542, #2799 ),
 .UNSPECIFIED., .F., .F.,
 ( 2, 2 ),
 ( 0.0000000000000000000, 1.000000000000000000 ),
 .UNSPECIFIED. ) ;
#2038 = CARTESIAN_POINT ( 'NONE',  ( -3.166867494569229446, 0.7999999999999986011, 2.349028309388760505 ) ) ;
#2039 = PLANE ( 'NONE',  #3090 ) ;
#2040 = ORIENTED_EDGE ( 'NONE', *, *, #1011, .T. ) ;
#2041 = EDGE_LOOP ( 'NONE', ( #1979, #1669, #1894, #1008 ) ) ;
#2042 = LINE ( 'NONE', #1300, #1122 ) ;
#2043 = DIRECTION ( 'NONE',  ( 0.0000000000000000000, 0.0000000000000000000, 1.000000000000000000 ) ) ;
#2044 = VECTOR ( 'NONE', #1921, 1000.000000000000000 ) ;
#2045 = PRESENTATION_LAYER_ASSIGNMENT (  '', '', ( #1991 ) ) ;
#2046 =( NAMED_UNIT ( * ) SI_UNIT ( $, .STERADIAN. ) SOLID_ANGLE_UNIT ( ) );
#2047 = PRODUCT_DEFINITION_CONTEXT ( 'detailed design', #2381, 'design' ) ;
#2048 = EDGE_LOOP ( 'NONE', ( #2279, #432, #2675, #2501 ) ) ;
#2049 = CARTESIAN_POINT ( 'NONE',  ( 0.0000000000000000000, 0.8000000000000003775, 3.249999999999999556 ) ) ;
#2050 = DIRECTION ( 'NONE',  ( 1.000000000000000000, -0.0000000000000000000, -0.0000000000000000000 ) ) ;
#2051 = ADVANCED_FACE ( 'NONE', ( #1306 ), #1053, .F. ) ;
#2052 = CIRCLE ( 'NONE', #643, 0.9999999999999997780 ) ;
#2053 = ORIENTED_EDGE ( 'NONE', *, *, #2226, .F. ) ;
#2054 = B_SPLINE_CURVE_WITH_KNOTS ( 'NONE', 3,
 ( #2112, #595, #1592, #871 ),
 .UNSPECIFIED., .F., .F.,
 ( 4, 4 ),
 ( 0.0000000000000000000, 1.000000000000000000 ),
 .UNSPECIFIED. ) ;
#2055 = DIRECTION ( 'NONE',  ( -0.0000000000000000000, -0.0000000000000000000, -1.000000000000000000 ) ) ;
#2056 = DIRECTION ( 'NONE',  ( 0.0000000000000000000, 0.0000000000000000000, -1.000000000000000000 ) ) ;
#2057 = CARTESIAN_POINT ( 'NONE',  ( 2.967026893457215486, 0.2500000000000002220, -2.118442542642644089 ) ) ;
#2058 = AXIS2_PLACEMENT_3D ( 'NONE', #2958, #2447, #951 ) ;
#2059 = DIRECTION ( 'NONE',  ( -1.408054769461703803E-16, -0.0000000000000000000, 1.000000000000000000 ) ) ;
#2060 = ORIENTED_EDGE ( 'NONE', *, *, #214, .F. ) ;
#2061 = CARTESIAN_POINT ( 'NONE',  ( 2.837024905209296843, 0.5499999999999983791, -2.837024905209293291 ) ) ;
#2062 = DIRECTION ( 'NONE',  ( 0.0000000000000000000, 1.000000000000000000, 0.0000000000000000000 ) ) ;
#2063 = ADVANCED_FACE ( 'NONE', ( #3061 ), #1452, .T. ) ;
#2064 = DIRECTION ( 'NONE',  ( 0.0000000000000000000, -1.000000000000000000, 0.0000000000000000000 ) ) ;
#2065 = ORIENTED_EDGE ( 'NONE', *, *, #2578, .T. ) ;
#2066 = CARTESIAN_POINT ( 'NONE',  ( 1.953934515308848541, 0.8000000000000003775, -3.250000000000001332 ) ) ;
#2067 = CARTESIAN_POINT ( 'NONE',  ( -0.7850000000000010303, 6.992588523705121517, -3.100000000000000533 ) ) ;
#2068 = VECTOR ( 'NONE', #496, 1000.000000000000000 ) ;
#2069 = DIRECTION ( 'NONE',  ( -0.0000000000000000000, -0.0000000000000000000, 1.000000000000000000 ) ) ;
#2070 = ORIENTED_EDGE ( 'NONE', *, *, #981, .T. ) ;
#2071 = DIRECTION ( 'NONE',  ( 0.0000000000000000000, 0.0000000000000000000, -1.000000000000000000 ) ) ;
#2072 = LINE ( 'NONE', #101, #3140 ) ;
#2073 = CARTESIAN_POINT ( 'NONE',  ( -3.040000000000000924, 0.2500000000000002220, -1.729308550175147285 ) ) ;
#2074 = CARTESIAN_POINT ( 'NONE',  ( 0.0000000000000000000, 0.5500000000000001554, 0.0000000000000000000 ) ) ;
#2075 = VERTEX_POINT ( 'NONE', #1691 ) ;
#2076 = CARTESIAN_POINT ( 'NONE',  ( 1.953934515308848541, 0.5500000000000001554, -3.250000000000001332 ) ) ;
#2077 = CARTESIAN_POINT ( 'NONE',  ( -0.4699999999999981970, 6.992588523705121517, 0.4643543905251679149 ) ) ;
#2078 = AXIS2_PLACEMENT_3D ( 'NONE', #2110, #401, #3100 ) ;
#2079 = ORIENTED_EDGE ( 'NONE', *, *, #1187, .T. ) ;
#2080 = CARTESIAN_POINT ( 'NONE',  ( 3.250000000000002665, 0.8000000000000003775, 0.8868275159912633043 ) ) ;
#2081 = CARTESIAN_POINT ( 'NONE',  ( -0.7850000000000010303, 0.1250000000000001110, 3.099999999999998757 ) ) ;
#2082 = DIRECTION ( 'NONE',  ( -0.0000000000000000000, -0.0000000000000000000, -1.000000000000000000 ) ) ;
#2083 = ORIENTED_EDGE ( 'NONE', *, *, #598, .F. ) ;
#2084 = DIRECTION ( 'NONE',  ( -0.0000000000000000000, -1.000000000000000000, -0.0000000000000000000 ) ) ;
#2085 = CARTESIAN_POINT ( 'NONE',  ( -3.400000000000000355, 0.1250000000000001110, 3.400000000000000355 ) ) ;
#2086 = CARTESIAN_POINT ( 'NONE',  ( 3.040000000000000924, 0.2500000000000002220, -0.7598553693929712693 ) ) ;
#2087 = VECTOR ( 'NONE', #1526, 1000.000000000000000 ) ;
#2088 = EDGE_CURVE ( 'NONE', #2470, #2587, #987, .T. ) ;
#2089 = PLANE ( 'NONE',  #89 ) ;
#2090 = ORIENTED_EDGE ( 'NONE', *, *, #1316, .T. ) ;
#2091 = CARTESIAN_POINT ( 'NONE',  ( 0.8868275159912633043, 0.5500000000000001554, -3.249999999999999556 ) ) ;
#2092 = DIRECTION ( 'NONE',  ( -1.000000000000000000, 0.0000000000000000000, 1.239088197126298706E-16 ) ) ;
#2093 = EDGE_CURVE ( 'NONE', #1528, #1401, #2003, .T. ) ;
#2094 =( LENGTH_UNIT ( ) NAMED_UNIT ( * ) SI_UNIT ( .MILLI., .METRE. ) );
#2095 = EDGE_CURVE ( 'NONE', #1690, #1586, #2160, .T. ) ;
#2096 = ORIENTED_EDGE ( 'NONE', *, *, #1722, .T. ) ;
#2097 = CARTESIAN_POINT ( 'NONE',  ( 3.040000000000000924, 0.2500000000000002220, -1.276292343890875980 ) ) ;
#2098 = DIRECTION ( 'NONE',  ( 0.0000000000000000000, 0.0000000000000000000, 1.000000000000000000 ) ) ;
#2099 = VECTOR ( 'NONE', #472, 1000.000000000000000 ) ;
#2100 = DIRECTION ( 'NONE',  ( 0.0000000000000000000, 0.0000000000000000000, -1.000000000000000000 ) ) ;
#2101 = EDGE_CURVE ( 'NONE', #2663, #2410, #1221, .T. ) ;
#2102 = MECHANICAL_DESIGN_GEOMETRIC_PRESENTATION_REPRESENTATION (  '', ( #896 ), #536 ) ;
#2103 = VERTEX_POINT ( 'NONE', #1238 ) ;
#2104 = LINE ( 'NONE', #115, #2157 ) ;
#2105 = FACE_OUTER_BOUND ( 'NONE', #427, .T. ) ;
#2106 = CARTESIAN_POINT ( 'NONE',  ( -2.118442542642644089, 0.2500000000000002220, -2.967026893457219039 ) ) ;
#2107 = CARTESIAN_POINT ( 'NONE',  ( -1.125000000000000888, 0.2500000000000002220, 2.399999999999999467 ) ) ;
#2108 = VERTEX_POINT ( 'NONE', #741 ) ;
#2109 = CARTESIAN_POINT ( 'NONE',  ( -3.166867494569229446, 0.5499999999999983791, 2.349028309388760505 ) ) ;
#2110 = CARTESIAN_POINT ( 'NONE',  ( 1.539999999999999591, 0.2500000000000002220, 1.539999999999999591 ) ) ;
#2111 = ORIENTED_EDGE ( 'NONE', *, *, #1323, .F. ) ;
#2112 = CARTESIAN_POINT ( 'NONE',  ( -0.7249999999999965361, 0.0000000000000000000, -3.040000000000000924 ) ) ;
#2113 = FACE_OUTER_BOUND ( 'NONE', #474, .T. ) ;
#2114 = CARTESIAN_POINT ( 'NONE',  ( 0.1250000000000001110, 0.2500000000000002220, 2.399999999999992362 ) ) ;
#2115 = VECTOR ( 'NONE', #1783, 1000.000000000000000 ) ;
#2116 = VERTEX_POINT ( 'NONE', #2451 ) ;
#2117 = VECTOR ( 'NONE', #1555, 1000.000000000000000 ) ;
#2118 = VECTOR ( 'NONE', #1878, 1000.000000000000000 ) ;
#2119 = CARTESIAN_POINT ( 'NONE',  ( 1.125000000000000888, 0.2500000000000002220, 2.399999999999999467 ) ) ;
#2120 = DIRECTION ( 'NONE',  ( 0.0000000000000000000, 1.000000000000000000, 0.0000000000000000000 ) ) ;
#2121 = CARTESIAN_POINT ( 'NONE',  ( 0.4699999999999981970, 0.1250000000000001110, 2.784999999999999254 ) ) ;
#2122 = ORIENTED_EDGE ( 'NONE', *, *, #1791, .T. ) ;
#2123 = CARTESIAN_POINT ( 'NONE',  ( 2.118442542642644089, 0.0000000000000000000, -2.967026893457220815 ) ) ;
#2124 = CARTESIAN_POINT ( 'NONE',  ( -0.1250000000000001110, 0.2500000000000002220, 2.399999999999992362 ) ) ;
#2125 = SHAPE_DEFINITION_REPRESENTATION ( #395, #1164 ) ;
#2126 = EDGE_LOOP ( 'NONE', ( #1775, #2238, #1480, #2261 ) ) ;
#2127 = CARTESIAN_POINT ( 'NONE',  ( -0.1250000000000001110, 0.1250000000000001110, 2.399999999999992362 ) ) ;
#2128 = LINE ( 'NONE', #2602, #1725 ) ;
#2129 = DIRECTION ( 'NONE',  ( 0.7071067811865474617, -0.0000000000000000000, 0.7071067811865474617 ) ) ;
#2130 = VERTEX_POINT ( 'NONE', #2735 ) ;
#2131 = ADVANCED_FACE ( 'NONE', ( #955 ), #3209, .F. ) ;
#2132 = PRODUCT_DEFINITION ( 'UNKNOWN', '', #1938, #2047 ) ;
#2133 = DIRECTION ( 'NONE',  ( -0.0000000000000000000, -1.000000000000000000, -0.0000000000000000000 ) ) ;
#2134 = LINE ( 'NONE', #2623, #67 ) ;
#2135 = DIRECTION ( 'NONE',  ( -0.0000000000000000000, -1.000000000000000000, -0.0000000000000000000 ) ) ;
#2136 = ADVANCED_FACE ( 'NONE', ( #970, #1741 ), #2941, .T. ) ;
#2137 = ADVANCED_FACE ( 'NONE', ( #458 ), #1416, .F. ) ;
#2138 = ORIENTED_EDGE ( 'NONE', *, *, #2000, .F. ) ;
#2139 = CARTESIAN_POINT ( 'NONE',  ( -3.119999999999997886, 0.1250000000000001110, -3.100000000000000533 ) ) ;
#2140 = DIRECTION ( 'NONE',  ( 1.000000000000000000, 0.0000000000000000000, 0.0000000000000000000 ) ) ;
#2141 = EDGE_LOOP ( 'NONE', ( #1668, #2090, #216, #776, #2859 ) ) ;
#2142 = CARTESIAN_POINT ( 'NONE',  ( -0.4699999999999981970, 0.1250000000000001110, -2.784999999999999254 ) ) ;
#2143 = CARTESIAN_POINT ( 'NONE',  ( 1.539999999999992708, 0.2500000000000002220, 3.040000000000000924 ) ) ;
#2144 = CARTESIAN_POINT ( 'NONE',  ( -0.7250000000000034195, 0.0000000000000000000, 3.040000000000000924 ) ) ;
#2145 = VERTEX_POINT ( 'NONE', #2975 ) ;
#2146 = CIRCLE ( 'NONE', #788, 1.000000000000000000 ) ;
#2147 = PRESENTATION_STYLE_ASSIGNMENT (( #1920 ) ) ;
#2148 = DIRECTION ( 'NONE',  ( 0.0000000000000000000, -0.0000000000000000000, 1.000000000000000000 ) ) ;
#2149 = VECTOR ( 'NONE', #2327, 1000.000000000000000 ) ;
#2150 = CARTESIAN_POINT ( 'NONE',  ( -3.040000000000000924, 0.0000000000000000000, 1.729308550175147285 ) ) ;
#2151 = ORIENTED_EDGE ( 'NONE', *, *, #3124, .F. ) ;
#2152 = LINE ( 'NONE', #3148, #402 ) ;
#2153 = DIRECTION ( 'NONE',  ( 0.0000000000000000000, 0.0000000000000000000, -1.000000000000000000 ) ) ;
#2154 = ORIENTED_EDGE ( 'NONE', *, *, #841, .F. ) ;
#2155 = PLANE ( 'NONE',  #2058 ) ;
#2156 = LINE ( 'NONE', #1430, #3103 ) ;
#2157 = VECTOR ( 'NONE', #791, 1000.000000000000000 ) ;
#2158 = DIRECTION ( 'NONE',  ( -0.0000000000000000000, -1.000000000000000000, -0.0000000000000000000 ) ) ;
#2159 = ORIENTED_EDGE ( 'NONE', *, *, #695, .T. ) ;
#2160 = LINE ( 'NONE', #1949, #1279 ) ;
#2161 = VECTOR ( 'NONE', #2932, 1000.000000000000000 ) ;
#2162 = ORIENTED_EDGE ( 'NONE', *, *, #1889, .F. ) ;
#2163 = CARTESIAN_POINT ( 'NONE',  ( 3.119999999999997886, 0.0000000000000000000, -3.100000000000000533 ) ) ;
#2164 = AXIS2_PLACEMENT_3D ( 'NONE', #2545, #3097, #3050 ) ;
#2165 = CARTESIAN_POINT ( 'NONE',  ( -2.629748946929792552, 0.0000000000000000000, 2.629748946929785891 ) ) ;
#2166 = ORIENTED_EDGE ( 'NONE', *, *, #2955, .F. ) ;
#2167 = CARTESIAN_POINT ( 'NONE',  ( -1.750000000000716316, 0.5500000000000001554, -3.249999999999999556 ) ) ;
#2168 = DIRECTION ( 'NONE',  ( 1.000000000000000000, 0.0000000000000000000, 0.0000000000000000000 ) ) ;
#2169 = EDGE_CURVE ( 'NONE', #994, #194, #552, .T. ) ;
#2170 = ORIENTED_EDGE ( 'NONE', *, *, #2811, .T. ) ;
#2171 = PLANE ( 'NONE',  #2688 ) ;
#2172 = DIRECTION ( 'NONE',  ( 0.0000000000000000000, 1.000000000000000000, 0.0000000000000000000 ) ) ;
#2173 = VERTEX_POINT ( 'NONE', #2418 ) ;
#2174 = CARTESIAN_POINT ( 'NONE',  ( 1.125000000000000888, 0.1250000000000001110, -2.399999999999999467 ) ) ;
#2175 = VERTEX_POINT ( 'NONE', #1676 ) ;
#2176 = FACE_OUTER_BOUND ( 'NONE', #2610, .T. ) ;
#2177 = CARTESIAN_POINT ( 'NONE',  ( -2.837024905209296843, 0.5500000000000018208, 2.837024905209296843 ) ) ;
#2178 = VERTEX_POINT ( 'NONE', #3160 ) ;
#2179 = DIRECTION ( 'NONE',  ( -1.000000000000000000, 0.0000000000000000000, 0.0000000000000000000 ) ) ;
#2180 = FACE_OUTER_BOUND ( 'NONE', #2255, .T. ) ;
#2181 = VERTEX_POINT ( 'NONE', #3175 ) ;
#2182 = ADVANCED_FACE ( 'NONE', ( #922 ), #1481, .F. ) ;
#2183 = FILL_AREA_STYLE_COLOUR ( '', #705 ) ;
#2184 = FACE_OUTER_BOUND ( 'NONE', #1212, .T. ) ;
#2185 = ADVANCED_FACE ( 'NONE', ( #1918 ), #2685, .T. ) ;
#2186 = CARTESIAN_POINT ( 'NONE',  ( -0.5489473684210516291, 6.992588523705121517, 0.3665955714672389232 ) ) ;
#2187 = AXIS2_PLACEMENT_3D ( 'NONE', #1774, #2765, #1223 ) ;
#2188 = EDGE_LOOP ( 'NONE', ( #760, #1823, #41, #2864 ) ) ;
#2189 = DIRECTION ( 'NONE',  ( 1.000000000000000000, 0.0000000000000000000, -0.0000000000000000000 ) ) ;
#2190 = ORIENTED_EDGE ( 'NONE', *, *, #2233, .F. ) ;
#2191 = CARTESIAN_POINT ( 'NONE',  ( 1.539999999999992708, 0.2500000000000002220, 3.040000000000000924 ) ) ;
#2192 = EDGE_CURVE ( 'NONE', #75, #2348, #397, .T. ) ;
#2193 = VECTOR ( 'NONE', #2082, 1000.000000000000000 ) ;
#2194 = PRODUCT_DEFINITION_FORMATION_WITH_SPECIFIED_SOURCE ( 'ANY', '', #1843, .NOT_KNOWN. ) ;
#2195 = CARTESIAN_POINT ( 'NONE',  ( -0.7850000000000010303, 6.992588523705121517, -3.100000000000000533 ) ) ;
#2196 = ORIENTED_EDGE ( 'NONE', *, *, #3109, .F. ) ;
#2197 = CARTESIAN_POINT ( 'NONE',  ( -1.125000000000007994, 0.2500000000000002220, 3.400000000000000355 ) ) ;
#2198 = DIRECTION ( 'NONE',  ( 0.0000000000000000000, 0.0000000000000000000, -1.000000000000000000 ) ) ;
#2199 = EDGE_CURVE ( 'NONE', #113, #765, #677, .T. ) ;
#2200 = VERTEX_POINT ( 'NONE', #488 ) ;
#2201 = AXIS2_PLACEMENT_3D ( 'NONE', #2494, #732, #1023 ) ;
#2202 = CARTESIAN_POINT ( 'NONE',  ( -3.400000000000000355, 0.2500000000000002220, 3.400000000000000355 ) ) ;
#2203 = LINE ( 'NONE', #471, #141 ) ;
#2204 = DIRECTION ( 'NONE',  ( 0.0000000000000000000, 0.0000000000000000000, 1.000000000000000000 ) ) ;
#2205 = ORIENTED_EDGE ( 'NONE', *, *, #891, .F. ) ;
#2206 = DIRECTION ( 'NONE',  ( -1.000000000000000000, 0.0000000000000000000, -0.0000000000000000000 ) ) ;
#2207 = ORIENTED_EDGE ( 'NONE', *, *, #1111, .F. ) ;
#2208 = LINE ( 'NONE', #1562, #2346 ) ;
#2209 = CARTESIAN_POINT ( 'NONE',  ( 1.539999999282966048, 0.0000000000000000000, 3.040000000000000924 ) ) ;
#2210 = ORIENTED_EDGE ( 'NONE', *, *, #1649, .F. ) ;
#2211 = AXIS2_PLACEMENT_3D ( 'NONE', #90, #1374, #3079 ) ;
#2212 = CARTESIAN_POINT ( 'NONE',  ( -1.953934515308848541, 0.8000000000000003775, 3.250000000000002665 ) ) ;
#2213 = DIRECTION ( 'NONE',  ( 0.0000000000000000000, -1.000000000000000000, 0.0000000000000000000 ) ) ;
#2214 = VECTOR ( 'NONE', #1210, 1000.000000000000000 ) ;
#2215 = ORIENTED_EDGE ( 'NONE', *, *, #122, .F. ) ;
#2216 = DIRECTION ( 'NONE',  ( 0.7071067811865495711, -0.0000000000000000000, 0.7071067811865454633 ) ) ;
#2217 = LINE ( 'NONE', #2466, #1123 ) ;
#2218 = SURFACE_STYLE_FILL_AREA ( #2762 ) ;
#2219 = ORIENTED_EDGE ( 'NONE', *, *, #1551, .T. ) ;
#2220 = LINE ( 'NONE', #475, #3096 ) ;
#2221 = EDGE_CURVE ( 'NONE', #2711, #670, #2220, .T. ) ;
#2222 = ADVANCED_FACE ( 'NONE', ( #1820 ), #2984, .F. ) ;
#2223 = ORIENTED_EDGE ( 'NONE', *, *, #2816, .F. ) ;
#2224 = EDGE_CURVE ( 'NONE', #2258, #1626, #2601, .T. ) ;
#2225 = VECTOR ( 'NONE', #26, 1000.000000000000000 ) ;
#2226 = EDGE_CURVE ( 'NONE', #2626, #1076, #2054, .T. ) ;
#2227 = CARTESIAN_POINT ( 'NONE',  ( -2.629748946929792552, 0.0000000000000000000, -2.629748946929789444 ) ) ;
#2228 = LINE ( 'NONE', #233, #1213 ) ;
#2229 = DIRECTION ( 'NONE',  ( -1.000000000000000000, 0.0000000000000000000, 0.0000000000000000000 ) ) ;
#2230 = CARTESIAN_POINT ( 'NONE',  ( -3.119999999999997886, 0.1250000000000018319, 3.099999999999998757 ) ) ;
#2231 = VERTEX_POINT ( 'NONE', #2127 ) ;
#2232 = EDGE_CURVE ( 'NONE', #1833, #817, #962, .T. ) ;
#2233 = EDGE_CURVE ( 'NONE', #2231, #2175, #1880, .T. ) ;
#2234 = LINE ( 'NONE', #2282, #2068 ) ;
#2235 = ORIENTED_EDGE ( 'NONE', *, *, #2265, .F. ) ;
#2236 = CARTESIAN_POINT ( 'NONE',  ( 0.4699999999999981970, 0.0000000000000000000, 2.784999999999999254 ) ) ;
#2237 = DIRECTION ( 'NONE',  ( -1.000000000000000000, 0.0000000000000000000, 0.0000000000000000000 ) ) ;
#2238 = ORIENTED_EDGE ( 'NONE', *, *, #1563, .F. ) ;
#2239 = CARTESIAN_POINT ( 'NONE',  ( -3.250000000000002665, 0.8000000000000020428, 0.8868275159912633043 ) ) ;
#2240 = MECHANICAL_DESIGN_GEOMETRIC_PRESENTATION_REPRESENTATION (  '', ( #531 ), #836 ) ;
#2241 = VECTOR ( 'NONE', #582, 1000.000000000000000 ) ;
#2242 = VERTEX_POINT ( 'NONE', #580 ) ;
#2243 = CARTESIAN_POINT ( 'NONE',  ( -1.276292343890879311, 0.0000000000000000000, -3.039999999999999147 ) ) ;
#2244 = FACE_OUTER_BOUND ( 'NONE', #99, .T. ) ;
#2245 = DIRECTION ( 'NONE',  ( 0.0000000000000000000, 0.0000000000000000000, 1.000000000000000000 ) ) ;
#2246 = CARTESIAN_POINT ( 'NONE',  ( -0.4699999999999981970, 6.992588523705121517, 0.4643543905251679149 ) ) ;
#2247 = ORIENTED_EDGE ( 'NONE', *, *, #2224, .T. ) ;
#2248 = VECTOR ( 'NONE', #3059, 1000.000000000000000 ) ;
#2249 = CARTESIAN_POINT ( 'NONE',  ( 0.7850000000000010303, 0.1250000000000001110, -3.100000000000000533 ) ) ;
#2250 = ORIENTED_EDGE ( 'NONE', *, *, #501, .F. ) ;
#2251 = DIRECTION ( 'NONE',  ( -0.0000000000000000000, -1.000000000000000000, -0.0000000000000000000 ) ) ;
#2252 = DIRECTION ( 'NONE',  ( -0.0000000000000000000, 1.000000000000000000, -0.0000000000000000000 ) ) ;
#2253 = ORIENTED_EDGE ( 'NONE', *, *, #2862, .T. ) ;
#2254 = CARTESIAN_POINT ( 'NONE',  ( -3.166867494569229446, 0.7999999999999986011, 2.349028309388760505 ) ) ;
#2255 = EDGE_LOOP ( 'NONE', ( #3169, #1262, #515, #1151 ) ) ;
#2256 = CIRCLE ( 'NONE', #1168, 0.1000000000000000472 ) ;
#2257 = CARTESIAN_POINT ( 'NONE',  ( 2.629748946929785891, 0.0000000000000000000, 2.629748946929792552 ) ) ;
#2258 = VERTEX_POINT ( 'NONE', #644 ) ;
#2259 = DIRECTION ( 'NONE',  ( -1.000000000000000000, 0.0000000000000000000, -0.0000000000000000000 ) ) ;
#2260 = CARTESIAN_POINT ( 'NONE',  ( -0.4699999999999981970, 0.1250000000000001110, 0.4643543905251679149 ) ) ;
#2261 = ORIENTED_EDGE ( 'NONE', *, *, #1903, .T. ) ;
#2262 = MECHANICAL_DESIGN_GEOMETRIC_PRESENTATION_REPRESENTATION (  '', ( #1807 ), #2316 ) ;
#2263 = CARTESIAN_POINT ( 'NONE',  ( -1.750000000000001554, 0.8000000000000003775, -1.749999999999999778 ) ) ;
#2264 = ORIENTED_EDGE ( 'NONE', *, *, #509, .T. ) ;
#2265 = EDGE_CURVE ( 'NONE', #2395, #2565, #1608, .T. ) ;
#2266 = AXIS2_PLACEMENT_3D ( 'NONE', #2698, #1653, #2448 ) ;
#2267 = LINE ( 'NONE', #2498, #2115 ) ;
#2268 = CYLINDRICAL_SURFACE ( 'NONE', #1818, 1.000000000000000000 ) ;
#2269 = SURFACE_STYLE_USAGE ( .BOTH. , #2534 ) ;
#2270 = ORIENTED_EDGE ( 'NONE', *, *, #1465, .F. ) ;
#2271 = CARTESIAN_POINT ( 'NONE',  ( -2.967026893457222592, 0.2500000000000002220, 2.118442542642651194 ) ) ;
#2272 = APPLICATION_CONTEXT ( 'automotive_design' ) ;
#2273 = DIRECTION ( 'NONE',  ( 1.000000000000000000, -0.0000000000000000000, -0.0000000000000000000 ) ) ;
#2274 = VERTEX_POINT ( 'NONE', #3105 ) ;
#2275 = CARTESIAN_POINT ( 'NONE',  ( -0.5700000000000010614, 0.1250000000000001110, 0.4643543905251679149 ) ) ;
#2276 = PLANE ( 'NONE',  #746 ) ;
#2277 = CARTESIAN_POINT ( 'NONE',  ( -1.729308550175147285, 0.2500000000000002220, 3.040000000000000924 ) ) ;
#2278 = CARTESIAN_POINT ( 'NONE',  ( -3.040000000000000924, 0.0000000000000000000, -1.539999999999989377 ) ) ;
#2279 = ORIENTED_EDGE ( 'NONE', *, *, #461, .T. ) ;
#2280 = ADVANCED_FACE ( 'NONE', ( #373 ), #1834, .T. ) ;
#2281 = EDGE_CURVE ( 'NONE', #1299, #2399, #1147, .T. ) ;
#2282 = CARTESIAN_POINT ( 'NONE',  ( 3.119999999999997886, 6.992588523705121517, 3.099999999999998757 ) ) ;
#2283 = ORIENTED_EDGE ( 'NONE', *, *, #557, .T. ) ;
#2284 = DIRECTION ( 'NONE',  ( 0.0000000000000000000, 0.0000000000000000000, -1.000000000000000000 ) ) ;
#2285 = CARTESIAN_POINT ( 'NONE',  ( -0.7850000000000010303, 0.1250000000000001110, -3.100000000000000533 ) ) ;
#2286 = EDGE_CURVE ( 'NONE', #2744, #142, #3122, .T. ) ;
#2287 = ORIENTED_EDGE ( 'NONE', *, *, #2956, .F. ) ;
#2288 = CARTESIAN_POINT ( 'NONE',  ( 1.465918309119740304, 0.8000000000000003775, 3.249999999999999556 ) ) ;
#2289 = DIRECTION ( 'NONE',  ( -0.7071067811865489050, 0.0000000000000000000, 0.7071067811865462405 ) ) ;
#2290 = ORIENTED_EDGE ( 'NONE', *, *, #2365, .T. ) ;
#2291 = EDGE_CURVE ( 'NONE', #3201, #774, #2860, .T. ) ;
#2292 = CARTESIAN_POINT ( 'NONE',  ( 0.3566250896604172826, 0.2500000000000002220, 3.039999997781747787 ) ) ;
#2293 = CARTESIAN_POINT ( 'NONE',  ( 1.539999999999999591, 0.0000000000000000000, -1.539999999999999591 ) ) ;
#2294 = CARTESIAN_POINT ( 'NONE',  ( 0.7598553693929712693, 0.2500000000000002220, -3.040000000000002700 ) ) ;
#2295 = LINE ( 'NONE', #1309, #351 ) ;
#2296 = ORIENTED_EDGE ( 'NONE', *, *, #1658, .T. ) ;
#2297 = CARTESIAN_POINT ( 'NONE',  ( 1.749999999227567438, 0.5500000000000001554, 3.249999999999999556 ) ) ;
#2298 = LINE ( 'NONE', #369, #3064 ) ;
#2299 = VECTOR ( 'NONE', #2069, 1000.000000000000000 ) ;
#2300 = DIRECTION ( 'NONE',  ( 1.000000000000000000, 0.0000000000000000000, 0.0000000000000000000 ) ) ;
#2301 = AXIS2_PLACEMENT_3D ( 'NONE', #1985, #1716, #1499 ) ;
#2302 = ORIENTED_EDGE ( 'NONE', *, *, #598, .T. ) ;
#2303 = CARTESIAN_POINT ( 'NONE',  ( -1.276292343890879311, 0.2500000000000002220, -3.039999999999999147 ) ) ;
#2304 = PLANE ( 'NONE',  #2187 ) ;
#2305 = PRESENTATION_LAYER_ASSIGNMENT (  '', '', ( #1891 ) ) ;
#2306 = PLANE ( 'NONE',  #223 ) ;
#2307 = VERTEX_POINT ( 'NONE', #629 ) ;
#2308 = PRODUCT ( 'J7070 CathodeAnode pads', 'J7070 CathodeAnode pads', '', ( #2644 ) ) ;
#2309 = CARTESIAN_POINT ( 'NONE',  ( -0.5700000000000010614, 0.0000000000000000000, 0.4643543905251679149 ) ) ;
#2310 = CARTESIAN_POINT ( 'NONE',  ( 0.7250000000000034195, 0.0000000000000000000, 3.040000000000000924 ) ) ;
#2311 = CARTESIAN_POINT ( 'NONE',  ( 1.953934515308848541, 0.8000000000000003775, -3.250000000000001332 ) ) ;
#2312 = DIRECTION ( 'NONE',  ( -0.0000000000000000000, 1.000000000000000000, -0.0000000000000000000 ) ) ;
#2313 = ORIENTED_EDGE ( 'NONE', *, *, #1188, .F. ) ;
#2314 = CARTESIAN_POINT ( 'NONE',  ( -0.8868275159912633043, 0.5500000000000001554, 3.249999999999999556 ) ) ;
#2315 = DIRECTION ( 'NONE',  ( 0.0000000000000000000, 0.0000000000000000000, -1.000000000000000000 ) ) ;
#2316 =( GEOMETRIC_REPRESENTATION_CONTEXT ( 3 ) GLOBAL_UNCERTAINTY_ASSIGNED_CONTEXT ( ( #2796 ) ) GLOBAL_UNIT_ASSIGNED_CONTEXT ( ( #1670, #1185, #2679 ) ) REPRESENTATION_CONTEXT ( 'NONE', 'WORKASPACE' ) );
#2317 = EDGE_LOOP ( 'NONE', ( #2034, #1640, #1728, #676, #1132, #1917, #356, #3022, #1082, #451 ) ) ;
#2318 = CARTESIAN_POINT ( 'NONE',  ( 1.539999999282966048, 0.2500000000000002220, 3.040000000000000924 ) ) ;
#2319 = CARTESIAN_POINT ( 'NONE',  ( -0.1250000000000001110, 0.2500000000000002220, -3.039999999999994262 ) ) ;
#2320 = VECTOR ( 'NONE', #1325, 1000.000000000000000 ) ;
#2321 = LINE ( 'NONE', #2591, #486 ) ;
#2322 = ORIENTED_EDGE ( 'NONE', *, *, #975, .F. ) ;
#2323 = EDGE_CURVE ( 'NONE', #2614, #770, #3135, .T. ) ;
#2324 = ADVANCED_FACE ( 'NONE', ( #904 ), #96, .T. ) ;
#2325 = EDGE_CURVE ( 'NONE', #2521, #2231, #2786, .T. ) ;
#2326 = DIRECTION ( 'NONE',  ( -1.000000000000000000, 0.0000000000000000000, -1.857305648797438343E-16 ) ) ;
#2327 = DIRECTION ( 'NONE',  ( -0.0000000000000000000, -1.000000000000000000, -0.0000000000000000000 ) ) ;
#2328 = CARTESIAN_POINT ( 'NONE',  ( -2.967026893457215486, 0.2500000000000002220, -2.118442542642645865 ) ) ;
#2329 = EDGE_CURVE ( 'NONE', #3070, #2872, #437, .T. ) ;
#2330 = DIRECTION ( 'NONE',  ( 0.0000000000000000000, 0.0000000000000000000, -1.000000000000000000 ) ) ;
#2331 = ORIENTED_EDGE ( 'NONE', *, *, #161, .F. ) ;
#2332 = CARTESIAN_POINT ( 'NONE',  ( -1.953934515308848541, 0.5500000000000001554, 3.250000000000002665 ) ) ;
#2333 = CARTESIAN_POINT ( 'NONE',  ( 1.125000000000007994, 0.1250000000000001110, -3.400000000000000355 ) ) ;
#2334 = ADVANCED_FACE ( 'NONE', ( #174 ), #3184, .F. ) ;
#2335 = ADVANCED_FACE ( 'NONE', ( #1964 ), #2155, .F. ) ;
#2336 = CIRCLE ( 'NONE', #3224, 1.499999999999999778 ) ;
#2337 = VERTEX_POINT ( 'NONE', #935 ) ;
#2338 = B_SPLINE_SURFACE_WITH_KNOTS ( 'NONE', 3, 1, ( 
 ( #1228, #2741 ),
 ( #2981, #4 ),
 ( #1486, #512 ),
 ( #524, #1258 ),
 ( #1275, #264 ),
 ( #992, #39 ),
 ( #2212, #2277 ),
 ( #3013, #54 ),
 ( #1038, #2480 ),
 ( #2038, #1515 ),
 ( #2507, #749 ),
 ( #282, #3218 ),
 ( #1745, #2966 ),
 ( #731, #1500 ),
 ( #1729, #2725 ),
 ( #1344, #2595 ),
 ( #1073, #2073 ),
 ( #1601, #2328 ),
 ( #1308, #1055 ),
 ( #3063, #2106 ),
 ( #349, #2345 ),
 ( #132, #2822 ),
 ( #102, #364 ),
 ( #1826, #317 ),
 ( #1568, #2294 ),
 ( #847, #117 ),
 ( #2311, #3047 ),
 ( #1372, #1359 ),
 ( #826, #574 ),
 ( #1813, #2057 ),
 ( #812, #1090 ),
 ( #1842, #3095 ),
 ( #561, #2086 ),
 ( #2543, #2803 ),
 ( #2853, #1103 ),
 ( #3078, #1614 ),
 ( #861, #1861 ),
 ( #2558, #2836 ),
 ( #334, #588 ),
 ( #605, #620 ),
 ( #2606, #1584 ),
 ( #381, #2360 ) ),
 .UNSPECIFIED., .T., .F., .F.,
 ( 4, 1, 1, 1, 2, 1, 1, 1, 2, 1, 1, 1, 2, 1, 1, 1, 2, 1, 1, 1, 2, 1, 1, 1, 2, 1, 1, 1, 2, 1, 1, 1, 4 ),
 ( 2, 2 ),
 ( 0.0000000000000000000, 0.03638220494845408048, 0.07276440989690816097, 0.1091466148453622553, 0.1455288197938163219, 0.1716466148453622276, 0.1977644098969081887, 0.2238822049484541221, 0.2500000000000000000, 0.2863822049484540666, 0.3227644098969081332, 0.3591466148453621998, 0.3955288197938162664, 0.4216466148453622553, 0.4477644098969081887, 0.4738822049484541221, 0.5000000000000001110, 0.5363822049484542331, 0.5727644098969082442, 0.6091466148453621443, 0.6455288197938162664, 0.6716466148453621443, 0.6977644098969082442, 0.7238822049484541221, 0.7500000000000000000, 0.7863822049484541221, 0.8227644098969082442, 0.8591466148453621443, 0.8955288197938162664, 0.9216466148453621443, 0.9477644098969082442, 0.9738822049484541221, 1.000000000000000000 ),
 ( 0.0000000000000000000, 1.000000000000000000 ),
 .UNSPECIFIED. ) ;
#2339 = CARTESIAN_POINT ( 'NONE',  ( 1.729308550175147285, 0.2500000000000002220, 3.040000000000000924 ) ) ;
#2340 = DIRECTION ( 'NONE',  ( 0.0000000000000000000, 0.0000000000000000000, -1.000000000000000000 ) ) ;
#2341 = FACE_OUTER_BOUND ( 'NONE', #2041, .T. ) ;
#2342 = EDGE_LOOP ( 'NONE', ( #1829, #43, #3104 ) ) ;
#2343 = LINE ( 'NONE', #1599, #449 ) ;
#2344 = CARTESIAN_POINT ( 'NONE',  ( 0.4794167246648107783, 0.2500000000000002220, 3.040000000000001368 ) ) ;
#2345 = CARTESIAN_POINT ( 'NONE',  ( -1.729308550175147285, 0.2500000000000002220, -3.040000000000000924 ) ) ;
#2346 = VECTOR ( 'NONE', #477, 1000.000000000000000 ) ;
#2347 = DIRECTION ( 'NONE',  ( 0.0000000000000000000, 1.000000000000000000, 0.0000000000000000000 ) ) ;
#2348 = VERTEX_POINT ( 'NONE', #452 ) ;
#2349 = CARTESIAN_POINT ( 'NONE',  ( -3.040000000000000924, 0.0000000000000000000, 0.7598553693929748221 ) ) ;
#2350 = CARTESIAN_POINT ( 'NONE',  ( 3.119999999999997886, 0.0000000000000000000, -3.100000000000000533 ) ) ;
#2351 = CARTESIAN_POINT ( 'NONE',  ( 0.0000000000000000000, 0.0000000000000000000, -0.8000000000000003775 ) ) ;
#2352 = ORIENTED_EDGE ( 'NONE', *, *, #570, .T. ) ;
#2353 = CARTESIAN_POINT ( 'NONE',  ( 2.118442542642651194, 0.2500000000000002220, 2.967026893457215486 ) ) ;
#2354 = CARTESIAN_POINT ( 'NONE',  ( -0.5239476933829000371, 0.2500000000000621725, -3.040000000000024460 ) ) ;
#2355 = DIRECTION ( 'NONE',  ( -1.000000000000000000, 0.0000000000000000000, 1.324216393875425342E-16 ) ) ;
#2356 = LINE ( 'NONE', #1978, #2225 ) ;
#2357 = ORIENTED_EDGE ( 'NONE', *, *, #2903, .T. ) ;
#2358 = CIRCLE ( 'NONE', #2514, 0.09999999999999999167 ) ;
#2359 = CARTESIAN_POINT ( 'NONE',  ( -1.539999999999999591, 0.2500000000000002220, -1.539999999999999591 ) ) ;
#2360 = CARTESIAN_POINT ( 'NONE',  ( 1.539999999282966048, 0.2500000000000002220, 3.040000000000000924 ) ) ;
#2361 = DIRECTION ( 'NONE',  ( -0.0000000000000000000, -1.000000000000000000, -0.0000000000000000000 ) ) ;
#2362 = VERTEX_POINT ( 'NONE', #1945 ) ;
#2363 = CARTESIAN_POINT ( 'NONE',  ( -3.040000000000000924, 0.0000000000000000000, 1.276292343890875980 ) ) ;
#2364 = LINE ( 'NONE', #2077, #2648 ) ;
#2365 = EDGE_CURVE ( 'NONE', #2307, #1169, #3170, .T. ) ;
#2366 = AXIS2_PLACEMENT_3D ( 'NONE', #3071, #2830, #3203 ) ;
#2367 = CARTESIAN_POINT ( 'NONE',  ( 6.938893903907228378E-15, 0.0000000000000000000, -0.8000000000000003775 ) ) ;
#2368 = ORIENTED_EDGE ( 'NONE', *, *, #2664, .T. ) ;
#2369 = ADVANCED_FACE ( 'NONE', ( #1461 ), #1928, .F. ) ;
#2370 = CARTESIAN_POINT ( 'NONE',  ( 1.749999999227567438, 0.8000000000000003775, 3.249999999999999556 ) ) ;
#2371 = CARTESIAN_POINT ( 'NONE',  ( -0.1250000000000001110, 0.1250000000000001110, 2.399999999999992362 ) ) ;
#2372 = CARTESIAN_POINT ( 'NONE',  ( -0.1250000000000001110, 0.2500000000000002220, -3.400000000000000355 ) ) ;
#2373 = AXIS2_PLACEMENT_3D ( 'NONE', #1143, #433, #1457 ) ;
#2374 = ORIENTED_EDGE ( 'NONE', *, *, #162, .T. ) ;
#2375 = VECTOR ( 'NONE', #824, 1000.000000000000000 ) ;
#2376 = VECTOR ( 'NONE', #499, 1000.000000000000000 ) ;
#2377 = ADVANCED_FACE ( 'NONE', ( #1429 ), #207, .T. ) ;
#2378 = EDGE_CURVE ( 'NONE', #337, #1247, #1214, .T. ) ;
#2379 = VECTOR ( 'NONE', #2168, 1000.000000000000000 ) ;
#2380 = CARTESIAN_POINT ( 'NONE',  ( 0.0000000000000000000, 0.0000000000000000000, 0.0000000000000000000 ) ) ;
#2381 = APPLICATION_CONTEXT ( 'automotive_design' ) ;
#2382 = UNCERTAINTY_MEASURE_WITH_UNIT (LENGTH_MEASURE( 1.000000000000000082E-05 ), #1407, 'distance_accuracy_value', 'NONE');
#2383 = CARTESIAN_POINT ( 'NONE',  ( -0.5700000000000010614, 0.1250000000000001110, -0.4643543905251679149 ) ) ;
#2384 = ORIENTED_EDGE ( 'NONE', *, *, #1968, .F. ) ;
#2385 = LINE ( 'NONE', #2428, #3155 ) ;
#2386 = DIRECTION ( 'NONE',  ( 0.0000000000000000000, 0.0000000000000000000, -1.000000000000000000 ) ) ;
#2387 = ADVANCED_FACE ( 'NONE', ( #1476 ), #2465, .F. ) ;
#2388 = VERTEX_POINT ( 'NONE', #1409 ) ;
#2389 = DIRECTION ( 'NONE',  ( -0.0000000000000000000, -0.0000000000000000000, 1.000000000000000000 ) ) ;
#2390 = CARTESIAN_POINT ( 'NONE',  ( 3.119999999999997886, 0.0000000000000000000, -3.100000000000000533 ) ) ;
#2391 = CARTESIAN_POINT ( 'NONE',  ( 0.7850000000000010303, 6.992588523705121517, -3.100000000000000533 ) ) ;
#2392 = ORIENTED_EDGE ( 'NONE', *, *, #258, .T. ) ;
#2393 = CARTESIAN_POINT ( 'NONE',  ( 1.125000000000000888, 0.1250000000000001110, -2.399999999999999467 ) ) ;
#2394 = CARTESIAN_POINT ( 'NONE',  ( -3.166867494569229446, 0.5499999999999983791, 2.349028309388760505 ) ) ;
#2395 = VERTEX_POINT ( 'NONE', #3223 ) ;
#2396 = CARTESIAN_POINT ( 'NONE',  ( -0.1250000000000001110, 0.2500000000000002220, -3.039999999999994262 ) ) ;
#2397 = CARTESIAN_POINT ( 'NONE',  ( 0.7250000000000242917, 0.0000000000000000000, -3.040000000000000924 ) ) ;
#2398 = VECTOR ( 'NONE', #97, 1000.000000000000000 ) ;
#2399 = VERTEX_POINT ( 'NONE', #1652 ) ;
#2400 = FILL_AREA_STYLE ('',( #2183 ) ) ;
#2401 = DIRECTION ( 'NONE',  ( -0.0000000000000000000, -0.0000000000000000000, 1.000000000000000000 ) ) ;
#2402 = FACE_OUTER_BOUND ( 'NONE', #1297, .T. ) ;
#2403 = VERTEX_POINT ( 'NONE', #2889 ) ;
#2404 = DIRECTION ( 'NONE',  ( -2.168404344971007685E-15, 0.0000000000000000000, 1.000000000000000000 ) ) ;
#2405 = AXIS2_PLACEMENT_3D ( 'NONE', #222, #2682, #1189 ) ;
#2406 = ORIENTED_EDGE ( 'NONE', *, *, #635, .F. ) ;
#2407 = CARTESIAN_POINT ( 'NONE',  ( 1.539999999999985825, 0.0000000000000000000, -3.040000000000000924 ) ) ;
#2408 = CARTESIAN_POINT ( 'NONE',  ( -3.119999999999997886, 0.0000000000000000000, -3.100000000000000533 ) ) ;
#2409 = CARTESIAN_POINT ( 'NONE',  ( 1.276292343890879311, 0.0000000000000000000, 3.040000000000000924 ) ) ;
#2410 = VERTEX_POINT ( 'NONE', #686 ) ;
#2411 = CARTESIAN_POINT ( 'NONE',  ( 2.118442542642651194, 0.0000000000000000000, 2.967026893457215486 ) ) ;
#2412 = LINE ( 'NONE', #701, #1547 ) ;
#2413 = EDGE_LOOP ( 'NONE', ( #2604, #2450, #1428, #2757 ) ) ;
#2414 = SURFACE_STYLE_FILL_AREA ( #2400 ) ;
#2415 = CARTESIAN_POINT ( 'NONE',  ( -3.400000000000000355, 0.1250000000000001110, -3.400000000000000355 ) ) ;
#2416 = CARTESIAN_POINT ( 'NONE',  ( 0.0000000000000000000, 0.2500000000000002220, 0.0000000000000000000 ) ) ;
#2417 = VERTEX_POINT ( 'NONE', #2646 ) ;
#2418 = CARTESIAN_POINT ( 'NONE',  ( 0.4699999999999981970, 0.0000000000000000000, 2.784999999999999254 ) ) ;
#2419 = MANIFOLD_SOLID_BREP ( 'Cavity1[1]', #2851 ) ;
#2420 = VERTEX_POINT ( 'NONE', #1263 ) ;
#2421 = CIRCLE ( 'NONE', #455, 0.09999999999999999167 ) ;
#2422 = CARTESIAN_POINT ( 'NONE',  ( 1.539999999999992708, 0.0000000000000000000, 3.040000000000000924 ) ) ;
#2423 = CARTESIAN_POINT ( 'NONE',  ( 3.119999999999997886, 6.992588523705121517, 3.099999999999998757 ) ) ;
#2424 = EDGE_CURVE ( 'NONE', #2200, #329, #423, .T. ) ;
#2425 = CIRCLE ( 'NONE', #3049, 1.000000000000000000 ) ;
#2426 = CARTESIAN_POINT ( 'NONE',  ( -0.8868275159912633043, 0.5500000000000001554, 3.249999999999999556 ) ) ;
#2427 = ORIENTED_EDGE ( 'NONE', *, *, #3055, .T. ) ;
#2428 = CARTESIAN_POINT ( 'NONE',  ( 0.7850000000000010303, 0.1250000000000001110, -3.100000000000000533 ) ) ;
#2429 = CARTESIAN_POINT ( 'NONE',  ( -3.400000000000000355, 0.2500000000000002220, -3.400000000000000355 ) ) ;
#2430 = EDGE_CURVE ( 'NONE', #1507, #770, #321, .T. ) ;
#2431 = APPLICATION_PROTOCOL_DEFINITION ( 'draft international standard', 'automotive_design', 1998, #1384 ) ;
#2432 = VERTEX_POINT ( 'NONE', #2484 ) ;
#2433 = DIRECTION ( 'NONE',  ( 1.000000000000000000, 0.0000000000000000000, 0.0000000000000000000 ) ) ;
#2434 = DIRECTION ( 'NONE',  ( -0.7071067811865454633, 0.0000000000000000000, 0.7071067811865495711 ) ) ;
#2435 = EDGE_CURVE ( 'NONE', #224, #2410, #1750, .T. ) ;
#2436 = DIRECTION ( 'NONE',  ( -0.0000000000000000000, 1.000000000000000000, -0.0000000000000000000 ) ) ;
#2437 = ORIENTED_EDGE ( 'NONE', *, *, #2664, .F. ) ;
#2438 = DIRECTION ( 'NONE',  ( -0.0000000000000000000, -1.000000000000000000, -0.0000000000000000000 ) ) ;
#2439 =( REPRESENTATION_RELATIONSHIP ('NONE','NONE', #808, #2954 ) REPRESENTATION_RELATIONSHIP_WITH_TRANSFORMATION ( #1199 )SHAPE_REPRESENTATION_RELATIONSHIP( ) );
#2440 = EDGE_LOOP ( 'NONE', ( #2483, #2730, #535, #3016 ) ) ;
#2441 = CARTESIAN_POINT ( 'NONE',  ( -0.4699999999999981970, 0.1250000000000001110, 2.784999999999999254 ) ) ;
#2442 = CARTESIAN_POINT ( 'NONE',  ( 0.7598553693929712693, 0.0000000000000000000, 3.040000000000008029 ) ) ;
#2443 = ORIENTED_EDGE ( 'NONE', *, *, #1225, .T. ) ;
#2444 = CARTESIAN_POINT ( 'NONE',  ( 3.500000000000003109, 0.0000000000000000000, 3.499999999999999556 ) ) ;
#2445 = LINE ( 'NONE', #1158, #2533 ) ;
#2446 = ORIENTED_EDGE ( 'NONE', *, *, #230, .F. ) ;
#2447 = DIRECTION ( 'NONE',  ( 0.0000000000000000000, 0.0000000000000000000, 1.000000000000000000 ) ) ;
#2448 = DIRECTION ( 'NONE',  ( 0.0000000000000000000, 0.0000000000000000000, 1.000000000000000000 ) ) ;
#2449 = CARTESIAN_POINT ( 'NONE',  ( 3.250000000000002665, 0.5500000000000001554, 1.749999999999987566 ) ) ;
#2450 = ORIENTED_EDGE ( 'NONE', *, *, #972, .F. ) ;
#2451 = CARTESIAN_POINT ( 'NONE',  ( -0.7850000000000010303, 0.1250000000000001110, 3.099999999999998757 ) ) ;
#2452 = VERTEX_POINT ( 'NONE', #44 ) ;
#2453 = CARTESIAN_POINT ( 'NONE',  ( -3.119999999999997886, 0.0000000000000000000, 3.099999999999998757 ) ) ;
#2454 = AXIS2_PLACEMENT_3D ( 'NONE', #2391, #707, #1218 ) ;
#2455 = MECHANICAL_DESIGN_GEOMETRIC_PRESENTATION_REPRESENTATION (  '', ( #1991 ), #1269 ) ;
#2456 = VECTOR ( 'NONE', #2506, 1000.000000000000000 ) ;
#2457 = CARTESIAN_POINT ( 'NONE',  ( 0.0000000000000000000, 0.5499999999999983791, -3.249999999999999556 ) ) ;
#2458 = DIRECTION ( 'NONE',  ( 1.000000000000000000, 0.0000000000000000000, 0.0000000000000000000 ) ) ;
#2459 = CARTESIAN_POINT ( 'NONE',  ( 0.4699999999999981970, 0.1250000000000001110, -2.784999999999999254 ) ) ;
#2460 = LINE ( 'NONE', #2742, #392 ) ;
#2461 = CIRCLE ( 'NONE', #2728, 1.000000000000000000 ) ;
#2462 = B_SPLINE_SURFACE_WITH_KNOTS ( 'NONE', 3, 1, ( 
 ( #1438, #1421 ),
 ( #1644, #2409 ),
 ( #2898, #2442 ),
 ( #1455, #666 ),
 ( #2426, #1681 ),
 ( #183, #911 ),
 ( #417, #1404 ),
 ( #1696, #215 ),
 ( #2177, #2165 ),
 ( #2394, #166 ),
 ( #1155, #2150 ),
 ( #3164, #926 ),
 ( #200, #1195 ),
 ( #3178, #1937 ),
 ( #510, #2753 ),
 ( #1256, #2738 ),
 ( #1954, #1715 ),
 ( #1498, #2020 ),
 ( #2770, #2227 ),
 ( #1727, #3196 ),
 ( #2723, #727 ),
 ( #2491, #2243 ),
 ( #1762, #1293 ),
 ( #2457, #2477 ),
 ( #2004, #2520 ),
 ( #296, #1530 ),
 ( #2950, #17 ),
 ( #2994, #522 ),
 ( #1004, #1777 ),
 ( #761, #959 ),
 ( #262, #715 ),
 ( #2704, #479 ),
 ( #1513, #2505 ),
 ( #491, #1020 ),
 ( #1468, #36 ),
 ( #990, #280 ),
 ( #1743, #232 ),
 ( #976, #1226 ),
 ( #1272, #2257 ),
 ( #1484, #3011 ),
 ( #2, #775 ),
 ( #539, #2209 ) ),
 .UNSPECIFIED., .T., .F., .F.,
 ( 4, 1, 1, 1, 2, 1, 1, 1, 2, 1, 1, 1, 2, 1, 1, 1, 2, 1, 1, 1, 2, 1, 1, 1, 2, 1, 1, 1, 2, 1, 1, 1, 4 ),
 ( 2, 2 ),
 ( 0.0000000000000000000, 0.03638220494845408048, 0.07276440989690816097, 0.1091466148453622553, 0.1455288197938163219, 0.1716466148453622276, 0.1977644098969081887, 0.2238822049484541221, 0.2500000000000000000, 0.2863822049484540666, 0.3227644098969081332, 0.3591466148453621998, 0.3955288197938162664, 0.4216466148453622553, 0.4477644098969081887, 0.4738822049484541221, 0.5000000000000001110, 0.5363822049484542331, 0.5727644098969082442, 0.6091466148453621443, 0.6455288197938162664, 0.6716466148453621443, 0.6977644098969082442, 0.7238822049484541221, 0.7500000000000000000, 0.7863822049484541221, 0.8227644098969082442, 0.8591466148453621443, 0.8955288197938162664, 0.9216466148453621443, 0.9477644098969082442, 0.9738822049484541221, 1.000000000000000000 ),
 ( 0.0000000000000000000, 1.000000000000000000 ),
 .UNSPECIFIED. ) ;
#2463 = CARTESIAN_POINT ( 'NONE',  ( -0.5489473684210516291, 0.1250000000000001110, 0.3665955714672389232 ) ) ;
#2464 = EDGE_LOOP ( 'NONE', ( #931, #8, #567, #1302, #464, #84 ) ) ;
#2465 = PLANE ( 'NONE',  #2737 ) ;
#2466 = CARTESIAN_POINT ( 'NONE',  ( -3.400000000000000355, 0.1250000000000001110, 3.400000000000000355 ) ) ;
#2467 = EDGE_CURVE ( 'NONE', #1502, #1507, #2547, .T. ) ;
#2468 = EDGE_CURVE ( 'NONE', #2974, #2583, #251, .T. ) ;
#2469 = EDGE_CURVE ( 'NONE', #1010, #2976, #2267, .T. ) ;
#2470 = VERTEX_POINT ( 'NONE', #2760 ) ;
#2471 = DIRECTION ( 'NONE',  ( 0.0000000000000000000, 1.000000000000000000, 0.0000000000000000000 ) ) ;
#2472 = EDGE_CURVE ( 'NONE', #2388, #2917, #25, .T. ) ;
#2473 = AXIS2_PLACEMENT_3D ( 'NONE', #179, #2665, #1191 ) ;
#2474 = VERTEX_POINT ( 'NONE', #271 ) ;
#2475 = ADVANCED_FACE ( 'NONE', ( #768 ), #2012, .F. ) ;
#2476 = EDGE_CURVE ( 'NONE', #1923, #128, #2042, .T. ) ;
#2477 = CARTESIAN_POINT ( 'NONE',  ( 0.0000000000000000000, 0.0000000000000000000, -3.039999999999994262 ) ) ;
#2478 = DIRECTION ( 'NONE',  ( -0.0000000000000000000, -1.000000000000000000, -0.0000000000000000000 ) ) ;
#2479 = VECTOR ( 'NONE', #2312, 1000.000000000000000 ) ;
#2480 = CARTESIAN_POINT ( 'NONE',  ( -2.629748946929792552, 0.2500000000000002220, 2.629748946929785891 ) ) ;
#2481 = CARTESIAN_POINT ( 'NONE',  ( -0.7850000000000010303, 0.0000000000000000000, -3.100000000000000533 ) ) ;
#2482 = VERTEX_POINT ( 'NONE', #2512 ) ;
#2483 = ORIENTED_EDGE ( 'NONE', *, *, #330, .T. ) ;
#2484 = CARTESIAN_POINT ( 'NONE',  ( -0.3566250915080573791, 0.2500000000000002220, 3.040000000000000924 ) ) ;
#2485 = CARTESIAN_POINT ( 'NONE',  ( 0.4699999999999981970, 0.0000000000000000000, 2.784999999999999254 ) ) ;
#2486 =( NAMED_UNIT ( * ) PLANE_ANGLE_UNIT ( ) SI_UNIT ( $, .RADIAN. ) );
#2487 = VERTEX_POINT ( 'NONE', #1026 ) ;
#2488 = CARTESIAN_POINT ( 'NONE',  ( -1.465918309119740304, 0.8000000000000003775, 3.249999999999999556 ) ) ;
#2489 = ORIENTED_EDGE ( 'NONE', *, *, #478, .T. ) ;
#2490 = VECTOR ( 'NONE', #1737, 1000.000000000000000 ) ;
#2491 = CARTESIAN_POINT ( 'NONE',  ( -1.465918309119740304, 0.5500000000000001554, -3.249999999999999556 ) ) ;
#2492 = ORIENTED_EDGE ( 'NONE', *, *, #3124, .T. ) ;
#2493 = PLANE ( 'NONE',  #294 ) ;
#2494 = CARTESIAN_POINT ( 'NONE',  ( 0.4699999999999981970, 6.992588523705121517, -2.784999999999999254 ) ) ;
#2495 = ORIENTED_EDGE ( 'NONE', *, *, #2706, .F. ) ;
#2496 = CARTESIAN_POINT ( 'NONE',  ( 0.4699999999999981970, 6.992588523705121517, 2.784999999999999254 ) ) ;
#2497 = ORIENTED_EDGE ( 'NONE', *, *, #2095, .F. ) ;
#2498 = CARTESIAN_POINT ( 'NONE',  ( 3.400000000000000355, 0.1250000000000001110, 3.400000000000000355 ) ) ;
#2499 = CARTESIAN_POINT ( 'NONE',  ( 1.125000000000007994, 0.1250000000000001110, -3.400000000000000355 ) ) ;
#2500 =( NAMED_UNIT ( * ) PLANE_ANGLE_UNIT ( ) SI_UNIT ( $, .RADIAN. ) );
#2501 = ORIENTED_EDGE ( 'NONE', *, *, #692, .F. ) ;
#2502 = CARTESIAN_POINT ( 'NONE',  ( 0.0000000000000000000, 0.7999999999999986011, -3.249999999999999556 ) ) ;
#2503 = VERTEX_POINT ( 'NONE', #516 ) ;
#2504 = EDGE_CURVE ( 'NONE', #1645, #2417, #3017, .T. ) ;
#2505 = CARTESIAN_POINT ( 'NONE',  ( 3.040000000000000924, 0.0000000000000000000, -0.7598553693929712693 ) ) ;
#2506 = DIRECTION ( 'NONE',  ( 0.0000000000000000000, 0.0000000000000000000, 1.000000000000000000 ) ) ;
#2507 = CARTESIAN_POINT ( 'NONE',  ( -3.250000000000002665, 0.8000000000000003775, 1.953934515308848541 ) ) ;
#2508 = DIRECTION ( 'NONE',  ( 0.0000000000000000000, 0.0000000000000000000, -1.000000000000000000 ) ) ;
#2509 = EDGE_LOOP ( 'NONE', ( #1190, #702, #1591, #405 ) ) ;
#2510 = STYLED_ITEM ( 'NONE', ( #1539 ), #3202 ) ;
#2511 = EDGE_LOOP ( 'NONE', ( #2427, #130, #1899, #3151 ) ) ;
#2512 = CARTESIAN_POINT ( 'NONE',  ( -3.400000000000000355, 0.1250000000000001110, 3.400000000000000355 ) ) ;
#2513 = LINE ( 'NONE', #2499, #1017 ) ;
#2514 = AXIS2_PLACEMENT_3D ( 'NONE', #265, #2213, #3219 ) ;
#2515 = ORIENTED_EDGE ( 'NONE', *, *, #1710, .F. ) ;
#2516 = CARTESIAN_POINT ( 'NONE',  ( -0.8868275159912633043, 0.8000000000000003775, 3.249999999999999556 ) ) ;
#2517 = CARTESIAN_POINT ( 'NONE',  ( 1.749999999999987566, 0.5500000000000001554, -3.249999999999999556 ) ) ;
#2518 = VERTEX_POINT ( 'NONE', #2236 ) ;
#2519 = VECTOR ( 'NONE', #1576, 1000.000000000000000 ) ;
#2520 = CARTESIAN_POINT ( 'NONE',  ( 0.7598553693929712693, 0.0000000000000000000, -3.040000000000002700 ) ) ;
#2521 = VERTEX_POINT ( 'NONE', #3033 ) ;
#2522 = FACE_OUTER_BOUND ( 'NONE', #135, .T. ) ;
#2523 = DIRECTION ( 'NONE',  ( 0.0000000000000000000, 0.0000000000000000000, 1.000000000000000000 ) ) ;
#2524 = ORIENTED_EDGE ( 'NONE', *, *, #2286, .T. ) ;
#2525 = EDGE_CURVE ( 'NONE', #1401, #983, #3001, .T. ) ;
#2526 = AXIS2_PLACEMENT_3D ( 'NONE', #2793, #2027, #529 ) ;
#2527 = CARTESIAN_POINT ( 'NONE',  ( 1.539999999999999591, 0.2500000000000002220, -1.539999999999999591 ) ) ;
#2528 = ORIENTED_EDGE ( 'NONE', *, *, #1551, .F. ) ;
#2529 = AXIS2_PLACEMENT_3D ( 'NONE', #1965, #485, #2713 ) ;
#2530 = CARTESIAN_POINT ( 'NONE',  ( -0.7850000000000010303, 6.992588523705121517, -3.100000000000000533 ) ) ;
#2531 = CARTESIAN_POINT ( 'NONE',  ( 3.119999999999997886, 6.992588523705121517, -3.100000000000000533 ) ) ;
#2532 = EDGE_CURVE ( 'NONE', #685, #2518, #2731, .T. ) ;
#2533 = VECTOR ( 'NONE', #3149, 1000.000000000000000 ) ;
#2534 = SURFACE_SIDE_STYLE ('',( #2218 ) ) ;
#2535 = EDGE_LOOP ( 'NONE', ( #1527, #367, #2719, #119 ) ) ;
#2536 = CARTESIAN_POINT ( 'NONE',  ( -1.953934515308848541, 0.8000000000000003775, 3.250000000000002665 ) ) ;
#2537 = CARTESIAN_POINT ( 'NONE',  ( 1.539999999999992708, 0.2500000000000002220, 3.040000000000000924 ) ) ;
#2538 = ADVANCED_FACE ( 'NONE', ( #798 ), #58, .F. ) ;
#2539 = ORIENTED_EDGE ( 'NONE', *, *, #3200, .F. ) ;
#2540 = DIRECTION ( 'NONE',  ( 0.0000000000000000000, 0.0000000000000000000, 1.000000000000000000 ) ) ;
#2541 = DIRECTION ( 'NONE',  ( -0.0000000000000000000, 1.000000000000000000, -0.0000000000000000000 ) ) ;
#2542 = EDGE_CURVE ( 'NONE', #2008, #1993, #34, .T. ) ;
#2543 = CARTESIAN_POINT ( 'NONE',  ( 3.249999999999996003, 0.8000000000000003775, 0.0000000000000000000 ) ) ;
#2544 =( REPRESENTATION_RELATIONSHIP ('NONE','NONE', #808, #1164 ) REPRESENTATION_RELATIONSHIP_WITH_TRANSFORMATION ( #189 )SHAPE_REPRESENTATION_RELATIONSHIP( ) );
#2545 = CARTESIAN_POINT ( 'NONE',  ( 1.125000000000000888, 0.1250000000000001110, -2.399999999999999467 ) ) ;
#2546 = EDGE_LOOP ( 'NONE', ( #3174, #2040, #1466, #1731, #1872, #1637 ) ) ;
#2547 = LINE ( 'NONE', #997, #1016 ) ;
#2548 = CARTESIAN_POINT ( 'NONE',  ( 1.125000000000007994, 0.1250000000000001110, -3.400000000000000355 ) ) ;
#2549 = PRODUCT_CONTEXT ( 'NONE', #387, 'mechanical' ) ;
#2550 = ORIENTED_EDGE ( 'NONE', *, *, #1563, .T. ) ;
#2551 = CARTESIAN_POINT ( 'NONE',  ( -3.040000000000000924, 0.2500000000000002220, -1.276292343890875980 ) ) ;
#2552 = LINE ( 'NONE', #2067, #114 ) ;
#2553 = DIRECTION ( 'NONE',  ( 1.000000000000000000, 0.0000000000000000000, 0.0000000000000000000 ) ) ;
#2554 = ORIENTED_EDGE ( 'NONE', *, *, #1224, .F. ) ;
#2555 = AXIS2_PLACEMENT_3D ( 'NONE', #2371, #645, #144 ) ;
#2556 = DIRECTION ( 'NONE',  ( 0.0000000000000000000, 0.0000000000000000000, 1.000000000000000000 ) ) ;
#2557 = CARTESIAN_POINT ( 'NONE',  ( 0.6022083623324097079, 0.2500000000000002220, 3.040000000000002256 ) ) ;
#2558 = CARTESIAN_POINT ( 'NONE',  ( 3.166867494569229446, 0.8000000000000003775, 2.349028309388757396 ) ) ;
#2559 = DIRECTION ( 'NONE',  ( -0.7071067811865454633, 0.0000000000000000000, 0.7071067811865495711 ) ) ;
#2560 = ORIENTED_EDGE ( 'NONE', *, *, #2532, .T. ) ;
#2561 = CARTESIAN_POINT ( 'NONE',  ( -3.040000000000000924, 0.0000000000000000000, 1.729308550175147285 ) ) ;
#2562 = DIRECTION ( 'NONE',  ( 1.000000000000000000, 0.0000000000000000000, 0.0000000000000000000 ) ) ;
#2563 = AXIS2_PLACEMENT_3D ( 'NONE', #840, #1136, #376 ) ;
#2564 = AXIS2_PLACEMENT_3D ( 'NONE', #3056, #1110, #3102 ) ;
#2565 = VERTEX_POINT ( 'NONE', #1554 ) ;
#2566 = CARTESIAN_POINT ( 'NONE',  ( -3.500000000000003109, 0.0000000000000000000, -3.499999999999999556 ) ) ;
#2567 = CARTESIAN_POINT ( 'NONE',  ( 3.500000000000003109, 0.8000000000000003775, 3.499999999999999556 ) ) ;
#2568 = ADVANCED_FACE ( 'NONE', ( #1311 ), #1560, .T. ) ;
#2569 = ADVANCED_FACE ( 'NONE', ( #655 ), #152, .F. ) ;
#2570 = PRODUCT_RELATED_PRODUCT_CATEGORY ( 'part', '', ( #314 ) ) ;
#2571 = VECTOR ( 'NONE', #1860, 1000.000000000000000 ) ;
#2572 = LINE ( 'NONE', #2939, #436 ) ;
#2573 = ORIENTED_EDGE ( 'NONE', *, *, #403, .F. ) ;
#2574 = EDGE_CURVE ( 'NONE', #212, #3165, #448, .T. ) ;
#2575 = DIRECTION ( 'NONE',  ( 0.0000000000000000000, 0.0000000000000000000, -1.000000000000000000 ) ) ;
#2576 = CARTESIAN_POINT ( 'NONE',  ( 3.500000000000003109, 0.5999999999999998668, -3.499999999999999556 ) ) ;
#2577 = CARTESIAN_POINT ( 'NONE',  ( -1.539999999999999591, 0.0000000000000000000, -1.539999999999999591 ) ) ;
#2578 = EDGE_CURVE ( 'NONE', #1876, #2130, #1569, .T. ) ;
#2579 = EDGE_CURVE ( 'NONE', #1626, #1645, #2385, .T. ) ;
#2580 = AXIS2_PLACEMENT_3D ( 'NONE', #1980, #2471, #1969 ) ;
#2581 = ADVANCED_BREP_SHAPE_REPRESENTATION ( '', ( #1354, #226 ), #1104 ) ;
#2582 = CARTESIAN_POINT ( 'NONE',  ( 0.7850000000000010303, 0.0000000000000000000, -3.100000000000000533 ) ) ;
#2583 = VERTEX_POINT ( 'NONE', #2396 ) ;
#2584 = CARTESIAN_POINT ( 'NONE',  ( 3.249999999999996003, 0.5500000000000001554, -1.465918309119742080 ) ) ;
#2585 = CARTESIAN_POINT ( 'NONE',  ( 0.7850000000000010303, 6.992588523705121517, -3.100000000000000533 ) ) ;
#2586 = AXIS2_PLACEMENT_3D ( 'NONE', #699, #1699, #2693 ) ;
#2587 = VERTEX_POINT ( 'NONE', #2643 ) ;
#2588 = CARTESIAN_POINT ( 'NONE',  ( 1.125000000000000888, 0.1250000000000001110, 2.399999999999999467 ) ) ;
#2589 = CARTESIAN_POINT ( 'NONE',  ( -0.4699999999999981970, 6.992588523705121517, 0.4643543905251679149 ) ) ;
#2590 = AXIS2_PLACEMENT_3D ( 'NONE', #2383, #1893, #1632 ) ;
#2591 = CARTESIAN_POINT ( 'NONE',  ( -3.119999999999997886, 0.0000000000000000000, 3.099999999999998757 ) ) ;
#2592 = VERTEX_POINT ( 'NONE', #185 ) ;
#2593 = CARTESIAN_POINT ( 'NONE',  ( 0.1250000000000001110, 0.1250000000000001110, -2.399999999999992362 ) ) ;
#2594 = DIRECTION ( 'NONE',  ( 0.0000000000000000000, 1.000000000000000000, 0.0000000000000000000 ) ) ;
#2595 = CARTESIAN_POINT ( 'NONE',  ( -3.040000000000000924, 0.2500000000000002220, -1.276292343890875980 ) ) ;
#2596 = FACE_OUTER_BOUND ( 'NONE', #584, .T. ) ;
#2597 = ORIENTED_EDGE ( 'NONE', *, *, #1284, .F. ) ;
#2598 = CARTESIAN_POINT ( 'NONE',  ( -3.250000000000002665, 0.5500000000000018208, 0.8868275159912633043 ) ) ;
#2599 = LINE ( 'NONE', #1094, #1246 ) ;
#2600 = ORIENTED_EDGE ( 'NONE', *, *, #2624, .T. ) ;
#2601 = LINE ( 'NONE', #143, #1797 ) ;
#2602 = CARTESIAN_POINT ( 'NONE',  ( -3.119999999999997886, 6.992588523705121517, 3.099999999999998757 ) ) ;
#2603 = DIRECTION ( 'NONE',  ( 0.0000000000000000000, -0.0000000000000000000, 1.000000000000000000 ) ) ;
#2604 = ORIENTED_EDGE ( 'NONE', *, *, #1597, .F. ) ;
#2605 = CARTESIAN_POINT ( 'NONE',  ( -0.4699999999999981970, 0.0000000000000000000, -2.784999999999999254 ) ) ;
#2606 = CARTESIAN_POINT ( 'NONE',  ( 1.953934515308848541, 0.8000000000000003775, 3.249999999999999556 ) ) ;
#2607 = EDGE_CURVE ( 'NONE', #224, #242, #717, .T. ) ;
#2608 = EDGE_CURVE ( 'NONE', #1247, #1156, #1179, .T. ) ;
#2609 = LINE ( 'NONE', #3066, #2636 ) ;
#2610 = EDGE_LOOP ( 'NONE', ( #1050, #1046, #2215, #3087 ) ) ;
#2611 = CARTESIAN_POINT ( 'NONE',  ( -1.465918309119740304, 0.5500000000000001554, -3.249999999999999556 ) ) ;
#2612 = LINE ( 'NONE', #885, #2118 ) ;
#2613 =( NAMED_UNIT ( * ) SI_UNIT ( $, .STERADIAN. ) SOLID_ANGLE_UNIT ( ) );
#2614 = VERTEX_POINT ( 'NONE', #961 ) ;
#2615 = VECTOR ( 'NONE', #2355, 1000.000000000000000 ) ;
#2616 = CARTESIAN_POINT ( 'NONE',  ( -0.7850000000000010303, 0.0000000000000000000, -3.100000000000000533 ) ) ;
#2617 = DIRECTION ( 'NONE',  ( -0.0000000000000000000, 1.000000000000000000, -0.0000000000000000000 ) ) ;
#2618 = CARTESIAN_POINT ( 'NONE',  ( -1.750000000000001554, 0.8000000000000003775, 1.749999999999998002 ) ) ;
#2619 = VERTEX_POINT ( 'NONE', #481 ) ;
#2620 = VECTOR ( 'NONE', #379, 1000.000000000000000 ) ;
#2621 = EDGE_CURVE ( 'NONE', #2521, #1156, #948, .T. ) ;
#2622 = CIRCLE ( 'NONE', #2780, 0.3750000000000000555 ) ;
#2623 = CARTESIAN_POINT ( 'NONE',  ( 3.119999999999997886, 0.0000000000000000000, 3.099999999999998757 ) ) ;
#2624 = EDGE_CURVE ( 'NONE', #2503, #2774, #758, .T. ) ;
#2625 = DIRECTION ( 'NONE',  ( -1.000000000000000000, 0.0000000000000000000, -0.0000000000000000000 ) ) ;
#2626 = VERTEX_POINT ( 'NONE', #914 ) ;
#2627 = CARTESIAN_POINT ( 'NONE',  ( -3.039999999999994262, 0.0000000000000000000, 0.0000000000000000000 ) ) ;
#2628 = CARTESIAN_POINT ( 'NONE',  ( -0.1250000000000001110, 0.1250000000000001110, 2.399999999999992362 ) ) ;
#2629 = AXIS2_PLACEMENT_3D ( 'NONE', #2588, #3088, #2813 ) ;
#2630 = APPLICATION_PROTOCOL_DEFINITION ( 'draft international standard', 'automotive_design', 1998, #2714 ) ;
#2631 = VERTEX_POINT ( 'NONE', #2900 ) ;
#2632 = CARTESIAN_POINT ( 'NONE',  ( -3.250000000000002665, 0.5500000000000001554, 1.749999999999987566 ) ) ;
#2633 = CARTESIAN_POINT ( 'NONE',  ( -0.5700000000000010614, 0.1250000000000001110, -0.4643543905251679149 ) ) ;
#2634 = PLANE ( 'NONE',  #1266 ) ;
#2635 = EDGE_LOOP ( 'NONE', ( #1879, #2374, #2957, #3080, #2290 ) ) ;
#2636 = VECTOR ( 'NONE', #2059, 1000.000000000000000 ) ;
#2637 = EDGE_CURVE ( 'NONE', #2872, #206, #668, .T. ) ;
#2638 = FACE_OUTER_BOUND ( 'NONE', #1024, .T. ) ;
#2639 = FACE_OUTER_BOUND ( 'NONE', #2807, .T. ) ;
#2640 = PRODUCT_DEFINITION_CONTEXT ( 'detailed design', #2272, 'design' ) ;
#2641 = PLANE ( 'NONE',  #1183 ) ;
#2642 = ORIENTED_EDGE ( 'NONE', *, *, #695, .F. ) ;
#2643 = CARTESIAN_POINT ( 'NONE',  ( -0.4699999999999981970, 0.0000000000000000000, -0.4643543905251679149 ) ) ;
#2644 = PRODUCT_CONTEXT ( 'NONE', #2714, 'mechanical' ) ;
#2645 = ORIENTED_EDGE ( 'NONE', *, *, #784, .T. ) ;
#2646 = CARTESIAN_POINT ( 'NONE',  ( 0.4699999999999981970, 0.1250000000000001110, 2.784999999999999254 ) ) ;
#2647 = LINE ( 'NONE', #424, #558 ) ;
#2648 = VECTOR ( 'NONE', #1831, 1000.000000000000000 ) ;
#2649 = LINE ( 'NONE', #1947, #2099 ) ;
#2650 = EDGE_LOOP ( 'NONE', ( #1277, #476, #37, #2026 ) ) ;
#2651 = CARTESIAN_POINT ( 'NONE',  ( -3.499999999999996003, 0.8000000000000003775, 3.499999999999999556 ) ) ;
#2652 = ORIENTED_EDGE ( 'NONE', *, *, #261, .T. ) ;
#2653 = FACE_BOUND ( 'NONE', #180, .T. ) ;
#2654 = FACE_OUTER_BOUND ( 'NONE', #2849, .T. ) ;
#2655 = ORIENTED_EDGE ( 'NONE', *, *, #467, .F. ) ;
#2656 = CARTESIAN_POINT ( 'NONE',  ( 1.749999999998835820, 0.5500000000000001554, -3.249999999999999556 ) ) ;
#2657 = DIRECTION ( 'NONE',  ( 0.0000000000000000000, 1.000000000000000000, -0.0000000000000000000 ) ) ;
#2658 = VECTOR ( 'NONE', #772, 1000.000000000000000 ) ;
#2659 = VECTOR ( 'NONE', #1352, 1000.000000000000000 ) ;
#2660 = EDGE_LOOP ( 'NONE', ( #3133, #740, #384, #3183 ) ) ;
#2661 = DIRECTION ( 'NONE',  ( -1.000000000000000000, -0.0000000000000000000, -0.0000000000000000000 ) ) ;
#2662 = CARTESIAN_POINT ( 'NONE',  ( -3.500000000000003109, 0.8000000000000003775, -3.499999999999999556 ) ) ;
#2663 = VERTEX_POINT ( 'NONE', #2444 ) ;
#2664 = EDGE_CURVE ( 'NONE', #1003, #3092, #2993, .T. ) ;
#2665 = DIRECTION ( 'NONE',  ( 1.000000000000000000, 0.0000000000000000000, 0.0000000000000000000 ) ) ;
#2666 = EDGE_CURVE ( 'NONE', #1703, #320, #1425, .T. ) ;
#2667 = VECTOR ( 'NONE', #1837, 1000.000000000000000 ) ;
#2668 = COLOUR_RGB ( '',1.000000000000000000, 1.000000000000000000, 0.7490196078431372584 ) ;
#2669 = EDGE_LOOP ( 'NONE', ( #2162, #483, #969, #266 ) ) ;
#2670 = EDGE_CURVE ( 'NONE', #1365, #1076, #1895, .T. ) ;
#2671 = DIRECTION ( 'NONE',  ( 0.0000000000000000000, 1.000000000000000000, 0.0000000000000000000 ) ) ;
#2672 = CARTESIAN_POINT ( 'NONE',  ( -0.5489473684210516291, 6.992588523705121517, -0.3665955714672389232 ) ) ;
#2673 = CARTESIAN_POINT ( 'NONE',  ( 1.539999999999992708, 0.0000000000000000000, 3.040000000000000924 ) ) ;
#2674 = EDGE_CURVE ( 'NONE', #1034, #1819, #2152, .T. ) ;
#2675 = ORIENTED_EDGE ( 'NONE', *, *, #261, .F. ) ;
#2676 = CARTESIAN_POINT ( 'NONE',  ( 1.539999999282966048, 0.0000000000000000000, 3.040000000000000924 ) ) ;
#2677 = CARTESIAN_POINT ( 'NONE',  ( -0.5489473684210516291, 0.1250000000000001110, 0.3665955714672389232 ) ) ;
#2678 = ORIENTED_EDGE ( 'NONE', *, *, #2542, .F. ) ;
#2679 =( NAMED_UNIT ( * ) SI_UNIT ( $, .STERADIAN. ) SOLID_ANGLE_UNIT ( ) );
#2680 = LINE ( 'NONE', #952, #706 ) ;
#2681 = AXIS2_PLACEMENT_3D ( 'NONE', #3024, #362, #1357 ) ;
#2682 = DIRECTION ( 'NONE',  ( 0.0000000000000000000, 1.000000000000000000, 0.0000000000000000000 ) ) ;
#2683 = VECTOR ( 'NONE', #1060, 1000.000000000000000 ) ;
#2684 = VERTEX_POINT ( 'NONE', #2656 ) ;
#2685 = CYLINDRICAL_SURFACE ( 'NONE', #32, 1.000000000000000000 ) ;
#2686 = VECTOR ( 'NONE', #2987, 1000.000000000000000 ) ;
#2687 = EDGE_LOOP ( 'NONE', ( #1488, #188, #412, #388 ) ) ;
#2688 = AXIS2_PLACEMENT_3D ( 'NONE', #221, #1721, #1705 ) ;
#2689 = CARTESIAN_POINT ( 'NONE',  ( -0.4699999999999981970, 0.0000000000000000000, 0.4643543905251679149 ) ) ;
#2690 = AXIS2_PLACEMENT_3D ( 'NONE', #1667, #2657, #2386 ) ;
#2691 = PLANE ( 'NONE',  #1445 ) ;
#2692 = ORIENTED_EDGE ( 'NONE', *, *, #2607, .F. ) ;
#2693 = DIRECTION ( 'NONE',  ( 0.0000000000000000000, 0.0000000000000000000, -1.000000000000000000 ) ) ;
#2694 = CARTESIAN_POINT ( 'NONE',  ( -3.119999999999997886, 6.992588523705121517, -3.100000000000000533 ) ) ;
#2695 = CLOSED_SHELL ( 'NONE', ( #2222, #104, #2538, #27, #2369, #1713, #167, #3003, #2387, #3042, #3156, #2377, #1035, #1659, #1648, #3154, #2136, #2850, #2784, #361, #790, #2908, #504, #2051, #3150, #1950, #2334, #1753, #773, #1253, #2569, #1832, #2913, #3110, #2718, #64, #410, #690, #1033, #2475, #2137, #538 ) ) ;
#2696 = ORIENTED_EDGE ( 'NONE', *, *, #318, .T. ) ;
#2697 = DIRECTION ( 'NONE',  ( 1.000000000000000000, 0.0000000000000000000, 0.0000000000000000000 ) ) ;
#2698 = CARTESIAN_POINT ( 'NONE',  ( -1.125000000000000888, 0.1250000000000001110, 2.399999999999999467 ) ) ;
#2699 = DIRECTION ( 'NONE',  ( 0.0000000000000000000, -0.0000000000000000000, 1.000000000000000000 ) ) ;
#2700 = ORIENTED_EDGE ( 'NONE', *, *, #2468, .T. ) ;
#2701 = CARTESIAN_POINT ( 'NONE',  ( -0.1250000000000001110, 0.1250000000000001110, -3.400000000000000355 ) ) ;
#2702 = ORIENTED_EDGE ( 'NONE', *, *, #3054, .F. ) ;
#2703 = CARTESIAN_POINT ( 'NONE',  ( 2.700000000000001066, 0.8000000000000003775, -3.499999999999999556 ) ) ;
#2704 = CARTESIAN_POINT ( 'NONE',  ( 3.249999999999996003, 0.5500000000000001554, -1.465918309119742080 ) ) ;
#2705 = LINE ( 'NONE', #1227, #1322 ) ;
#2706 = EDGE_CURVE ( 'NONE', #528, #1169, #20, .T. ) ;
#2707 = DIRECTION ( 'NONE',  ( 0.0000000000000000000, 1.000000000000000000, 0.0000000000000000000 ) ) ;
#2708 = FILL_AREA_STYLE ('',( #1718 ) ) ;
#2709 = PRODUCT_DEFINITION ( 'UNKNOWN', '', #3085, #462 ) ;
#2710 = CARTESIAN_POINT ( 'NONE',  ( -0.1250000000000001110, 0.2500000000000002220, 2.399999999999992362 ) ) ;
#2711 = VERTEX_POINT ( 'NONE', #234 ) ;
#2712 = DIRECTION ( 'NONE',  ( 0.0000000000000000000, 1.000000000000000000, 0.0000000000000000000 ) ) ;
#2713 = DIRECTION ( 'NONE',  ( 0.0000000000000000000, 0.0000000000000000000, 1.000000000000000000 ) ) ;
#2714 = APPLICATION_CONTEXT ( 'automotive_design' ) ;
#2715 = ORIENTED_EDGE ( 'NONE', *, *, #1135, .F. ) ;
#2716 = DIRECTION ( 'NONE',  ( -1.000000000000000000, 0.0000000000000000000, 1.324216393875425342E-16 ) ) ;
#2717 = EDGE_CURVE ( 'NONE', #1125, #2307, #1779, .T. ) ;
#2718 = ADVANCED_FACE ( 'NONE', ( #2006, #1973 ), #1795, .T. ) ;
#2719 = ORIENTED_EDGE ( 'NONE', *, *, #1888, .F. ) ;
#2720 = AXIS2_PLACEMENT_3D ( 'NONE', #2423, #1437, #1194 ) ;
#2721 = COLOUR_RGB ( '',0.7490196078431372584, 0.7490196078431372584, 0.7490196078431372584 ) ;
#2722 = AXIS2_PLACEMENT_3D ( 'NONE', #69, #2594, #2036 ) ;
#2723 = CARTESIAN_POINT ( 'NONE',  ( -1.953934515308848541, 0.5500000000000001554, -3.250000000000001332 ) ) ;
#2724 = DIRECTION ( 'NONE',  ( 0.0000000000000000000, 0.0000000000000000000, -1.000000000000000000 ) ) ;
#2725 = CARTESIAN_POINT ( 'NONE',  ( -3.040000000000000924, 0.2500000000000002220, -0.7598553693929730457 ) ) ;
#2726 = CARTESIAN_POINT ( 'NONE',  ( 0.3566250915080573791, 0.0000000000000000000, -3.039999999999999147 ) ) ;
#2727 = ORIENTED_EDGE ( 'NONE', *, *, #2378, .F. ) ;
#2728 = AXIS2_PLACEMENT_3D ( 'NONE', #53, #825, #846 ) ;
#2729 = FACE_OUTER_BOUND ( 'NONE', #1989, .T. ) ;
#2730 = ORIENTED_EDGE ( 'NONE', *, *, #833, .T. ) ;
#2731 = LINE ( 'NONE', #287, #1697 ) ;
#2732 = CARTESIAN_POINT ( 'NONE',  ( -3.119999999999997886, 0.1250000000000001110, -3.100000000000000533 ) ) ;
#2733 = PRESENTATION_STYLE_ASSIGNMENT (( #2973 ) ) ;
#2734 = ORIENTED_EDGE ( 'NONE', *, *, #2033, .F. ) ;
#2735 = CARTESIAN_POINT ( 'NONE',  ( -1.539999999999985825, 0.0000000000000000000, -3.040000000000000924 ) ) ;
#2736 = VERTEX_POINT ( 'NONE', #248 ) ;
#2737 = AXIS2_PLACEMENT_3D ( 'NONE', #238, #2216, #2921 ) ;
#2738 = CARTESIAN_POINT ( 'NONE',  ( -3.040000000000000924, 0.0000000000000000000, -1.276292343890875980 ) ) ;
#2739 = ORIENTED_EDGE ( 'NONE', *, *, #647, .F. ) ;
#2740 = VECTOR ( 'NONE', #2758, 1000.000000000000000 ) ;
#2741 = CARTESIAN_POINT ( 'NONE',  ( 1.539999999282966048, 0.2500000000000002220, 3.040000000000000924 ) ) ;
#2742 = CARTESIAN_POINT ( 'NONE',  ( 3.119999999999997886, 6.992588523705121517, -3.100000000000000533 ) ) ;
#2743 = ORIENTED_EDGE ( 'NONE', *, *, #1140, .T. ) ;
#2744 = VERTEX_POINT ( 'NONE', #2997 ) ;
#2745 = DIRECTION ( 'NONE',  ( 1.000000000000000000, 0.0000000000000000000, 0.0000000000000000000 ) ) ;
#2746 = LINE ( 'NONE', #1771, #1545 ) ;
#2747 = ORIENTED_EDGE ( 'NONE', *, *, #1080, .T. ) ;
#2748 = CARTESIAN_POINT ( 'NONE',  ( 0.7598553693929712693, 0.2500000000000002220, 3.040000000000008029 ) ) ;
#2749 = ADVANCED_FACE ( 'NONE', ( #2772 ), #1022, .F. ) ;
#2750 = ORIENTED_EDGE ( 'NONE', *, *, #2468, .F. ) ;
#2751 = PRODUCT_DEFINITION_SHAPE ( 'NONE', 'NONE',  #3225 ) ;
#2752 = AXIS2_PLACEMENT_3D ( 'NONE', #3018, #783, #1784 ) ;
#2753 = CARTESIAN_POINT ( 'NONE',  ( -3.040000000000000924, 0.0000000000000000000, -0.7598553693929730457 ) ) ;
#2754 = CARTESIAN_POINT ( 'NONE',  ( -0.1250000000000001110, 0.1250000000000001110, -3.400000000000000355 ) ) ;
#2755 = FACE_OUTER_BOUND ( 'NONE', #662, .T. ) ;
#2756 = DIRECTION ( 'NONE',  ( -1.000000000000000000, 0.0000000000000000000, 0.0000000000000000000 ) ) ;
#2757 = ORIENTED_EDGE ( 'NONE', *, *, #827, .T. ) ;
#2758 = DIRECTION ( 'NONE',  ( -0.0000000000000000000, -1.000000000000000000, -0.0000000000000000000 ) ) ;
#2759 = VERTEX_POINT ( 'NONE', #2459 ) ;
#2760 = CARTESIAN_POINT ( 'NONE',  ( -0.4699999999999981970, 0.1250000000000001110, -0.4643543905251679149 ) ) ;
#2761 = LINE ( 'NONE', #769, #2117 ) ;
#2762 = FILL_AREA_STYLE ('',( #2015 ) ) ;
#2763 = ORIENTED_EDGE ( 'NONE', *, *, #2608, .F. ) ;
#2764 = CARTESIAN_POINT ( 'NONE',  ( 3.166867494569236552, 0.8000000000000003775, -2.349028309388760505 ) ) ;
#2765 = DIRECTION ( 'NONE',  ( -1.324216393875425342E-16, 0.0000000000000000000, -1.000000000000000000 ) ) ;
#2766 = VECTOR ( 'NONE', #1467, 1000.000000000000000 ) ;
#2767 = ORIENTED_EDGE ( 'NONE', *, *, #1511, .T. ) ;
#2768 = ADVANCED_FACE ( 'NONE', ( #2522 ), #2493, .T. ) ;
#2769 = EDGE_CURVE ( 'NONE', #3212, #1003, #298, .T. ) ;
#2770 = CARTESIAN_POINT ( 'NONE',  ( -2.837024905209296843, 0.5500000000000018208, -2.837024905209305725 ) ) ;
#2771 = LINE ( 'NONE', #540, #3137 ) ;
#2772 = FACE_OUTER_BOUND ( 'NONE', #2188, .T. ) ;
#2773 = CARTESIAN_POINT ( 'NONE',  ( 0.0000000000000000000, 0.0000000000000000000, 0.0000000000000000000 ) ) ;
#2774 = VERTEX_POINT ( 'NONE', #763 ) ;
#2775 = PRESENTATION_LAYER_ASSIGNMENT (  '', '', ( #896 ) ) ;
#2776 = ORIENTED_EDGE ( 'NONE', *, *, #2804, .T. ) ;
#2777 = CARTESIAN_POINT ( 'NONE',  ( 3.400000000000000355, 0.2500000000000002220, -3.400000000000000355 ) ) ;
#2778 = FACE_OUTER_BOUND ( 'NONE', #2509, .T. ) ;
#2779 = EDGE_CURVE ( 'NONE', #345, #2711, #967, .T. ) ;
#2780 = AXIS2_PLACEMENT_3D ( 'NONE', #40, #2998, #2023 ) ;
#2781 = EDGE_LOOP ( 'NONE', ( #91, #2011, #2515, #1780, #1540, #632, #789, #883, #842, #1656, #190, #897, #2053, #957 ) ) ;
#2782 = CARTESIAN_POINT ( 'NONE',  ( 3.040000000000000924, 0.2500000000000002220, -1.729308550175147285 ) ) ;
#2783 = LINE ( 'NONE', #2517, #679 ) ;
#2784 = ADVANCED_FACE ( 'NONE', ( #2755 ), #2338, .F. ) ;
#2785 = ORIENTED_EDGE ( 'NONE', *, *, #3116, .T. ) ;
#2786 = CIRCLE ( 'NONE', #1951, 1.000000000000000000 ) ;
#2787 = LINE ( 'NONE', #315, #1009 ) ;
#2788 = DIRECTION ( 'NONE',  ( 0.0000000000000000000, -0.0000000000000000000, -1.000000000000000000 ) ) ;
#2789 = DIRECTION ( 'NONE',  ( 0.0000000000000000000, 1.000000000000000000, 0.0000000000000000000 ) ) ;
#2790 = AXIS2_PLACEMENT_3D ( 'NONE', #2263, #42, #3221 ) ;
#2791 = CARTESIAN_POINT ( 'NONE',  ( -3.499999999999996003, 0.8000000000000003775, 3.499999999999999556 ) ) ;
#2792 = ORIENTED_EDGE ( 'NONE', *, *, #1558, .F. ) ;
#2793 = CARTESIAN_POINT ( 'NONE',  ( -1.125000000000007994, 0.1250000000000001110, 3.400000000000000355 ) ) ;
#2794 = CARTESIAN_POINT ( 'NONE',  ( -0.1250000000000001110, 0.1250000000000001110, 2.399999999999992362 ) ) ;
#2795 = VECTOR ( 'NONE', #450, 1000.000000000000000 ) ;
#2796 = UNCERTAINTY_MEASURE_WITH_UNIT (LENGTH_MEASURE( 1.000000000000000082E-05 ), #1670, 'distance_accuracy_value', 'NONE');
#2797 = VERTEX_POINT ( 'NONE', #1121 ) ;
#2798 = CARTESIAN_POINT ( 'NONE',  ( -1.276292343890872427, 0.2500000000000002220, 3.040000000000000924 ) ) ;
#2799 = CARTESIAN_POINT ( 'NONE',  ( 1.539999999999992708, 0.2500000000000002220, 3.040000000000000924 ) ) ;
#2800 = ORIENTED_EDGE ( 'NONE', *, *, #1791, .F. ) ;
#2801 = DIRECTION ( 'NONE',  ( -0.0000000000000000000, 1.000000000000000000, -0.0000000000000000000 ) ) ;
#2802 = CARTESIAN_POINT ( 'NONE',  ( 0.1250000000000001110, 0.2500000000000002220, 2.399999999999992362 ) ) ;
#2803 = CARTESIAN_POINT ( 'NONE',  ( 3.039999999999994262, 0.2500000000000002220, 3.469446951953614189E-15 ) ) ;
#2804 = EDGE_CURVE ( 'NONE', #2130, #1497, #806, .T. ) ;
#2805 = ADVANCED_FACE ( 'NONE', ( #1327 ), #87, .F. ) ;
#2806 = CARTESIAN_POINT ( 'NONE',  ( 1.125000000000007994, 0.2500000000000002220, 3.400000000000000355 ) ) ;
#2807 = EDGE_LOOP ( 'NONE', ( #1849, #2219, #1726, #2678, #2550 ) ) ;
#2808 = CARTESIAN_POINT ( 'NONE',  ( 1.729308550175147285, 0.0000000000000000000, -3.040000000000000924 ) ) ;
#2809 = LINE ( 'NONE', #386, #711 ) ;
#2810 = APPLICATION_PROTOCOL_DEFINITION ( 'draft international standard', 'automotive_design', 1998, #2272 ) ;
#2811 = EDGE_CURVE ( 'NONE', #751, #1952, #1874, .T. ) ;
#2812 = ORIENTED_EDGE ( 'NONE', *, *, #2226, .T. ) ;
#2813 = DIRECTION ( 'NONE',  ( 0.0000000000000000000, 0.0000000000000000000, -1.000000000000000000 ) ) ;
#2814 = CARTESIAN_POINT ( 'NONE',  ( -3.119999999999997886, 6.992588523705121517, 3.099999999999998757 ) ) ;
#2815 = DIRECTION ( 'NONE',  ( -1.000000000000000000, 0.0000000000000000000, -0.0000000000000000000 ) ) ;
#2816 = EDGE_CURVE ( 'NONE', #1156, #2432, #2146, .T. ) ;
#2817 = ADVANCED_FACE ( 'NONE', ( #3177 ), #1630, .T. ) ;
#2818 = ORIENTED_EDGE ( 'NONE', *, *, #980, .F. ) ;
#2819 = VECTOR ( 'NONE', #111, 1000.000000000000000 ) ;
#2820 = LINE ( 'NONE', #810, #2320 ) ;
#2821 = CYLINDRICAL_SURFACE ( 'NONE', #1739, 0.3750000000000000555 ) ;
#2822 = CARTESIAN_POINT ( 'NONE',  ( -1.276292343890879311, 0.2500000000000002220, -3.039999999999999147 ) ) ;
#2823 = FACE_OUTER_BOUND ( 'NONE', #1350, .T. ) ;
#2824 = ORIENTED_EDGE ( 'NONE', *, *, #902, .T. ) ;
#2825 = CARTESIAN_POINT ( 'NONE',  ( 2.629748946929792552, 0.0000000000000000000, -2.629748946929787667 ) ) ;
#2826 = DIRECTION ( 'NONE',  ( -0.0000000000000000000, -1.000000000000000000, -0.0000000000000000000 ) ) ;
#2827 = CIRCLE ( 'NONE', #1884, 1.499999999999999778 ) ;
#2828 = COLOUR_RGB ( '',1.000000000000000000, 0.8235294117647058432, 0.2980392156862745057 ) ;
#2829 = ORIENTED_EDGE ( 'NONE', *, *, #1011, .F. ) ;
#2830 = DIRECTION ( 'NONE',  ( -0.0000000000000000000, 1.000000000000000000, -0.0000000000000000000 ) ) ;
#2831 = LINE ( 'NONE', #358, #989 ) ;
#2832 = FACE_OUTER_BOUND ( 'NONE', #278, .T. ) ;
#2833 = EDGE_LOOP ( 'NONE', ( #2019, #1001, #197, #2597 ) ) ;
#2834 = CARTESIAN_POINT ( 'NONE',  ( 3.119999999999997886, 6.992588523705121517, -3.100000000000000533 ) ) ;
#2835 = CARTESIAN_POINT ( 'NONE',  ( -0.1250000000000001110, 0.2500000000000002220, 2.399999999999992362 ) ) ;
#2836 = CARTESIAN_POINT ( 'NONE',  ( 2.967026893457222592, 0.2500000000000002220, 2.118442542642644089 ) ) ;
#2837 = VECTOR ( 'NONE', #225, 1000.000000000000000 ) ;
#2838 = CARTESIAN_POINT ( 'NONE',  ( -0.4699999999999981970, 6.992588523705121517, 0.0000000000000000000 ) ) ;
#2839 = ORIENTED_EDGE ( 'NONE', *, *, #1188, .T. ) ;
#2840 = CARTESIAN_POINT ( 'NONE',  ( 3.166867494569236552, 0.5500000000000001554, -2.349028309388760505 ) ) ;
#2841 = LINE ( 'NONE', #108, #420 ) ;
#2842 = VECTOR ( 'NONE', #546, 1000.000000000000000 ) ;
#2843 = VECTOR ( 'NONE', #936, 1000.000000000000000 ) ;
#2844 = ORIENTED_EDGE ( 'NONE', *, *, #3048, .F. ) ;
#2845 = CARTESIAN_POINT ( 'NONE',  ( 2.967026893457222592, 0.2500000000000002220, 2.118442542642644089 ) ) ;
#2846 = CARTESIAN_POINT ( 'NONE',  ( -0.3243482434843594775, 0.2500000000000621725, -3.040000000000021796 ) ) ;
#2847 = AXIS2_PLACEMENT_3D ( 'NONE', #1207, #2916, #3146 ) ;
#2848 = DIRECTION ( 'NONE',  ( 0.0000000000000000000, 1.000000000000000000, -0.0000000000000000000 ) ) ;
#2849 = EDGE_LOOP ( 'NONE', ( #6, #2384, #1181, #3112 ) ) ;
#2850 = ADVANCED_FACE ( 'NONE', ( #2653, #925, #429 ), #2896, .F. ) ;
#2851 = CLOSED_SHELL ( 'NONE', ( #2943, #1328, #1792, #2768, #646, #267, #2280, #1422, #734, #606, #1360, #3143, #1068, #2185, #3144, #2335, #1803, #2131 ) ) ;
#2852 = DIRECTION ( 'NONE',  ( -0.0000000000000000000, -0.0000000000000000000, 1.000000000000000000 ) ) ;
#2853 = CARTESIAN_POINT ( 'NONE',  ( 3.250000000000002665, 0.8000000000000003775, 0.8868275159912633043 ) ) ;
#2854 = FACE_OUTER_BOUND ( 'NONE', #2660, .T. ) ;
#2855 = ORIENTED_EDGE ( 'NONE', *, *, #2093, .T. ) ;
#2856 = CARTESIAN_POINT ( 'NONE',  ( -3.250000000000002665, 0.5500000000000001554, -1.465918309119742080 ) ) ;
#2857 = CARTESIAN_POINT ( 'NONE',  ( -0.1250000000000001110, 0.1250000000000001110, -3.400000000000000355 ) ) ;
#2858 = PRESENTATION_STYLE_ASSIGNMENT (( #1349 ) ) ;
#2859 = ORIENTED_EDGE ( 'NONE', *, *, #1961, .T. ) ;
#2860 = LINE ( 'NONE', #854, #1119 ) ;
#2861 = DIRECTION ( 'NONE',  ( -0.0000000000000000000, -1.000000000000000000, -0.0000000000000000000 ) ) ;
#2862 = EDGE_CURVE ( 'NONE', #853, #1244, #331, .T. ) ;
#2863 = DIRECTION ( 'NONE',  ( -0.7071067811865473507, 0.0000000000000000000, 0.7071067811865477948 ) ) ;
#2864 = ORIENTED_EDGE ( 'NONE', *, *, #1274, .F. ) ;
#2865 = ADVANCED_FACE ( 'NONE', ( #3127 ), #1936, .T. ) ;
#2866 = FILL_AREA_STYLE_COLOUR ( '', #78 ) ;
#2867 = CARTESIAN_POINT ( 'NONE',  ( -1.125000000000000888, 0.2500000000000002220, 2.399999999999999467 ) ) ;
#2868 = FACE_OUTER_BOUND ( 'NONE', #125, .T. ) ;
#2869 = ORIENTED_EDGE ( 'NONE', *, *, #1173, .F. ) ;
#2870 = CARTESIAN_POINT ( 'NONE',  ( 0.0000000000000000000, 0.0000000000000000000, -3.039999999999994262 ) ) ;
#2871 = CARTESIAN_POINT ( 'NONE',  ( -3.119999999999997886, 0.0000000000000000000, -3.100000000000000533 ) ) ;
#2872 = VERTEX_POINT ( 'NONE', #149 ) ;
#2873 = EDGE_CURVE ( 'NONE', #2030, #685, #2134, .T. ) ;
#2874 = VECTOR ( 'NONE', #953, 1000.000000000000000 ) ;
#2875 = CARTESIAN_POINT ( 'NONE',  ( 3.040000000000000924, 0.2500000000000002220, 1.276292343890875980 ) ) ;
#2876 = DIRECTION ( 'NONE',  ( 0.0000000000000000000, -0.0000000000000000000, 1.000000000000000000 ) ) ;
#2877 = PRESENTATION_LAYER_ASSIGNMENT (  '', '', ( #2510 ) ) ;
#2878 = AXIS2_PLACEMENT_3D ( 'NONE', #18, #2724, #1763 ) ;
#2879 = LINE ( 'NONE', #328, #2248 ) ;
#2880 = ORIENTED_EDGE ( 'NONE', *, *, #501, .T. ) ;
#2881 = AXIS2_PLACEMENT_3D ( 'NONE', #2359, #2671, #198 ) ;
#2882 = CARTESIAN_POINT ( 'NONE',  ( -3.400000000000000355, 0.2500000000000002220, -3.400000000000000355 ) ) ;
#2883 = PLANE ( 'NONE',  #1836 ) ;
#2884 = CARTESIAN_POINT ( 'NONE',  ( -3.400000000000000355, 0.1250000000000001110, -3.400000000000000355 ) ) ;
#2885 = EDGE_LOOP ( 'NONE', ( #3121, #571, #591, #3139 ) ) ;
#2886 = CARTESIAN_POINT ( 'NONE',  ( 1.539999999999985825, 0.0000000000000000000, -3.040000000000000924 ) ) ;
#2887 = SURFACE_STYLE_FILL_AREA ( #2708 ) ;
#2888 = VERTEX_POINT ( 'NONE', #1419 ) ;
#2889 = CARTESIAN_POINT ( 'NONE',  ( 0.7850000000000010303, 0.0000000000000000000, 3.099999999999998757 ) ) ;
#2890 = DIRECTION ( 'NONE',  ( -0.0000000000000000000, -1.000000000000000000, -0.0000000000000000000 ) ) ;
#2891 = CARTESIAN_POINT ( 'NONE',  ( 0.3566250896604172826, 0.0000000000000000000, 3.039999997781747787 ) ) ;
#2892 = ORIENTED_EDGE ( 'NONE', *, *, #1853, .T. ) ;
#2893 = CIRCLE ( 'NONE', #2790, 1.500000000000000000 ) ;
#2894 = CARTESIAN_POINT ( 'NONE',  ( 0.4699999999999981970, 6.992588523705121517, -2.784999999999999254 ) ) ;
#2895 = CARTESIAN_POINT ( 'NONE',  ( -0.7850000000000010303, 0.1250000000000001110, -3.100000000000000533 ) ) ;
#2896 = PLANE ( 'NONE',  #1000 ) ;
#2897 = UNCERTAINTY_MEASURE_WITH_UNIT (LENGTH_MEASURE( 1.000000000000000082E-05 ), #1131, 'distance_accuracy_value', 'NONE');
#2898 = CARTESIAN_POINT ( 'NONE',  ( 0.8868275159912633043, 0.5500000000000001554, 3.249999999999999556 ) ) ;
#2899 = ORIENTED_EDGE ( 'NONE', *, *, #1130, .T. ) ;
#2900 = CARTESIAN_POINT ( 'NONE',  ( 3.500000000000003109, 0.8000000000000003775, -2.700000000000001066 ) ) ;
#2901 = DIRECTION ( 'NONE',  ( -1.000000000000000000, -0.0000000000000000000, -0.0000000000000000000 ) ) ;
#2902 = EDGE_CURVE ( 'NONE', #1208, #2744, #3163, .T. ) ;
#2903 = EDGE_CURVE ( 'NONE', #242, #513, #2928, .T. ) ;
#2904 = SHAPE_DEFINITION_REPRESENTATION ( #1790, #380 ) ;
#2905 = ORIENTED_EDGE ( 'NONE', *, *, #1627, .F. ) ;
#2906 = CARTESIAN_POINT ( 'NONE',  ( -0.3566250915080573791, 0.0000000000000000000, 3.040000000000000924 ) ) ;
#2907 = CIRCLE ( 'NONE', #1504, 1.500000000000000000 ) ;
#2908 = ADVANCED_FACE ( 'NONE', ( #2915 ), #1679, .F. ) ;
#2909 = DIRECTION ( 'NONE',  ( -1.000000000000000000, 0.0000000000000000000, 0.0000000000000000000 ) ) ;
#2910 = VERTEX_POINT ( 'NONE', #2163 ) ;
#2911 = DIRECTION ( 'NONE',  ( 0.0000000000000000000, 0.0000000000000000000, -1.000000000000000000 ) ) ;
#2912 = ADVANCED_FACE ( 'NONE', ( #2176 ), #2883, .F. ) ;
#2913 = ADVANCED_FACE ( 'NONE', ( #2639 ), #416, .F. ) ;
#2914 = ORIENTED_EDGE ( 'NONE', *, *, #3186, .F. ) ;
#2915 = FACE_OUTER_BOUND ( 'NONE', #2669, .T. ) ;
#2916 = DIRECTION ( 'NONE',  ( 0.0000000000000000000, 0.0000000000000000000, -1.000000000000000000 ) ) ;
#2917 = VERTEX_POINT ( 'NONE', #665 ) ;
#2918 = CARTESIAN_POINT ( 'NONE',  ( 3.040000000000000924, 0.0000000000000000000, 1.276292343890875980 ) ) ;
#2919 = LINE ( 'NONE', #899, #2379 ) ;
#2920 = ORIENTED_EDGE ( 'NONE', *, *, #2469, .F. ) ;
#2921 = DIRECTION ( 'NONE',  ( 0.7071067811865454633, 0.0000000000000000000, -0.7071067811865495711 ) ) ;
#2922 = CARTESIAN_POINT ( 'NONE',  ( -3.499999999999996003, 0.0000000000000000000, 3.499999999999999556 ) ) ;
#2923 = CARTESIAN_POINT ( 'NONE',  ( 0.1250000000000001110, 0.1250000000000001110, 2.399999999999992362 ) ) ;
#2924 = ORIENTED_EDGE ( 'NONE', *, *, #1067, .T. ) ;
#2925 = DIRECTION ( 'NONE',  ( 0.0000000000000000000, 0.0000000000000000000, 1.000000000000000000 ) ) ;
#2926 = ORIENTED_EDGE ( 'NONE', *, *, #1615, .T. ) ;
#2927 = DIRECTION ( 'NONE',  ( -0.0000000000000000000, -1.000000000000000000, -0.0000000000000000000 ) ) ;
#2928 = LINE ( 'NONE', #1663, #1049 ) ;
#2929 = CIRCLE ( 'NONE', #285, 1.500000000000000000 ) ;
#2930 = CARTESIAN_POINT ( 'NONE',  ( 0.1250000000000001110, 0.1250000000000001110, 2.399999999999992362 ) ) ;
#2931 = ORIENTED_EDGE ( 'NONE', *, *, #2873, .F. ) ;
#2932 = DIRECTION ( 'NONE',  ( -0.0000000000000000000, 1.000000000000000000, -0.0000000000000000000 ) ) ;
#2933 = CARTESIAN_POINT ( 'NONE',  ( -0.7850000000000010303, 0.1250000000000001110, -3.100000000000000533 ) ) ;
#2934 = ORIENTED_EDGE ( 'NONE', *, *, #1509, .T. ) ;
#2935 = DIRECTION ( 'NONE',  ( -0.0000000000000000000, -0.0000000000000000000, 1.000000000000000000 ) ) ;
#2936 = B_SPLINE_CURVE_WITH_KNOTS ( 'NONE', 3,
 ( #3089, #2354, #2846, #2319 ),
 .UNSPECIFIED., .F., .F.,
 ( 4, 4 ),
 ( 0.2621665135468333463, 0.4588773644774490901 ),
 .UNSPECIFIED. ) ;
#2937 = CARTESIAN_POINT ( 'NONE',  ( 0.4699999999999981970, 0.1250000000000001110, 2.784999999999999254 ) ) ;
#2938 = VECTOR ( 'NONE', #2438, 1000.000000000000000 ) ;
#2939 = CARTESIAN_POINT ( 'NONE',  ( 0.1250000000000001110, 0.2500000000000002220, 2.399999999999992362 ) ) ;
#2940 = VERTEX_POINT ( 'NONE', #3091 ) ;
#2941 = PLANE ( 'NONE',  #2580 ) ;
#2942 = VECTOR ( 'NONE', #2245, 1000.000000000000000 ) ;
#2943 = ADVANCED_FACE ( 'NONE', ( #874 ), #889, .F. ) ;
#2944 = VECTOR ( 'NONE', #747, 1000.000000000000000 ) ;
#2945 = ORIENTED_EDGE ( 'NONE', *, *, #2101, .T. ) ;
#2946 = VECTOR ( 'NONE', #1671, 1000.000000000000000 ) ;
#2947 = DIRECTION ( 'NONE',  ( -1.000000000000000000, 0.0000000000000000000, 1.239088197126298706E-16 ) ) ;
#2948 = PRODUCT_RELATED_PRODUCT_CATEGORY ( 'part', '', ( #1843 ) ) ;
#2949 = VECTOR ( 'NONE', #929, 1000.000000000000000 ) ;
#2950 = CARTESIAN_POINT ( 'NONE',  ( 1.953934515308848541, 0.5500000000000001554, -3.250000000000001332 ) ) ;
#2951 = CARTESIAN_POINT ( 'NONE',  ( 3.400000000000000355, 0.2500000000000002220, -3.400000000000000355 ) ) ;
#2952 = CARTESIAN_POINT ( 'NONE',  ( 3.119999999999997886, 6.992588523705121517, 3.099999999999998757 ) ) ;
#2953 = DIRECTION ( 'NONE',  ( 0.0000000000000000000, 0.0000000000000000000, -1.000000000000000000 ) ) ;
#2954 = SHAPE_REPRESENTATION ( 'J7070K Base', ( #226 ), #1104 ) ;
#2955 = EDGE_CURVE ( 'NONE', #3165, #628, #2827, .T. ) ;
#2956 = EDGE_CURVE ( 'NONE', #2626, #2130, #1625, .T. ) ;
#2957 = ORIENTED_EDGE ( 'NONE', *, *, #1318, .T. ) ;
#2958 = CARTESIAN_POINT ( 'NONE',  ( -3.400000000000000355, 0.2500000000000002220, -3.400000000000000355 ) ) ;
#2959 = PLANE ( 'NONE',  #1981 ) ;
#2960 = ORIENTED_EDGE ( 'NONE', *, *, #71, .F. ) ;
#2961 = CARTESIAN_POINT ( 'NONE',  ( -0.4699999999999981970, 6.992588523705121517, -0.4643543905251679149 ) ) ;
#2962 = EDGE_CURVE ( 'NONE', #1010, #95, #129, .T. ) ;
#2963 = ORIENTED_EDGE ( 'NONE', *, *, #257, .T. ) ;
#2964 = CARTESIAN_POINT ( 'NONE',  ( -3.119999999999997886, 0.1250000000000001110, -3.100000000000000533 ) ) ;
#2965 = LINE ( 'NONE', #492, #900 ) ;
#2966 = CARTESIAN_POINT ( 'NONE',  ( -3.040000000000000924, 0.2500000000000002220, 0.7598553693929748221 ) ) ;
#2967 = CARTESIAN_POINT ( 'NONE',  ( -3.499999999999996003, 0.8000000000000003775, 3.499999999999999556 ) ) ;
#2968 = ORIENTED_EDGE ( 'NONE', *, *, #537, .F. ) ;
#2969 = ORIENTED_EDGE ( 'NONE', *, *, #2666, .F. ) ;
#2970 = DIRECTION ( 'NONE',  ( 6.195440985631454085E-17, 0.0000000000000000000, 1.000000000000000000 ) ) ;
#2971 = CARTESIAN_POINT ( 'NONE',  ( 0.4699999999999981970, 6.992588523705121517, -2.784999999999999254 ) ) ;
#2972 = AXIS2_PLACEMENT_3D ( 'NONE', #2633, #408, #391 ) ;
#2973 = SURFACE_STYLE_USAGE ( .BOTH. , #1494 ) ;
#2974 = VERTEX_POINT ( 'NONE', #1117 ) ;
#2975 = CARTESIAN_POINT ( 'NONE',  ( -0.4699999999999981970, 0.0000000000000000000, 2.784999999999999254 ) ) ;
#2976 = VERTEX_POINT ( 'NONE', #1338 ) ;
#2977 = VECTOR ( 'NONE', #2553, 1000.000000000000000 ) ;
#2978 = AXIS2_PLACEMENT_3D ( 'NONE', #371, #627, #2300 ) ;
#2979 = CARTESIAN_POINT ( 'NONE',  ( -3.400000000000000355, 0.2500000000000002220, -3.400000000000000355 ) ) ;
#2980 = LINE ( 'NONE', #1021, #2456 ) ;
#2981 = CARTESIAN_POINT ( 'NONE',  ( 1.465918309119740304, 0.8000000000000003775, 3.249999999999999556 ) ) ;
#2982 = CARTESIAN_POINT ( 'NONE',  ( -0.4699999999999981970, 0.1250000000000001110, 0.4643543905251679149 ) ) ;
#2983 = ORIENTED_EDGE ( 'NONE', *, *, #1028, .T. ) ;
#2984 = B_SPLINE_SURFACE_WITH_KNOTS ( 'NONE', 3, 1, ( 
 ( #255, #1805 ),
 ( #2288, #1303 ),
 ( #62, #2748 ),
 ( #2049, #786 ),
 ( #2516, #1268 ),
 ( #2488, #2798 ),
 ( #2536, #1287 ),
 ( #3038, #277 ),
 ( #1541, #568 ),
 ( #2254, #2271 ),
 ( #310, #1015 ),
 ( #1251, #1031 ),
 ( #2239, #1002 ),
 ( #2017, #804 ),
 ( #550, #1525 ),
 ( #1561, #2551 ),
 ( #49, #1999 ),
 ( #519, #2031 ),
 ( #14, #1508 ),
 ( #3020, #325 ),
 ( #2990, #1757 ),
 ( #1314, #2303 ),
 ( #1786, #818 ),
 ( #2502, #757 ),
 ( #81, #1063 ),
 ( #3006, #771 ),
 ( #2066, #3058 ),
 ( #503, #30 ),
 ( #1773, #1496 ),
 ( #2764, #533 ),
 ( #290, #2782 ),
 ( #1097, #2097 ),
 ( #1133, #389 ),
 ( #1114, #126 ),
 ( #2080, #887 ),
 ( #1623, #2875 ),
 ( #1638, #1398 ),
 ( #407, #2845 ),
 ( #837, #1366 ),
 ( #110, #2353 ),
 ( #1381, #2339 ),
 ( #2370, #2318 ) ),
 .UNSPECIFIED., .T., .F., .F.,
 ( 4, 1, 1, 1, 2, 1, 1, 1, 2, 1, 1, 1, 2, 1, 1, 1, 2, 1, 1, 1, 2, 1, 1, 1, 2, 1, 1, 1, 2, 1, 1, 1, 4 ),
 ( 2, 2 ),
 ( 0.0000000000000000000, 0.03638220494845408048, 0.07276440989690816097, 0.1091466148453622553, 0.1455288197938163219, 0.1716466148453622276, 0.1977644098969081887, 0.2238822049484541221, 0.2500000000000000000, 0.2863822049484540666, 0.3227644098969081332, 0.3591466148453621998, 0.3955288197938162664, 0.4216466148453622553, 0.4477644098969081887, 0.4738822049484541221, 0.5000000000000001110, 0.5363822049484542331, 0.5727644098969082442, 0.6091466148453621443, 0.6455288197938162664, 0.6716466148453621443, 0.6977644098969082442, 0.7238822049484541221, 0.7500000000000000000, 0.7863822049484541221, 0.8227644098969082442, 0.8591466148453621443, 0.8955288197938162664, 0.9216466148453621443, 0.9477644098969082442, 0.9738822049484541221, 1.000000000000000000 ),
 ( 0.0000000000000000000, 1.000000000000000000 ),
 .UNSPECIFIED. ) ;
#2985 = CARTESIAN_POINT ( 'NONE',  ( -0.1250000000000001110, 0.1250000000000001110, -3.400000000000000355 ) ) ;
#2986 = VERTEX_POINT ( 'NONE', #1085 ) ;
#2987 = DIRECTION ( 'NONE',  ( -6.377659838150026227E-17, -0.0000000000000000000, -1.000000000000000000 ) ) ;
#2988 = LINE ( 'NONE', #45, #608 ) ;
#2989 = ORIENTED_EDGE ( 'NONE', *, *, #674, .T. ) ;
#2990 = CARTESIAN_POINT ( 'NONE',  ( -1.953934515308848541, 0.8000000000000003775, -3.250000000000001332 ) ) ;
#2991 = CIRCLE ( 'NONE', #652, 0.09999999999999999167 ) ;
#2992 = ORIENTED_EDGE ( 'NONE', *, *, #403, .T. ) ;
#2993 = CIRCLE ( 'NONE', #2009, 1.500000000000000000 ) ;
#2994 = CARTESIAN_POINT ( 'NONE',  ( 2.349028309388760505, 0.5500000000000001554, -3.166867494569232999 ) ) ;
#2995 = ORIENTED_EDGE ( 'NONE', *, *, #2286, .F. ) ;
#2996 = VECTOR ( 'NONE', #236, 1000.000000000000000 ) ;
#2997 = CARTESIAN_POINT ( 'NONE',  ( -0.7850000000000010303, 0.0000000000000000000, -3.100000000000000533 ) ) ;
#2998 = DIRECTION ( 'NONE',  ( -0.0000000000000000000, 1.000000000000000000, -0.0000000000000000000 ) ) ;
#2999 = ORIENTED_EDGE ( 'NONE', *, *, #709, .F. ) ;
#3000 = EDGE_LOOP ( 'NONE', ( #502, #284, #723, #1025 ) ) ;
#3001 = LINE ( 'NONE', #9, #1177 ) ;
#3002 = LINE ( 'NONE', #2285, #1290 ) ;
#3003 = ADVANCED_FACE ( 'NONE', ( #2832 ), #3073, .F. ) ;
#3004 =( NAMED_UNIT ( * ) SI_UNIT ( $, .STERADIAN. ) SOLID_ANGLE_UNIT ( ) );
#3005 = ORIENTED_EDGE ( 'NONE', *, *, #932, .F. ) ;
#3006 = CARTESIAN_POINT ( 'NONE',  ( 1.465918309119740304, 0.8000000000000003775, -3.249999999999999556 ) ) ;
#3007 = CARTESIAN_POINT ( 'NONE',  ( -1.125000000000007994, 0.1250000000000001110, 3.400000000000000355 ) ) ;
#3008 = EDGE_CURVE ( 'NONE', #628, #762, #393, .T. ) ;
#3009 = ORIENTED_EDGE ( 'NONE', *, *, #827, .F. ) ;
#3010 = EDGE_CURVE ( 'NONE', #2173, #2178, #112, .T. ) ;
#3011 = CARTESIAN_POINT ( 'NONE',  ( 2.118442542642651194, 0.0000000000000000000, 2.967026893457215486 ) ) ;
#3012 = DIRECTION ( 'NONE',  ( 0.0000000000000000000, 0.0000000000000000000, -1.000000000000000000 ) ) ;
#3013 = CARTESIAN_POINT ( 'NONE',  ( -2.349028309388760505, 0.7999999999999986011, 3.166867494569226338 ) ) ;
#3014 = CARTESIAN_POINT ( 'NONE',  ( 1.539999999999992708, 0.0000000000000000000, 3.040000000000000924 ) ) ;
#3015 = ORIENTED_EDGE ( 'NONE', *, *, #1651, .F. ) ;
#3016 = ORIENTED_EDGE ( 'NONE', *, *, #2717, .F. ) ;
#3017 = LINE ( 'NONE', #1043, #2842 ) ;
#3018 = CARTESIAN_POINT ( 'NONE',  ( -3.500000000000003109, 0.8000000000000003775, -3.499999999999999556 ) ) ;
#3019 = ORIENTED_EDGE ( 'NONE', *, *, #975, .T. ) ;
#3020 = CARTESIAN_POINT ( 'NONE',  ( -2.349028309388760505, 0.7999999999999986011, -3.166867494569222785 ) ) ;
#3021 = FACE_OUTER_BOUND ( 'NONE', #2342, .T. ) ;
#3022 = ORIENTED_EDGE ( 'NONE', *, *, #1471, .F. ) ;
#3023 = VECTOR ( 'NONE', #2863, 1000.000000000000000 ) ;
#3024 = CARTESIAN_POINT ( 'NONE',  ( 3.119999999999997886, 6.992588523705121517, -3.100000000000000533 ) ) ;
#3025 = LINE ( 'NONE', #3062, #903 ) ;
#3026 = DIRECTION ( 'NONE',  ( 0.0000000000000000000, -0.0000000000000000000, 1.000000000000000000 ) ) ;
#3027 = DIRECTION ( 'NONE',  ( 0.0000000000000000000, 1.000000000000000000, 0.0000000000000000000 ) ) ;
#3028 = MECHANICAL_DESIGN_GEOMETRIC_PRESENTATION_REPRESENTATION (  '', ( #2510 ), #1885 ) ;
#3029 = ORIENTED_EDGE ( 'NONE', *, *, #1564, .F. ) ;
#3030 = VECTOR ( 'NONE', #2478, 1000.000000000000000 ) ;
#3031 = DIRECTION ( 'NONE',  ( 0.0000000000000000000, 0.0000000000000000000, -1.000000000000000000 ) ) ;
#3032 = EDGE_LOOP ( 'NONE', ( #2322, #2352, #2079, #2655 ) ) ;
#3033 = CARTESIAN_POINT ( 'NONE',  ( -1.125000000000007994, 0.1250000000000001110, 3.400000000000000355 ) ) ;
#3034 = CARTESIAN_POINT ( 'NONE',  ( -0.4699999999999981970, 0.1250000000000001110, 2.784999999999999254 ) ) ;
#3035 = VECTOR ( 'NONE', #2541, 1000.000000000000000 ) ;
#3036 = VECTOR ( 'NONE', #1243, 1000.000000000000000 ) ;
#3037 = ORIENTED_EDGE ( 'NONE', *, *, #1111, .T. ) ;
#3038 = CARTESIAN_POINT ( 'NONE',  ( -2.349028309388760505, 0.7999999999999986011, 3.166867494569226338 ) ) ;
#3039 = CARTESIAN_POINT ( 'NONE',  ( 0.4699999999999981970, 0.0000000000000000000, -2.784999999999999254 ) ) ;
#3040 = VERTEX_POINT ( 'NONE', #98 ) ;
#3041 = EDGE_CURVE ( 'NONE', #745, #447, #2321, .T. ) ;
#3042 = ADVANCED_FACE ( 'NONE', ( #2341 ), #2306, .F. ) ;
#3043 = VECTOR ( 'NONE', #2801, 1000.000000000000000 ) ;
#3044 = EDGE_CURVE ( 'NONE', #2103, #2759, #1065, .T. ) ;
#3045 = DIRECTION ( 'NONE',  ( 0.0000000000000000000, 0.0000000000000000000, 1.000000000000000000 ) ) ;
#3046 = DIRECTION ( 'NONE',  ( 0.0000000000000000000, 0.0000000000000000000, 1.000000000000000000 ) ) ;
#3047 = CARTESIAN_POINT ( 'NONE',  ( 1.729308550175147285, 0.2500000000000002220, -3.040000000000000924 ) ) ;
#3048 = EDGE_CURVE ( 'NONE', #2348, #1010, #1383, .T. ) ;
#3049 = AXIS2_PLACEMENT_3D ( 'NONE', #2107, #383, #1585 ) ;
#3050 = DIRECTION ( 'NONE',  ( 0.0000000000000000000, -0.0000000000000000000, -1.000000000000000000 ) ) ;
#3051 = ORIENTED_EDGE ( 'NONE', *, *, #3145, .F. ) ;
#3052 = CARTESIAN_POINT ( 'NONE',  ( 3.040000000000000924, 0.0000000000000000000, -1.729308550175147285 ) ) ;
#3053 = CARTESIAN_POINT ( 'NONE',  ( 1.750000000000001554, 0.8000000000000003775, 1.749999999999998002 ) ) ;
#3054 = EDGE_CURVE ( 'NONE', #2420, #178, #1099, .T. ) ;
#3055 = EDGE_CURVE ( 'NONE', #2181, #337, #359, .T. ) ;
#3056 = CARTESIAN_POINT ( 'NONE',  ( 0.0000000000000000000, 0.0000000000000000000, -0.5500000000000001554 ) ) ;
#3057 = ORIENTED_EDGE ( 'NONE', *, *, #467, .T. ) ;
#3058 = CARTESIAN_POINT ( 'NONE',  ( 1.729308550175147285, 0.2500000000000002220, -3.040000000000000924 ) ) ;
#3059 = DIRECTION ( 'NONE',  ( -0.0000000000000000000, 1.000000000000000000, -0.0000000000000000000 ) ) ;
#3060 = EDGE_LOOP ( 'NONE', ( #1463, #1270, #309, #2283 ) ) ;
#3061 = FACE_OUTER_BOUND ( 'NONE', #1310, .T. ) ;
#3062 = CARTESIAN_POINT ( 'NONE',  ( -0.1250000000000001110, 0.1250000000000001110, -3.400000000000000355 ) ) ;
#3063 = CARTESIAN_POINT ( 'NONE',  ( -2.349028309388760505, 0.7999999999999986011, -3.166867494569222785 ) ) ;
#3064 = VECTOR ( 'NONE', #1128, 1000.000000000000000 ) ;
#3065 = PRODUCT_DEFINITION_SHAPE ( 'NONE', 'NONE',  #3226 ) ;
#3066 = CARTESIAN_POINT ( 'NONE',  ( -3.040000000000000924, 0.2500000000000002220, 1.539999999999989377 ) ) ;
#3067 = ORIENTED_EDGE ( 'NONE', *, *, #1518, .F. ) ;
#3068 = CARTESIAN_POINT ( 'NONE',  ( 0.0000000000000000000, 0.0000000000000000000, 3.039999999999994262 ) ) ;
#3069 = LINE ( 'NONE', #2333, #3172 ) ;
#3070 = VERTEX_POINT ( 'NONE', #1610 ) ;
#3071 = CARTESIAN_POINT ( 'NONE',  ( 1.125000000000000888, 0.1250000000000001110, 2.399999999999999467 ) ) ;
#3072 = LINE ( 'NONE', #156, #726 ) ;
#3073 = PLANE ( 'NONE',  #2563 ) ;
#3074 = ORIENTED_EDGE ( 'NONE', *, *, #2637, .F. ) ;
#3075 = VECTOR ( 'NONE', #2861, 1000.000000000000000 ) ;
#3076 = LINE ( 'NONE', #426, #186 ) ;
#3077 = DIRECTION ( 'NONE',  ( -0.7071067811865454633, 0.0000000000000000000, 0.7071067811865495711 ) ) ;
#3078 = CARTESIAN_POINT ( 'NONE',  ( 3.249999999999996003, 0.8000000000000003775, 1.465918309119740304 ) ) ;
#3079 = DIRECTION ( 'NONE',  ( 0.0000000000000000000, 0.0000000000000000000, 1.000000000000000000 ) ) ;
#3080 = ORIENTED_EDGE ( 'NONE', *, *, #2717, .T. ) ;
#3081 = CARTESIAN_POINT ( 'NONE',  ( -0.8868275159912633043, 0.5500000000000001554, -3.250000000000001332 ) ) ;
#3082 = DIRECTION ( 'NONE',  ( 0.0000000000000000000, 0.0000000000000000000, 1.000000000000000000 ) ) ;
#3083 = CIRCLE ( 'NONE', #1680, 1.000000000000000000 ) ;
#3084 = ADVANCED_BREP_SHAPE_REPRESENTATION ( '', ( #390, #226 ), #1373 ) ;
#3085 = PRODUCT_DEFINITION_FORMATION_WITH_SPECIFIED_SOURCE ( 'ANY', '', #1271, .NOT_KNOWN. ) ;
#3086 = EDGE_CURVE ( 'NONE', #513, #2631, #146, .T. ) ;
#3087 = ORIENTED_EDGE ( 'NONE', *, *, #2472, .F. ) ;
#3088 = DIRECTION ( 'NONE',  ( 0.0000000000000000000, 1.000000000000000000, -0.0000000000000000000 ) ) ;
#3089 = CARTESIAN_POINT ( 'NONE',  ( -0.7249999999999965361, 0.2500000000000002220, -3.040000000000000924 ) ) ;
#3090 = AXIS2_PLACEMENT_3D ( 'NONE', #2246, #993, #2508 ) ;
#3091 = CARTESIAN_POINT ( 'NONE',  ( 1.125000000000007994, 0.2500000000000002220, 3.400000000000000355 ) ) ;
#3092 = VERTEX_POINT ( 'NONE', #3125 ) ;
#3093 = DIRECTION ( 'NONE',  ( 0.0000000000000000000, -1.000000000000000000, 0.0000000000000000000 ) ) ;
#3094 = DIRECTION ( 'NONE',  ( -0.0000000000000000000, -1.000000000000000000, -0.0000000000000000000 ) ) ;
#3095 = CARTESIAN_POINT ( 'NONE',  ( 3.040000000000000924, 0.2500000000000002220, -1.276292343890875980 ) ) ;
#3096 = VECTOR ( 'NONE', #1047, 1000.000000000000000 ) ;
#3097 = DIRECTION ( 'NONE',  ( 0.0000000000000000000, -1.000000000000000000, 0.0000000000000000000 ) ) ;
#3098 = ORIENTED_EDGE ( 'NONE', *, *, #19, .T. ) ;
#3099 = CARTESIAN_POINT ( 'NONE',  ( 0.7598553693929712693, 0.0000000000000000000, 3.040000000000008029 ) ) ;
#3100 = DIRECTION ( 'NONE',  ( 0.0000000000000000000, 0.0000000000000000000, 1.000000000000000000 ) ) ;
#3101 = AXIS2_PLACEMENT_3D ( 'NONE', #493, #1470, #2259 ) ;
#3102 = DIRECTION ( 'NONE',  ( 1.000000000000000000, 0.0000000000000000000, 0.0000000000000000000 ) ) ;
#3103 = VECTOR ( 'NONE', #1410, 1000.000000000000000 ) ;
#3104 = ORIENTED_EDGE ( 'NONE', *, *, #65, .T. ) ;
#3105 = CARTESIAN_POINT ( 'NONE',  ( 3.250000000000002665, 0.5500000000000001554, -1.750000000000719647 ) ) ;
#3106 = DIRECTION ( 'NONE',  ( 0.0000000000000000000, 0.0000000000000000000, -1.000000000000000000 ) ) ;
#3107 = ORIENTED_EDGE ( 'NONE', *, *, #365, .F. ) ;
#3108 = CIRCLE ( 'NONE', #562, 0.9999999999999997780 ) ;
#3109 = EDGE_CURVE ( 'NONE', #1100, #2631, #2879, .T. ) ;
#3110 = ADVANCED_FACE ( 'NONE', ( #820 ), #1822, .F. ) ;
#3111 = DIRECTION ( 'NONE',  ( 0.0000000000000000000, 0.0000000000000000000, 1.000000000000000000 ) ) ;
#3112 = ORIENTED_EDGE ( 'NONE', *, *, #268, .T. ) ;
#3113 = EDGE_CURVE ( 'NONE', #1375, #2242, #2572, .T. ) ;
#3114 = CARTESIAN_POINT ( 'NONE',  ( -1.539999999999985825, 0.2500000000000002220, -3.040000000000000924 ) ) ;
#3115 = DIRECTION ( 'NONE',  ( 0.0000000000000000000, 0.0000000000000000000, 1.000000000000000000 ) ) ;
#3116 = EDGE_CURVE ( 'NONE', #1517, #2274, #675, .T. ) ;
#3117 = LINE ( 'NONE', #2121, #1390 ) ;
#3118 = ORIENTED_EDGE ( 'NONE', *, *, #1853, .F. ) ;
#3119 = CARTESIAN_POINT ( 'NONE',  ( -3.250000000000002665, 0.5500000000000001554, 1.953934515308848541 ) ) ;
#3120 = CARTESIAN_POINT ( 'NONE',  ( 1.125000000000007994, 0.2500000000000002220, -3.400000000000000355 ) ) ;
#3121 = ORIENTED_EDGE ( 'NONE', *, *, #1761, .T. ) ;
#3122 = LINE ( 'NONE', #2616, #2519 ) ;
#3123 = DIRECTION ( 'NONE',  ( 1.000000000000000000, 0.0000000000000000000, -0.0000000000000000000 ) ) ;
#3124 = EDGE_CURVE ( 'NONE', #1244, #22, #193, .T. ) ;
#3125 = CARTESIAN_POINT ( 'NONE',  ( -3.040000000000000924, 0.2500000000000002220, -1.539999999999989377 ) ) ;
#3126 = ORIENTED_EDGE ( 'NONE', *, *, #1329, .F. ) ;
#3127 = FACE_OUTER_BOUND ( 'NONE', #80, .T. ) ;
#3128 = UNCERTAINTY_MEASURE_WITH_UNIT (LENGTH_MEASURE( 1.000000000000000082E-05 ), #999, 'distance_accuracy_value', 'NONE');
#3129 = FACE_OUTER_BOUND ( 'NONE', #2781, .T. ) ;
#3130 = ORIENTED_EDGE ( 'NONE', *, *, #1758, .F. ) ;
#3131 = CARTESIAN_POINT ( 'NONE',  ( -1.539999999999985825, 0.0000000000000000000, -3.040000000000000924 ) ) ;
#3132 = LINE ( 'NONE', #1913, #3214 ) ;
#3133 = ORIENTED_EDGE ( 'NONE', *, *, #1323, .T. ) ;
#3134 = AXIS2_PLACEMENT_3D ( 'NONE', #2393, #909, #1908 ) ;
#3135 = LINE ( 'NONE', #2566, #1535 ) ;
#3136 = LINE ( 'NONE', #1148, #2241 ) ;
#3137 = VECTOR ( 'NONE', #1531, 1000.000000000000000 ) ;
#3138 = DIRECTION ( 'NONE',  ( 0.0000000000000000000, 0.0000000000000000000, -1.000000000000000000 ) ) ;
#3139 = ORIENTED_EDGE ( 'NONE', *, *, #2469, .T. ) ;
#3140 = VECTOR ( 'NONE', #1825, 1000.000000000000000 ) ;
#3141 = CARTESIAN_POINT ( 'NONE',  ( 1.749999999999987566, 0.5500000000000001554, 3.249999999999999556 ) ) ;
#3142 = CARTESIAN_POINT ( 'NONE',  ( 0.7850000000000010303, 6.992588523705121517, -3.100000000000000533 ) ) ;
#3143 = ADVANCED_FACE ( 'NONE', ( #1400, #1431 ), #3157, .F. ) ;
#3144 = ADVANCED_FACE ( 'NONE', ( #938 ), #1149, .T. ) ;
#3145 = EDGE_CURVE ( 'NONE', #2474, #249, #823, .T. ) ;
#3146 = DIRECTION ( 'NONE',  ( -1.000000000000000000, 0.0000000000000000000, -0.0000000000000000000 ) ) ;
#3147 = ORIENTED_EDGE ( 'NONE', *, *, #2608, .T. ) ;
#3148 = CARTESIAN_POINT ( 'NONE',  ( 3.040000000000000924, 0.2500000000000002220, 1.539999999999989377 ) ) ;
#3149 = DIRECTION ( 'NONE',  ( 0.0000000000000000000, 0.0000000000000000000, 1.000000000000000000 ) ) ;
#3150 = ADVANCED_FACE ( 'NONE', ( #3173 ), #1931, .F. ) ;
#3151 = ORIENTED_EDGE ( 'NONE', *, *, #1612, .T. ) ;
#3152 = SURFACE_STYLE_USAGE ( .BOTH. , #1162 ) ;
#3153 = CARTESIAN_POINT ( 'NONE',  ( -1.539999999999999591, 0.2500000000000002220, -1.539999999999999591 ) ) ;
#3154 = ADVANCED_FACE ( 'NONE', ( #2402 ), #920, .F. ) ;
#3155 = VECTOR ( 'NONE', #202, 1000.000000000000000 ) ;
#3156 = ADVANCED_FACE ( 'NONE', ( #3187 ), #2634, .F. ) ;
#3157 = PLANE ( 'NONE',  #2405 ) ;
#3158 = ORIENTED_EDGE ( 'NONE', *, *, #2192, .T. ) ;
#3159 = CIRCLE ( 'NONE', #2211, 1.499999999999999778 ) ;
#3160 = CARTESIAN_POINT ( 'NONE',  ( 0.4699999999999981970, 0.0000000000000000000, -2.784999999999999254 ) ) ;
#3161 = EDGE_LOOP ( 'NONE', ( #1514, #1723, #649, #2151 ) ) ;
#3162 = CARTESIAN_POINT ( 'NONE',  ( -3.400000000000000355, 0.2500000000000002220, -3.400000000000000355 ) ) ;
#3163 = LINE ( 'NONE', #2408, #2044 ) ;
#3164 = CARTESIAN_POINT ( 'NONE',  ( -3.250000000000002665, 0.5500000000000001554, 1.465918309119740304 ) ) ;
#3165 = VERTEX_POINT ( 'NONE', #1904 ) ;
#3166 = DIRECTION ( 'NONE',  ( 0.0000000000000000000, 0.0000000000000000000, 1.000000000000000000 ) ) ;
#3167 = CARTESIAN_POINT ( 'NONE',  ( -3.400000000000000355, 0.2500000000000002220, 3.400000000000000355 ) ) ;
#3168 = EDGE_LOOP ( 'NONE', ( #2999, #1864, #169, #377 ) ) ;
#3169 = ORIENTED_EDGE ( 'NONE', *, *, #877, .T. ) ;
#3170 = LINE ( 'NONE', #721, #1229 ) ;
#3171 = CARTESIAN_POINT ( 'NONE',  ( -0.4699999999999981970, 6.992588523705121517, 2.784999999999999254 ) ) ;
#3172 = VECTOR ( 'NONE', #137, 1000.000000000000000 ) ;
#3173 = FACE_OUTER_BOUND ( 'NONE', #1982, .T. ) ;
#3174 = ORIENTED_EDGE ( 'NONE', *, *, #3220, .T. ) ;
#3175 = CARTESIAN_POINT ( 'NONE',  ( -0.1250000000000001110, 0.2500000000000002220, -3.400000000000000355 ) ) ;
#3176 = ORIENTED_EDGE ( 'NONE', *, *, #1074, .T. ) ;
#3177 = FACE_OUTER_BOUND ( 'NONE', #2413, .T. ) ;
#3178 = CARTESIAN_POINT ( 'NONE',  ( -3.249999999999996003, 0.5499999999999983791, 0.0000000000000000000 ) ) ;
#3179 = ORIENTED_EDGE ( 'NONE', *, *, #647, .T. ) ;
#3180 = CARTESIAN_POINT ( 'NONE',  ( 3.040000000000000924, 0.0000000000000000000, 0.7598553693929748221 ) ) ;
#3181 = DIRECTION ( 'NONE',  ( 1.000000000000000000, -0.0000000000000000000, 1.857305648797437849E-16 ) ) ;
#3182 =( GEOMETRIC_REPRESENTATION_CONTEXT ( 3 ) GLOBAL_UNCERTAINTY_ASSIGNED_CONTEXT ( ( #1590 ) ) GLOBAL_UNIT_ASSIGNED_CONTEXT ( ( #1402, #148, #1138 ) ) REPRESENTATION_CONTEXT ( 'NONE', 'WORKASPACE' ) );
#3183 = ORIENTED_EDGE ( 'NONE', *, *, #2430, .T. ) ;
#3184 = PLANE ( 'NONE',  #3206 ) ;
#3185 = CARTESIAN_POINT ( 'NONE',  ( 1.125000000000007994, 0.1250000000000001110, 3.400000000000000355 ) ) ;
#3186 = EDGE_CURVE ( 'NONE', #249, #345, #177, .T. ) ;
#3187 = FACE_OUTER_BOUND ( 'NONE', #3032, .T. ) ;
#3188 = EDGE_CURVE ( 'NONE', #1833, #2242, #1450, .T. ) ;
#3189 = AXIS2_PLACEMENT_3D ( 'NONE', #2577, #2120, #3115 ) ;
#3190 = VERTEX_POINT ( 'NONE', #1655 ) ;
#3191 = DIRECTION ( 'NONE',  ( -0.0000000000000000000, 1.000000000000000000, -0.0000000000000000000 ) ) ;
#3192 = AXIS2_PLACEMENT_3D ( 'NONE', #2351, #2064, #1334 ) ;
#3193 = ORIENTED_EDGE ( 'NONE', *, *, #413, .T. ) ;
#3194 = CARTESIAN_POINT ( 'NONE',  ( -0.4699999999999981970, 6.992588523705121517, -2.784999999999999254 ) ) ;
#3195 =( GEOMETRIC_REPRESENTATION_CONTEXT ( 3 ) GLOBAL_UNCERTAINTY_ASSIGNED_CONTEXT ( ( #2382 ) ) GLOBAL_UNIT_ASSIGNED_CONTEXT ( ( #1407, #1988, #764 ) ) REPRESENTATION_CONTEXT ( 'NONE', 'WORKASPACE' ) );
#3196 = CARTESIAN_POINT ( 'NONE',  ( -2.118442542642644089, 0.0000000000000000000, -2.967026893457219039 ) ) ;
#3197 = LINE ( 'NONE', #2951, #3030 ) ;
#3198 = CARTESIAN_POINT ( 'NONE',  ( 2.349028309388753843, 0.5500000000000001554, 3.166867494569229446 ) ) ;
#3199 = CARTESIAN_POINT ( 'NONE',  ( 1.125000000000000888, 0.2500000000000002220, 2.399999999999999467 ) ) ;
#3200 = EDGE_CURVE ( 'NONE', #2736, #2974, #3083, .T. ) ;
#3201 = VERTEX_POINT ( 'NONE', #2144 ) ;
#3202 = ADVANCED_BREP_SHAPE_REPRESENTATION ( '', ( #2419, #374, #226 ), #73 ) ;
#3203 = DIRECTION ( 'NONE',  ( 0.0000000000000000000, 0.0000000000000000000, 1.000000000000000000 ) ) ;
#3204 = CARTESIAN_POINT ( 'NONE',  ( -0.7850000000000010303, 0.0000000000000000000, 3.099999999999998757 ) ) ;
#3205 = EDGE_CURVE ( 'NONE', #523, #2432, #688, .T. ) ;
#3206 = AXIS2_PLACEMENT_3D ( 'NONE', #220, #2697, #1900 ) ;
#3207 = CARTESIAN_POINT ( 'NONE',  ( 1.125000000000000888, 0.2500000000000002220, -2.399999999999999467 ) ) ;
#3208 = ORIENTED_EDGE ( 'NONE', *, *, #2525, .T. ) ;
#3209 = PLANE ( 'NONE',  #2473 ) ;
#3210 = AXIS2_PLACEMENT_3D ( 'NONE', #1720, #1233, #672 ) ;
#3211 = CIRCLE ( 'NONE', #1808, 1.499999999999999778 ) ;
#3212 = VERTEX_POINT ( 'NONE', #1916 ) ;
#3213 = LINE ( 'NONE', #3194, #2766 ) ;
#3214 = VECTOR ( 'NONE', #1925, 1000.000000000000000 ) ;
#3215 = APPLICATION_CONTEXT ( 'automotive_design' ) ;
#3216 = LINE ( 'NONE', #1971, #1859 ) ;
#3217 = DIRECTION ( 'NONE',  ( -0.7071067811865454633, 0.0000000000000000000, 0.7071067811865495711 ) ) ;
#3218 = CARTESIAN_POINT ( 'NONE',  ( -3.040000000000000924, 0.2500000000000002220, 1.276292343890875980 ) ) ;
#3219 = DIRECTION ( 'NONE',  ( 0.0000000000000000000, 0.0000000000000000000, 1.000000000000000000 ) ) ;
#3220 = EDGE_CURVE ( 'NONE', #206, #2403, #2649, .T. ) ;
#3221 = DIRECTION ( 'NONE',  ( 0.0000000000000000000, 0.0000000000000000000, 1.000000000000000000 ) ) ;
#3222 = ORIENTED_EDGE ( 'NONE', *, *, #674, .F. ) ;
#3223 = CARTESIAN_POINT ( 'NONE',  ( -3.250000000000002665, 0.5500000000000001554, -1.749999999998839373 ) ) ;
#3224 = AXIS2_PLACEMENT_3D ( 'NONE', #1108, #578, #626 ) ;
#3225 = NEXT_ASSEMBLY_USAGE_OCCURRENCE ( 'NAUO1', ' ', ' ', #1174, #2132, $ ) ;
#3226 = NEXT_ASSEMBLY_USAGE_OCCURRENCE ( 'NAUO2', ' ', ' ', #1174, #2709, $ ) ;
#3227 = NEXT_ASSEMBLY_USAGE_OCCURRENCE ( 'NAUO3', ' ', ' ', #1174, #636, $ ) ;
ENDSEC;
END-ISO-10303-21;
