ISO-10303-21;
HEADER;
FILE_DESCRIPTION (( 'STEP AP214' ),
    '1' );
FILE_NAME ('2016 LED.STEP',
    '2024-07-24T12:13:16',
    ( '' ),
    ( '' ),
    'SwSTEP 2.0',
    'SolidWorks 2022',
    '' );
FILE_SCHEMA (( 'AUTOMOTIVE_DESIGN' ));
ENDSEC;

DATA;
#1 = DIRECTION ( 'NONE',  ( 0.0000000000000000000, -1.000000000000000000, 0.0000000000000000000 ) ) ;
#2 = EDGE_CURVE ( 'NONE', #3077, #2217, #3894, .T. ) ;
#3 = DIRECTION ( 'NONE',  ( -0.0000000000000000000, 0.0000000000000000000, -1.000000000000000000 ) ) ;
#4 =( LENGTH_UNIT ( ) NAMED_UNIT ( * ) SI_UNIT ( .MILLI., .METRE. ) );
#5 = DIRECTION ( 'NONE',  ( -1.000000000000000000, -0.0000000000000000000, -1.807003620809174632E-16 ) ) ;
#6 = ORIENTED_EDGE ( 'NONE', *, *, #3545, .F. ) ;
#7 =( GEOMETRIC_REPRESENTATION_CONTEXT ( 3 ) GLOBAL_UNCERTAINTY_ASSIGNED_CONTEXT ( ( #1330 ) ) GLOBAL_UNIT_ASSIGNED_CONTEXT ( ( #3729, #3417, #4013 ) ) REPRESENTATION_CONTEXT ( 'NONE', 'WORKASPACE' ) );
#8 = EDGE_CURVE ( 'NONE', #1586, #1060, #1301, .T. ) ;
#9 =( NAMED_UNIT ( * ) PLANE_ANGLE_UNIT ( ) SI_UNIT ( $, .RADIAN. ) );
#10 = CARTESIAN_POINT ( 'NONE',  ( 0.7750000000000002442, -0.5749999999999999556, -0.5200000000000000178 ) ) ;
#11 = VERTEX_POINT ( 'NONE', #3191 ) ;
#12 = DIRECTION ( 'NONE',  ( 1.000000000000000000, -9.427844978134833759E-17, 0.0000000000000000000 ) ) ;
#13 = AXIS2_PLACEMENT_3D ( 'NONE', #4064, #1538, #2543 ) ;
#14 = ORIENTED_EDGE ( 'NONE', *, *, #3059, .T. ) ;
#15 = SURFACE_STYLE_FILL_AREA ( #2916 ) ;
#16 = DIRECTION ( 'NONE',  ( 0.0000000000000000000, 0.0000000000000000000, 1.000000000000000000 ) ) ;
#17 = CARTESIAN_POINT ( 'NONE',  ( -0.02499999999999983485, -0.5749999999999999556, -0.5200000000000000178 ) ) ;
#18 =( LENGTH_UNIT ( ) NAMED_UNIT ( * ) SI_UNIT ( .MILLI., .METRE. ) );
#19 = PLANE ( 'NONE',  #728 ) ;
#20 = FILL_AREA_STYLE ('',( #3242 ) ) ;
#21 = LINE ( 'NONE', #2658, #1770 ) ;
#22 = CARTESIAN_POINT ( 'NONE',  ( 1.000000000000000000, 0.7999999999999999334, 0.0000000000000000000 ) ) ;
#23 =( NAMED_UNIT ( * ) SI_UNIT ( $, .STERADIAN. ) SOLID_ANGLE_UNIT ( ) );
#24 = FILL_AREA_STYLE_COLOUR ( '', #870 ) ;
#25 = CARTESIAN_POINT ( 'NONE',  ( -0.02499999999999913056, 0.6750000000000000444, -0.5100000000000000089 ) ) ;
#26 = ORIENTED_EDGE ( 'NONE', *, *, #2328, .F. ) ;
#27 = ADVANCED_FACE ( 'NONE', ( #2215 ), #1017, .F. ) ;
#28 = CLOSED_SHELL ( 'NONE', ( #3421, #256, #2533, #3728, #4077, #391 ) ) ;
#29 = FILL_AREA_STYLE_COLOUR ( '', #1016 ) ;
#30 = PRESENTATION_STYLE_ASSIGNMENT (( #2870 ) ) ;
#31 = ORIENTED_EDGE ( 'NONE', *, *, #2906, .F. ) ;
#32 = ADVANCED_FACE ( 'NONE', ( #973 ), #1928, .F. ) ;
#33 = FILL_AREA_STYLE_COLOUR ( '', #213 ) ;
#34 = ORIENTED_EDGE ( 'NONE', *, *, #2010, .T. ) ;
#35 = CARTESIAN_POINT ( 'NONE',  ( 0.3499999999999999223, -0.6999999999999999556, -0.3450000000000000844 ) ) ;
#36 = DIRECTION ( 'NONE',  ( 0.0000000000000000000, -1.000000000000000000, -5.421010862427524142E-16 ) ) ;
#37 = ORIENTED_EDGE ( 'NONE', *, *, #3069, .T. ) ;
#38 = AXIS2_PLACEMENT_3D ( 'NONE', #964, #2245, #3883 ) ;
#39 = LINE ( 'NONE', #1345, #3916 ) ;
#40 = CARTESIAN_POINT ( 'NONE',  ( 0.2000000000000000944, -0.9677050983124845240, -0.4200000000000000955 ) ) ;
#41 = FILL_AREA_STYLE_COLOUR ( '', #1750 ) ;
#42 = AXIS2_PLACEMENT_3D ( 'NONE', #2303, #2246, #3931 ) ;
#43 = FILL_AREA_STYLE_COLOUR ( '', #277 ) ;
#44 = CARTESIAN_POINT ( 'NONE',  ( 1.167705098312484147, -0.07499999999999999722, -0.3450000000000000844 ) ) ;
#45 = CIRCLE ( 'NONE', #2422, 0.1499999999999999112 ) ;
#46 = EDGE_CURVE ( 'NONE', #732, #1308, #2556, .T. ) ;
#47 = CARTESIAN_POINT ( 'NONE',  ( -0.7249999999999999778, 0.5250000000000000222, 0.0000000000000000000 ) ) ;
#48 =( NAMED_UNIT ( * ) PLANE_ANGLE_UNIT ( ) SI_UNIT ( $, .RADIAN. ) );
#49 = DIRECTION ( 'NONE',  ( 0.0000000000000000000, 0.0000000000000000000, -1.000000000000000000 ) ) ;
#50 = VECTOR ( 'NONE', #825, 1000.000000000000000 ) ;
#51 = ORIENTED_EDGE ( 'NONE', *, *, #3145, .F. ) ;
#52 = MECHANICAL_DESIGN_GEOMETRIC_PRESENTATION_REPRESENTATION (  '', ( #2157 ), #3227 ) ;
#53 = ADVANCED_FACE ( 'NONE', ( #1971 ), #1666, .F. ) ;
#54 = DIRECTION ( 'NONE',  ( 0.0000000000000000000, 1.000000000000000000, 0.0000000000000000000 ) ) ;
#55 = VECTOR ( 'NONE', #1442, 1000.000000000000000 ) ;
#56 = STYLED_ITEM ( 'NONE', ( #3888 ), #328 ) ;
#57 = ORIENTED_EDGE ( 'NONE', *, *, #1592, .F. ) ;
#58 =( NAMED_UNIT ( * ) PLANE_ANGLE_UNIT ( ) SI_UNIT ( $, .RADIAN. ) );
#59 = ADVANCED_FACE ( 'NONE', ( #3502 ), #2909, .F. ) ;
#60 = EDGE_CURVE ( 'NONE', #1470, #691, #3250, .T. ) ;
#61 = VERTEX_POINT ( 'NONE', #1650 ) ;
#62 = LINE ( 'NONE', #836, #719 ) ;
#63 = CIRCLE ( 'NONE', #338, 0.1499999999999999667 ) ;
#64 = ORIENTED_EDGE ( 'NONE', *, *, #3011, .T. ) ;
#65 =( GEOMETRIC_REPRESENTATION_CONTEXT ( 3 ) GLOBAL_UNCERTAINTY_ASSIGNED_CONTEXT ( ( #1516 ) ) GLOBAL_UNIT_ASSIGNED_CONTEXT ( ( #795, #3497, #457 ) ) REPRESENTATION_CONTEXT ( 'NONE', 'WORKASPACE' ) );
#66 = SURFACE_SIDE_STYLE ('',( #1624 ) ) ;
#67 = FILL_AREA_STYLE_COLOUR ( '', #3584 ) ;
#68 = CARTESIAN_POINT ( 'NONE',  ( -0.7249999999999999778, 0.6750000000000000444, 0.0000000000000000000 ) ) ;
#69 = AXIS2_PLACEMENT_3D ( 'NONE', #2969, #989, #2008 ) ;
#70 = EDGE_CURVE ( 'NONE', #2645, #3475, #2239, .T. ) ;
#71 = MECHANICAL_DESIGN_GEOMETRIC_PRESENTATION_REPRESENTATION (  '', ( #3994 ), #2779 ) ;
#72 = DIRECTION ( 'NONE',  ( -0.0000000000000000000, 1.000000000000000000, 0.0000000000000000000 ) ) ;
#73 = DIRECTION ( 'NONE',  ( -0.0000000000000000000, 0.0000000000000000000, -1.000000000000000000 ) ) ;
#74 =( NAMED_UNIT ( * ) PLANE_ANGLE_UNIT ( ) SI_UNIT ( $, .RADIAN. ) );
#75 = VECTOR ( 'NONE', #1233, 1000.000000000000000 ) ;
#76 = CARTESIAN_POINT ( 'NONE',  ( -0.7499999999999998890, -0.8000000000000001554, -0.4200000000000000955 ) ) ;
#77 = ORIENTED_EDGE ( 'NONE', *, *, #114, .F. ) ;
#78 = CARTESIAN_POINT ( 'NONE',  ( -0.8999999999999999112, -0.6999999999999999556, -0.4200000000000000955 ) ) ;
#79 = FILL_AREA_STYLE_COLOUR ( '', #1557 ) ;
#80 = ORIENTED_EDGE ( 'NONE', *, *, #3495, .T. ) ;
#81 = AXIS2_PLACEMENT_3D ( 'NONE', #1276, #3163, #3474 ) ;
#82 = ORIENTED_EDGE ( 'NONE', *, *, #4104, .F. ) ;
#83 = FILL_AREA_STYLE ('',( #2714 ) ) ;
#84 = CARTESIAN_POINT ( 'NONE',  ( -0.8749999999999997780, 0.5250000000000000222, 0.0000000000000000000 ) ) ;
#85 = ORIENTED_EDGE ( 'NONE', *, *, #364, .F. ) ;
#87 = EDGE_CURVE ( 'NONE', #1356, #2761, #3523, .T. ) ;
#86 = CARTESIAN_POINT ( 'NONE',  ( -0.7749999999999991340, -0.6750000000000000444, -0.5100000000000000089 ) ) ;
#88 =( LENGTH_UNIT ( ) NAMED_UNIT ( * ) SI_UNIT ( .MILLI., .METRE. ) );
#89 = PRESENTATION_STYLE_ASSIGNMENT (( #3630 ) ) ;
#90 = ADVANCED_FACE ( 'NONE', ( #3538 ), #1611, .F. ) ;
#91 = PRODUCT_DEFINITION_CONTEXT ( 'detailed design', #2531, 'design' ) ;
#92 = COLOUR_RGB ( '',0.7490196078431372584, 0.7490196078431372584, 0.7490196078431372584 ) ;
#93 = DIRECTION ( 'NONE',  ( 1.000000000000000000, 0.0000000000000000000, 1.807003620809175125E-16 ) ) ;
#94 = FACE_OUTER_BOUND ( 'NONE', #2256, .T. ) ;
#95 = EDGE_CURVE ( 'NONE', #319, #3484, #332, .T. ) ;
#96 = DIRECTION ( 'NONE',  ( -0.0000000000000000000, 0.0000000000000000000, -1.000000000000000000 ) ) ;
#97 = CARTESIAN_POINT ( 'NONE',  ( -0.02499999999999913056, -0.6750000000000000444, -0.5100000000000000089 ) ) ;
#98 = EDGE_LOOP ( 'NONE', ( #503, #3992, #1280, #80 ) ) ;
#99 = DIRECTION ( 'NONE',  ( -1.000000000000000000, 0.0000000000000000000, 0.0000000000000000000 ) ) ;
#100 = EDGE_LOOP ( 'NONE', ( #1855, #1674, #2244, #1201 ) ) ;
#101 = CARTESIAN_POINT ( 'NONE',  ( -0.4499999999999999001, -0.9677050983124845240, -0.4200000000000000955 ) ) ;
#102 = CLOSED_SHELL ( 'NONE', ( #786, #2882, #2806, #3792, #2788, #3933, #3906, #3577, #1942, #3343 ) ) ;
#103 = ORIENTED_EDGE ( 'NONE', *, *, #511, .F. ) ;
#104 =( LENGTH_UNIT ( ) NAMED_UNIT ( * ) SI_UNIT ( .MILLI., .METRE. ) );
#105 = DIRECTION ( 'NONE',  ( 0.0000000000000000000, -1.000000000000000000, 0.0000000000000000000 ) ) ;
#106 = ORIENTED_EDGE ( 'NONE', *, *, #2366, .T. ) ;
#107 = LINE ( 'NONE', #133, #1582 ) ;
#108 = DIRECTION ( 'NONE',  ( -1.000000000000000000, 0.0000000000000000000, 1.807003620809174878E-16 ) ) ;
#109 = CARTESIAN_POINT ( 'NONE',  ( -0.7249999999999999778, -0.5250000000000000222, 0.0000000000000000000 ) ) ;
#110 = FILL_AREA_STYLE_COLOUR ( '', #4114 ) ;
#111 = EDGE_CURVE ( 'NONE', #1671, #437, #1318, .T. ) ;
#112 = DIRECTION ( 'NONE',  ( 0.0000000000000000000, 0.0000000000000000000, -1.000000000000000000 ) ) ;
#113 = MECHANICAL_DESIGN_GEOMETRIC_PRESENTATION_REPRESENTATION (  '', ( #255 ), #3552 ) ;
#114 = EDGE_CURVE ( 'NONE', #2124, #2810, #2331, .T. ) ;
#115 = DIRECTION ( 'NONE',  ( -1.807003620809174385E-16, -0.0000000000000000000, -1.000000000000000000 ) ) ;
#116 = DIRECTION ( 'NONE',  ( 0.0000000000000000000, 1.000000000000000000, 0.0000000000000000000 ) ) ;
#117 = DIRECTION ( 'NONE',  ( 0.0000000000000000000, 0.0000000000000000000, -1.000000000000000000 ) ) ;
#118 = EDGE_LOOP ( 'NONE', ( #3086, #3462, #1933, #2080 ) ) ;
#119 = VECTOR ( 'NONE', #1814, 1000.000000000000000 ) ;
#120 = UNCERTAINTY_MEASURE_WITH_UNIT (LENGTH_MEASURE( 1.000000000000000082E-05 ), #1728, 'distance_accuracy_value', 'NONE');
#121 = EDGE_CURVE ( 'NONE', #1677, #3716, #2701, .T. ) ;
#122 = CARTESIAN_POINT ( 'NONE',  ( -0.8749999999999998890, -0.5250000000000000222, 0.0000000000000000000 ) ) ;
#123 = AXIS2_PLACEMENT_3D ( 'NONE', #2425, #2759, #4058 ) ;
#124 = CARTESIAN_POINT ( 'NONE',  ( 0.8750000000000003331, -0.5749999999999992895, -0.5100000000000000089 ) ) ;
#125 = ORIENTED_EDGE ( 'NONE', *, *, #2457, .T. ) ;
#126 = DIRECTION ( 'NONE',  ( 0.0000000000000000000, -1.000000000000000000, -0.0000000000000000000 ) ) ;
#127 = VECTOR ( 'NONE', #2190, 1000.000000000000000 ) ;
#128 = VECTOR ( 'NONE', #3158, 1000.000000000000000 ) ;
#129 = PRESENTATION_LAYER_ASSIGNMENT (  '', '', ( #2032 ) ) ;
#130 = ORIENTED_EDGE ( 'NONE', *, *, #1483, .T. ) ;
#131 = SURFACE_SIDE_STYLE ('',( #2340 ) ) ;
#132 = VERTEX_POINT ( 'NONE', #76 ) ;
#133 = CARTESIAN_POINT ( 'NONE',  ( 0.7249999999999999778, -0.6750000000000000444, -0.01000000000000002623 ) ) ;
#134 = DIRECTION ( 'NONE',  ( -1.000000000000000000, 0.0000000000000000000, 1.807003620809174632E-16 ) ) ;
#135 = AXIS2_PLACEMENT_3D ( 'NONE', #1185, #876, #2461 ) ;
#136 = AXIS2_PLACEMENT_3D ( 'NONE', #1378, #433, #1059 ) ;
#137 =( NAMED_UNIT ( * ) SI_UNIT ( $, .STERADIAN. ) SOLID_ANGLE_UNIT ( ) );
#138 = COLOUR_RGB ( '',0.7490196078431372584, 0.7490196078431372584, 0.7490196078431372584 ) ;
#139 = DIRECTION ( 'NONE',  ( -1.000000000000000000, 0.0000000000000000000, 1.807003620809174139E-16 ) ) ;
#140 = CARTESIAN_POINT ( 'NONE',  ( -0.5749999999999997335, -0.5749999999999992895, -0.5100000000000000089 ) ) ;
#141 = CARTESIAN_POINT ( 'NONE',  ( -1.000000000000000000, 0.7999999999999999334, 0.0000000000000000000 ) ) ;
#142 = LINE ( 'NONE', #1444, #2294 ) ;
#143 =( GEOMETRIC_REPRESENTATION_CONTEXT ( 3 ) GLOBAL_UNCERTAINTY_ASSIGNED_CONTEXT ( ( #4124 ) ) GLOBAL_UNIT_ASSIGNED_CONTEXT ( ( #1862, #1561, #1839 ) ) REPRESENTATION_CONTEXT ( 'NONE', 'WORKASPACE' ) );
#144 = FACE_OUTER_BOUND ( 'NONE', #869, .T. ) ;
#145 = CIRCLE ( 'NONE', #2903, 0.1499999999999999667 ) ;
#146 = CARTESIAN_POINT ( 'NONE',  ( -0.4499999999999999001, -0.6999999999999999556, -0.4200000000000000955 ) ) ;
#147 = CARTESIAN_POINT ( 'NONE',  ( -0.8999999999999999112, -0.6999999999999999556, -0.4200000000000000955 ) ) ;
#148 = ORIENTED_EDGE ( 'NONE', *, *, #2758, .T. ) ;
#149 = MECHANICAL_DESIGN_GEOMETRIC_PRESENTATION_REPRESENTATION (  '', ( #1851 ), #1245 ) ;
#150 = VECTOR ( 'NONE', #3470, 1000.000000000000000 ) ;
#151 = DIRECTION ( 'NONE',  ( 1.000000000000000000, 0.0000000000000000000, -1.807003620809175125E-16 ) ) ;
#152 = PLANE ( 'NONE',  #1421 ) ;
#153 = ORIENTED_EDGE ( 'NONE', *, *, #1400, .F. ) ;
#154 = CARTESIAN_POINT ( 'NONE',  ( -1.000000000000000000, -0.8000000000000001554, -0.5200000000000000178 ) ) ;
#155 = EDGE_CURVE ( 'NONE', #1642, #1470, #3614, .T. ) ;
#156 = VERTEX_POINT ( 'NONE', #97 ) ;
#157 = DIRECTION ( 'NONE',  ( 0.0000000000000000000, 1.000000000000000000, 0.0000000000000000000 ) ) ;
#158 = ORIENTED_EDGE ( 'NONE', *, *, #431, .F. ) ;
#159 = LINE ( 'NONE', #1189, #412 ) ;
#160 =( NAMED_UNIT ( * ) SI_UNIT ( $, .STERADIAN. ) SOLID_ANGLE_UNIT ( ) );
#161 = STYLED_ITEM ( 'NONE', ( #1647 ), #3933 ) ;
#162 = CARTESIAN_POINT ( 'NONE',  ( -0.7249999999999999778, 0.6750000000000000444, -0.01000000000000002623 ) ) ;
#163 = SURFACE_SIDE_STYLE ('',( #2089 ) ) ;
#164 = FILL_AREA_STYLE ('',( #4009 ) ) ;
#165 = CARTESIAN_POINT ( 'NONE',  ( 0.2000000000000000944, -0.6999999999999999556, -0.4200000000000000955 ) ) ;
#166 = LINE ( 'NONE', #518, #1720 ) ;
#167 =( GEOMETRIC_REPRESENTATION_CONTEXT ( 3 ) GLOBAL_UNCERTAINTY_ASSIGNED_CONTEXT ( ( #2249 ) ) GLOBAL_UNIT_ASSIGNED_CONTEXT ( ( #1684, #3306, #3960 ) ) REPRESENTATION_CONTEXT ( 'NONE', 'WORKASPACE' ) );
#168 = CARTESIAN_POINT ( 'NONE',  ( 0.9000000000000000222, -0.07499999999999999722, -0.3450000000000000844 ) ) ;
#169 = CARTESIAN_POINT ( 'NONE',  ( -0.1249999999999998335, -0.5749999999999992895, -0.5100000000000000089 ) ) ;
#170 = ORIENTED_EDGE ( 'NONE', *, *, #2211, .T. ) ;
#171 = DIRECTION ( 'NONE',  ( 0.0000000000000000000, 1.000000000000000000, 0.0000000000000000000 ) ) ;
#172 = EDGE_CURVE ( 'NONE', #3226, #1552, #3947, .T. ) ;
#173 = EDGE_LOOP ( 'NONE', ( #826, #1854, #606, #1366 ) ) ;
#174 = DIRECTION ( 'NONE',  ( 1.000000000000000000, 0.0000000000000000000, 0.0000000000000000000 ) ) ;
#175 = VERTEX_POINT ( 'NONE', #1734 ) ;
#176 = CARTESIAN_POINT ( 'NONE',  ( -0.4500000000000000111, -0.6999999999999999556, -0.3450000000000000289 ) ) ;
#177 = SURFACE_STYLE_USAGE ( .BOTH. , #1409 ) ;
#178 = VERTEX_POINT ( 'NONE', #454 ) ;
#179 =( LENGTH_UNIT ( ) NAMED_UNIT ( * ) SI_UNIT ( .MILLI., .METRE. ) );
#180 =( NAMED_UNIT ( * ) PLANE_ANGLE_UNIT ( ) SI_UNIT ( $, .RADIAN. ) );
#181 = SURFACE_STYLE_USAGE ( .BOTH. , #2739 ) ;
#182 = DIRECTION ( 'NONE',  ( 0.0000000000000000000, -1.000000000000000000, 0.0000000000000000000 ) ) ;
#183 = SURFACE_SIDE_STYLE ('',( #3369 ) ) ;
#184 = CARTESIAN_POINT ( 'NONE',  ( 1.167705098312484147, 0.07499999999999999722, -0.3450000000000000289 ) ) ;
#185 = FACE_OUTER_BOUND ( 'NONE', #2023, .T. ) ;
#186 = SURFACE_STYLE_FILL_AREA ( #791 ) ;
#187 = ORIENTED_EDGE ( 'NONE', *, *, #1277, .T. ) ;
#188 = PRESENTATION_LAYER_ASSIGNMENT (  '', '', ( #2019 ) ) ;
#189 = UNCERTAINTY_MEASURE_WITH_UNIT (LENGTH_MEASURE( 1.000000000000000082E-05 ), #2346, 'distance_accuracy_value', 'NONE');
#190 = PRESENTATION_STYLE_ASSIGNMENT (( #2210 ) ) ;
#191 = EDGE_LOOP ( 'NONE', ( #3336, #2202, #1154, #2390 ) ) ;
#192 = CIRCLE ( 'NONE', #2557, 0.1000000000000000472 ) ;
#193 = DIRECTION ( 'NONE',  ( 0.0000000000000000000, 0.0000000000000000000, -1.000000000000000000 ) ) ;
#194 = ORIENTED_EDGE ( 'NONE', *, *, #924, .F. ) ;
#195 = CARTESIAN_POINT ( 'NONE',  ( -0.8749999999999997780, 0.5250000000000000222, -0.01000000000000002623 ) ) ;
#196 =( NAMED_UNIT ( * ) SI_UNIT ( $, .STERADIAN. ) SOLID_ANGLE_UNIT ( ) );
#197 = ORIENTED_EDGE ( 'NONE', *, *, #1343, .F. ) ;
#198 = FILL_AREA_STYLE_COLOUR ( '', #679 ) ;
#199 = DIRECTION ( 'NONE',  ( 0.0000000000000000000, -1.000000000000000000, 0.0000000000000000000 ) ) ;
#200 = VECTOR ( 'NONE', #1153, 1000.000000000000000 ) ;
#201 = PLANE ( 'NONE',  #672 ) ;
#202 = ADVANCED_FACE ( 'NONE', ( #1194 ), #2472, .F. ) ;
#203 = PRESENTATION_LAYER_ASSIGNMENT (  '', '', ( #2157 ) ) ;
#204 = LINE ( 'NONE', #1657, #4134 ) ;
#205 =( LENGTH_UNIT ( ) NAMED_UNIT ( * ) SI_UNIT ( .MILLI., .METRE. ) );
#206 = CARTESIAN_POINT ( 'NONE',  ( -0.7499999999999998890, -0.6999999999999999556, -0.4200000000000000955 ) ) ;
#207 = MECHANICAL_DESIGN_GEOMETRIC_PRESENTATION_REPRESENTATION (  '', ( #3299 ), #538 ) ;
#208 = AXIS2_PLACEMENT_3D ( 'NONE', #1255, #4168, #2876 ) ;
#209 = FILL_AREA_STYLE_COLOUR ( '', #1193 ) ;
#210 = EDGE_CURVE ( 'NONE', #360, #2910, #1905, .T. ) ;
#211 = DIRECTION ( 'NONE',  ( 0.0000000000000000000, 1.000000000000000000, 0.0000000000000000000 ) ) ;
#212 =( NAMED_UNIT ( * ) SI_UNIT ( $, .STERADIAN. ) SOLID_ANGLE_UNIT ( ) );
#213 = COLOUR_RGB ( '',0.7490196078431372584, 0.7490196078431372584, 0.7490196078431372584 ) ;
#214 = MECHANICAL_DESIGN_GEOMETRIC_PRESENTATION_REPRESENTATION (  '', ( #668 ), #65 ) ;
#215 = VERTEX_POINT ( 'NONE', #1846 ) ;
#216 = PRESENTATION_LAYER_ASSIGNMENT (  '', '', ( #3788 ) ) ;
#217 = DIRECTION ( 'NONE',  ( -2.168404344971008474E-15, 0.0000000000000000000, 1.000000000000000000 ) ) ;
#218 = VERTEX_POINT ( 'NONE', #3330 ) ;
#219 = CARTESIAN_POINT ( 'NONE',  ( 0.9000000000000000222, 0.07499999999999999722, -0.4200000000000000400 ) ) ;
#220 = DIRECTION ( 'NONE',  ( 1.000000000000000000, 0.0000000000000000000, 0.0000000000000000000 ) ) ;
#221 = ORIENTED_EDGE ( 'NONE', *, *, #2170, .T. ) ;
#222 = CARTESIAN_POINT ( 'NONE',  ( -0.7749999999999991340, -0.6750000000000000444, -0.5200000000000000178 ) ) ;
#223 = CARTESIAN_POINT ( 'NONE',  ( 0.9000000000000000222, -0.07499999999999995559, -0.4200000000000000955 ) ) ;
#224 = ORIENTED_EDGE ( 'NONE', *, *, #3885, .F. ) ;
#225 = DIRECTION ( 'NONE',  ( 0.0000000000000000000, -1.000000000000000000, 0.0000000000000000000 ) ) ;
#226 = LINE ( 'NONE', #2168, #1173 ) ;
#227 = CARTESIAN_POINT ( 'NONE',  ( -0.4500000000000000111, -0.6999999999999999556, -0.3450000000000000289 ) ) ;
#228 = FILL_AREA_STYLE_COLOUR ( '', #1155 ) ;
#229 = CARTESIAN_POINT ( 'NONE',  ( -0.02499999999999913056, 0.6750000000000000444, -0.5100000000000000089 ) ) ;
#230 = EDGE_CURVE ( 'NONE', #3863, #3079, #952, .T. ) ;
#231 = ADVANCED_FACE ( 'NONE', ( #2058, #724 ), #2079, .T. ) ;
#232 = DIRECTION ( 'NONE',  ( 1.807003620809174188E-15, 0.0000000000000000000, -1.000000000000000000 ) ) ;
#233 = DIRECTION ( 'NONE',  ( 0.0000000000000000000, 1.000000000000000000, 0.0000000000000000000 ) ) ;
#234 =( LENGTH_UNIT ( ) NAMED_UNIT ( * ) SI_UNIT ( .MILLI., .METRE. ) );
#235 = DIRECTION ( 'NONE',  ( 0.0000000000000000000, -1.000000000000000000, 0.0000000000000000000 ) ) ;
#236 = ADVANCED_FACE ( 'NONE', ( #2035 ), #2994, .F. ) ;
#237 = ORIENTED_EDGE ( 'NONE', *, *, #1585, .F. ) ;
#238 = VECTOR ( 'NONE', #1990, 1000.000000000000000 ) ;
#239 = EDGE_LOOP ( 'NONE', ( #2854, #4019, #2828, #798 ) ) ;
#240 = ORIENTED_EDGE ( 'NONE', *, *, #975, .T. ) ;
#241 = VERTEX_POINT ( 'NONE', #637 ) ;
#242 = DIRECTION ( 'NONE',  ( 0.0000000000000000000, 1.000000000000000000, 0.0000000000000000000 ) ) ;
#243 = DIRECTION ( 'NONE',  ( 0.0000000000000000000, 0.0000000000000000000, -1.000000000000000000 ) ) ;
#244 = ORIENTED_EDGE ( 'NONE', *, *, #1420, .T. ) ;
#245 = DIRECTION ( 'NONE',  ( 1.000000000000000000, 0.0000000000000000000, 0.0000000000000000000 ) ) ;
#246 = CARTESIAN_POINT ( 'NONE',  ( -0.8749999999999997780, 0.5250000000000000222, 0.0000000000000000000 ) ) ;
#247 = DIRECTION ( 'NONE',  ( 0.0000000000000000000, -1.000000000000000000, -3.614007241618348278E-16 ) ) ;
#248 = EDGE_CURVE ( 'NONE', #3065, #1935, #2565, .T. ) ;
#249 = DIRECTION ( 'NONE',  ( 0.0000000000000000000, -1.000000000000000000, -3.614007241618348278E-16 ) ) ;
#250 = ORIENTED_EDGE ( 'NONE', *, *, #3671, .T. ) ;
#251 = EDGE_CURVE ( 'NONE', #2082, #1917, #3441, .T. ) ;
#252 = VERTEX_POINT ( 'NONE', #1545 ) ;
#253 = VERTEX_POINT ( 'NONE', #2538 ) ;
#254 = SURFACE_SIDE_STYLE ('',( #3782 ) ) ;
#255 = STYLED_ITEM ( 'NONE', ( #1386 ), #880 ) ;
#256 = ADVANCED_FACE ( 'NONE', ( #2552 ), #2247, .F. ) ;
#257 = CARTESIAN_POINT ( 'NONE',  ( -0.4499999999999999001, -0.9677050983124845240, -0.4200000000000000955 ) ) ;
#258 = ORIENTED_EDGE ( 'NONE', *, *, #953, .F. ) ;
#259 = CARTESIAN_POINT ( 'NONE',  ( -0.8749999999999997780, -0.5250000000000000222, 0.0000000000000000000 ) ) ;
#260 = CARTESIAN_POINT ( 'NONE',  ( -1.000000000000000000, 0.7999999999999999334, 0.0000000000000000000 ) ) ;
#261 = CARTESIAN_POINT ( 'NONE',  ( 0.0000000000000000000, -0.6999999999999999556, -0.5200000000000000178 ) ) ;
#262 = CARTESIAN_POINT ( 'NONE',  ( 1.000000000000000000, -0.07499999999999995559, -0.4200000000000000955 ) ) ;
#263 = DIRECTION ( 'NONE',  ( -1.000000000000000000, 0.0000000000000000000, 0.0000000000000000000 ) ) ;
#264 = FILL_AREA_STYLE_COLOUR ( '', #1568 ) ;
#265 = CIRCLE ( 'NONE', #2958, 0.1499999999999999667 ) ;
#266 =( NAMED_UNIT ( * ) SI_UNIT ( $, .STERADIAN. ) SOLID_ANGLE_UNIT ( ) );
#267 = SURFACE_SIDE_STYLE ('',( #1868 ) ) ;
#268 = STYLED_ITEM ( 'NONE', ( #1027 ), #1725 ) ;
#269 =( GEOMETRIC_REPRESENTATION_CONTEXT ( 3 ) GLOBAL_UNCERTAINTY_ASSIGNED_CONTEXT ( ( #2146 ) ) GLOBAL_UNIT_ASSIGNED_CONTEXT ( ( #2569, #4096, #266 ) ) REPRESENTATION_CONTEXT ( 'NONE', 'WORKASPACE' ) );
#270 = VECTOR ( 'NONE', #2868, 1000.000000000000000 ) ;
#271 = STYLED_ITEM ( 'NONE', ( #1307 ), #3577 ) ;
#272 = COLOUR_RGB ( '',1.000000000000000000, 0.8235294117647058432, 0.2980392156862745057 ) ;
#273 = UNCERTAINTY_MEASURE_WITH_UNIT (LENGTH_MEASURE( 1.000000000000000082E-05 ), #1832, 'distance_accuracy_value', 'NONE');
#274 = ORIENTED_EDGE ( 'NONE', *, *, #3458, .F. ) ;
#275 = ORIENTED_EDGE ( 'NONE', *, *, #4083, .T. ) ;
#276 = EDGE_CURVE ( 'NONE', #3379, #2525, #1923, .T. ) ;
#277 = COLOUR_RGB ( '',1.000000000000000000, 0.8235294117647058432, 0.2980392156862745057 ) ;
#278 = VECTOR ( 'NONE', #2942, 1000.000000000000000 ) ;
#279 = FILL_AREA_STYLE_COLOUR ( '', #3567 ) ;
#280 = ORIENTED_EDGE ( 'NONE', *, *, #582, .T. ) ;
#281 = DIRECTION ( 'NONE',  ( -0.0000000000000000000, 1.807003620809174878E-16, -1.000000000000000000 ) ) ;
#282 = ORIENTED_EDGE ( 'NONE', *, *, #3092, .F. ) ;
#283 = EDGE_CURVE ( 'NONE', #1369, #1741, #687, .T. ) ;
#284 = MECHANICAL_DESIGN_GEOMETRIC_PRESENTATION_REPRESENTATION (  '', ( #2296 ), #1580 ) ;
#285 = VECTOR ( 'NONE', #2801, 1000.000000000000000 ) ;
#286 = VERTEX_POINT ( 'NONE', #306 ) ;
#287 = DIRECTION ( 'NONE',  ( 1.000000000000000000, 0.0000000000000000000, -0.0000000000000000000 ) ) ;
#288 = DIRECTION ( 'NONE',  ( -1.000000000000000000, -1.084202172485504434E-16, 0.0000000000000000000 ) ) ;
#289 = FILL_AREA_STYLE ('',( #1867 ) ) ;
#290 = FACE_BOUND ( 'NONE', #4178, .T. ) ;
#291 = CARTESIAN_POINT ( 'NONE',  ( -0.6749999999999998224, 0.5749999999999999556, -0.5100000000000000089 ) ) ;
#292 = FACE_OUTER_BOUND ( 'NONE', #2508, .T. ) ;
#293 = DIRECTION ( 'NONE',  ( -0.0000000000000000000, 1.000000000000000000, 0.0000000000000000000 ) ) ;
#294 = VECTOR ( 'NONE', #2147, 1000.000000000000000 ) ;
#295 = EDGE_LOOP ( 'NONE', ( #130, #4147, #3251, #589 ) ) ;
#296 = VERTEX_POINT ( 'NONE', #3124 ) ;
#297 = COLOUR_RGB ( '',0.7921568627450980005, 0.8196078431372548767, 0.9333333333333333481 ) ;
#298 = EDGE_CURVE ( 'NONE', #11, #2856, #595, .T. ) ;
#299 = FACE_OUTER_BOUND ( 'NONE', #3976, .T. ) ;
#300 = ORIENTED_EDGE ( 'NONE', *, *, #2598, .F. ) ;
#301 = VERTEX_POINT ( 'NONE', #3181 ) ;
#302 = DIRECTION ( 'NONE',  ( 1.000000000000000000, 0.0000000000000000000, 0.0000000000000000000 ) ) ;
#303 = ORIENTED_EDGE ( 'NONE', *, *, #2831, .T. ) ;
#304 = CARTESIAN_POINT ( 'NONE',  ( -0.8749999999999997780, -0.5749999999999992895, -0.5200000000000000178 ) ) ;
#305 = LINE ( 'NONE', #2172, #1887 ) ;
#306 = CARTESIAN_POINT ( 'NONE',  ( -0.02499999999999913056, -0.6750000000000000444, -0.5200000000000000178 ) ) ;
#307 = SURFACE_STYLE_USAGE ( .BOTH. , #2518 ) ;
#308 = LINE ( 'NONE', #2174, #3375 ) ;
#309 = UNCERTAINTY_MEASURE_WITH_UNIT (LENGTH_MEASURE( 1.000000000000000082E-05 ), #234, 'distance_accuracy_value', 'NONE');
#310 = DIRECTION ( 'NONE',  ( 0.0000000000000000000, 1.000000000000000000, 0.0000000000000000000 ) ) ;
#311 = DIRECTION ( 'NONE',  ( 0.0000000000000000000, 0.0000000000000000000, 1.000000000000000000 ) ) ;
#312 = EDGE_LOOP ( 'NONE', ( #3195, #2651, #3609, #3711 ) ) ;
#313 = SURFACE_SIDE_STYLE ('',( #1948 ) ) ;
#314 = DIRECTION ( 'NONE',  ( 0.0000000000000000000, 0.0000000000000000000, 1.000000000000000000 ) ) ;
#315 = EDGE_LOOP ( 'NONE', ( #1835, #1319, #3147, #585 ) ) ;
#316 = VECTOR ( 'NONE', #242, 1000.000000000000000 ) ;
#317 = DIRECTION ( 'NONE',  ( 0.0000000000000000000, -1.000000000000000000, 0.0000000000000000000 ) ) ;
#318 =( GEOMETRIC_REPRESENTATION_CONTEXT ( 3 ) GLOBAL_UNCERTAINTY_ASSIGNED_CONTEXT ( ( #2780 ) ) GLOBAL_UNIT_ASSIGNED_CONTEXT ( ( #2679, #1970, #1648 ) ) REPRESENTATION_CONTEXT ( 'NONE', 'WORKASPACE' ) );
#319 = VERTEX_POINT ( 'NONE', #1530 ) ;
#320 = SURFACE_SIDE_STYLE ('',( #15 ) ) ;
#321 = DIRECTION ( 'NONE',  ( 0.0000000000000000000, 0.0000000000000000000, 1.000000000000000000 ) ) ;
#323 = ADVANCED_FACE ( 'NONE', ( #3473 ), #564, .T. ) ;
#322 = PLANE ( 'NONE',  #1247 ) ;
#324 = CARTESIAN_POINT ( 'NONE',  ( 1.000000000000000000, 0.07499999999999999722, -0.3450000000000000289 ) ) ;
#325 = STYLED_ITEM ( 'NONE', ( #2199 ), #1942 ) ;
#326 = SURFACE_STYLE_USAGE ( .BOTH. , #3218 ) ;
#327 = EDGE_CURVE ( 'NONE', #592, #877, #464, .T. ) ;
#328 = ADVANCED_FACE ( 'NONE', ( #361 ), #2984, .F. ) ;
#329 = AXIS2_PLACEMENT_3D ( 'NONE', #1730, #772, #1253 ) ;
#330 = DIRECTION ( 'NONE',  ( 0.0000000000000000000, 0.0000000000000000000, 1.000000000000000000 ) ) ;
#332 = LINE ( 'NONE', #1637, #601 ) ;
#331 = MECHANICAL_DESIGN_GEOMETRIC_PRESENTATION_REPRESENTATION (  '', ( #3170 ), #4120 ) ;
#333 = ORIENTED_EDGE ( 'NONE', *, *, #2188, .T. ) ;
#334 = PRESENTATION_LAYER_ASSIGNMENT (  '', '', ( #2630 ) ) ;
#335 = PLANE ( 'NONE',  #4057 ) ;
#336 = PLANE ( 'NONE',  #3835 ) ;
#337 = ORIENTED_EDGE ( 'NONE', *, *, #887, .T. ) ;
#338 = AXIS2_PLACEMENT_3D ( 'NONE', #3654, #4027, #199 ) ;
#339 = PRESENTATION_STYLE_ASSIGNMENT (( #3233 ) ) ;
#340 = AXIS2_PLACEMENT_3D ( 'NONE', #700, #1965, #2055 ) ;
#341 = ORIENTED_EDGE ( 'NONE', *, *, #2576, .T. ) ;
#342 = DIRECTION ( 'NONE',  ( -0.0000000000000000000, 0.0000000000000000000, -1.000000000000000000 ) ) ;
#343 = VECTOR ( 'NONE', #4097, 1000.000000000000000 ) ;
#344 = FILL_AREA_STYLE ('',( #425 ) ) ;
#345 = CARTESIAN_POINT ( 'NONE',  ( -0.8999999999999999112, -0.9677050983124845240, -0.3450000000000000289 ) ) ;
#346 = EDGE_CURVE ( 'NONE', #241, #253, #1329, .T. ) ;
#347 = PRODUCT_CONTEXT ( 'NONE', #3887, 'mechanical' ) ;
#348 = CARTESIAN_POINT ( 'NONE',  ( -0.02499999999999913056, -0.6750000000000000444, -0.5100000000000000089 ) ) ;
#349 = SURFACE_STYLE_USAGE ( .BOTH. , #1012 ) ;
#350 = EDGE_CURVE ( 'NONE', #437, #2829, #3714, .T. ) ;
#351 = SURFACE_STYLE_USAGE ( .BOTH. , #3964 ) ;
#352 = DIRECTION ( 'NONE',  ( 0.0000000000000000000, 1.000000000000000000, 0.0000000000000000000 ) ) ;
#353 = ORIENTED_EDGE ( 'NONE', *, *, #2747, .T. ) ;
#354 = PRESENTATION_LAYER_ASSIGNMENT (  '', '', ( #563 ) ) ;
#355 = CARTESIAN_POINT ( 'NONE',  ( 0.8750000000000003331, -0.5749999999999992895, -0.5100000000000000089 ) ) ;
#356 = ORIENTED_EDGE ( 'NONE', *, *, #2573, .T. ) ;
#357 = DIRECTION ( 'NONE',  ( 0.0000000000000000000, -1.000000000000000000, 0.0000000000000000000 ) ) ;
#358 = MECHANICAL_DESIGN_GEOMETRIC_PRESENTATION_REPRESENTATION (  '', ( #3060 ), #765 ) ;
#359 = ORIENTED_EDGE ( 'NONE', *, *, #1248, .T. ) ;
#360 = VERTEX_POINT ( 'NONE', #86 ) ;
#361 = FACE_OUTER_BOUND ( 'NONE', #4036, .T. ) ;
#362 = CARTESIAN_POINT ( 'NONE',  ( 0.7750000000000002442, 0.5749999999999999556, -0.5200000000000000178 ) ) ;
#363 = SURFACE_SIDE_STYLE ('',( #3263 ) ) ;
#364 = EDGE_CURVE ( 'NONE', #913, #1426, #1704, .T. ) ;
#365 = CARTESIAN_POINT ( 'NONE',  ( -0.02499999999999984873, 0.5749999999999999556, -0.5100000000000000089 ) ) ;
#366 = LINE ( 'NONE', #720, #550 ) ;
#367 = DIRECTION ( 'NONE',  ( 0.0000000000000000000, 1.000000000000000000, 0.0000000000000000000 ) ) ;
#368 = EDGE_CURVE ( 'NONE', #1935, #4069, #39, .T. ) ;
#369 = DIRECTION ( 'NONE',  ( 0.0000000000000000000, 1.000000000000000000, 0.0000000000000000000 ) ) ;
#370 = CARTESIAN_POINT ( 'NONE',  ( 0.9000000000000000222, -0.07499999999999995559, -0.4200000000000000955 ) ) ;
#371 = ORIENTED_EDGE ( 'NONE', *, *, #2116, .T. ) ;
#372 = FACE_OUTER_BOUND ( 'NONE', #2686, .T. ) ;
#373 = EDGE_LOOP ( 'NONE', ( #2512, #1951, #300, #422 ) ) ;
#374 = DIRECTION ( 'NONE',  ( 0.0000000000000000000, -1.000000000000000000, 0.0000000000000000000 ) ) ;
#375 = EDGE_CURVE ( 'NONE', #3226, #4090, #2026, .T. ) ;
#376 = ORIENTED_EDGE ( 'NONE', *, *, #1463, .F. ) ;
#377 = VERTEX_POINT ( 'NONE', #2306 ) ;
#378 = VECTOR ( 'NONE', #2463, 1000.000000000000000 ) ;
#379 = CARTESIAN_POINT ( 'NONE',  ( -0.6750000000000004885, -0.6750000000000000444, -0.5200000000000000178 ) ) ;
#380 = PRESENTATION_LAYER_ASSIGNMENT (  '', '', ( #3828 ) ) ;
#381 = APPLICATION_PROTOCOL_DEFINITION ( 'draft international standard', 'automotive_design', 1998, #2531 ) ;
#382 = DIRECTION ( 'NONE',  ( -0.0000000000000000000, 0.0000000000000000000, -1.000000000000000000 ) ) ;
#383 = FILL_AREA_STYLE ('',( #1967 ) ) ;
#384 = CARTESIAN_POINT ( 'NONE',  ( -0.7249999999999999778, 0.5250000000000000222, 0.0000000000000000000 ) ) ;
#385 =( NAMED_UNIT ( * ) SI_UNIT ( $, .STERADIAN. ) SOLID_ANGLE_UNIT ( ) );
#386 = ORIENTED_EDGE ( 'NONE', *, *, #8, .T. ) ;
#387 = AXIS2_PLACEMENT_3D ( 'NONE', #1658, #16, #1328 ) ;
#388 = EDGE_CURVE ( 'NONE', #3334, #2275, #696, .T. ) ;
#389 =( NAMED_UNIT ( * ) PLANE_ANGLE_UNIT ( ) SI_UNIT ( $, .RADIAN. ) );
#390 = CARTESIAN_POINT ( 'NONE',  ( 0.8750000000000003331, 0.5749999999999999556, -0.5200000000000000178 ) ) ;
#391 = ADVANCED_FACE ( 'NONE', ( #3216 ), #322, .F. ) ;
#392 = ORIENTED_EDGE ( 'NONE', *, *, #2784, .T. ) ;
#393 = CARTESIAN_POINT ( 'NONE',  ( 0.8749999999999997780, -0.5250000000000000222, 0.0000000000000000000 ) ) ;
#394 = AXIS2_PLACEMENT_3D ( 'NONE', #2664, #1716, #3272 ) ;
#395 = AXIS2_PLACEMENT_3D ( 'NONE', #2884, #2579, #640 ) ;
#396 = ORIENTED_EDGE ( 'NONE', *, *, #1884, .F. ) ;
#397 = DIRECTION ( 'NONE',  ( 0.0000000000000000000, 0.0000000000000000000, 1.000000000000000000 ) ) ;
#398 = VECTOR ( 'NONE', #2936, 1000.000000000000000 ) ;
#399 = EDGE_CURVE ( 'NONE', #2487, #1335, #1095, .T. ) ;
#400 = ORIENTED_EDGE ( 'NONE', *, *, #4021, .T. ) ;
#401 = AXIS2_PLACEMENT_3D ( 'NONE', #2763, #485, #2864 ) ;
#402 = CARTESIAN_POINT ( 'NONE',  ( -0.02499999999999983485, -0.5749999999999999556, -0.5100000000000000089 ) ) ;
#403 = DIRECTION ( 'NONE',  ( 0.0000000000000000000, 0.0000000000000000000, 1.000000000000000000 ) ) ;
#404 = PLANE ( 'NONE',  #1440 ) ;
#405 = SURFACE_STYLE_FILL_AREA ( #1775 ) ;
#406 =( NAMED_UNIT ( * ) PLANE_ANGLE_UNIT ( ) SI_UNIT ( $, .RADIAN. ) );
#407 = COLOUR_RGB ( '',0.7490196078431372584, 0.7490196078431372584, 0.7490196078431372584 ) ;
#408 = CARTESIAN_POINT ( 'NONE',  ( 0.7749999999999996891, 0.6750000000000000444, -0.5100000000000000089 ) ) ;
#409 = FACE_OUTER_BOUND ( 'NONE', #1302, .T. ) ;
#410 = PLANE ( 'NONE',  #969 ) ;
#411 = FILL_AREA_STYLE ('',( #2613 ) ) ;
#412 = VECTOR ( 'NONE', #3387, 1000.000000000000000 ) ;
#413 = DIRECTION ( 'NONE',  ( 1.000000000000000000, 0.0000000000000000000, -0.0000000000000000000 ) ) ;
#414 = ORIENTED_EDGE ( 'NONE', *, *, #924, .T. ) ;
#415 = DIRECTION ( 'NONE',  ( -0.7071067811865474617, 0.7071067811865474617, 0.0000000000000000000 ) ) ;
#416 = DIRECTION ( 'NONE',  ( -1.000000000000000000, 0.0000000000000000000, 0.0000000000000000000 ) ) ;
#417 = MECHANICAL_DESIGN_GEOMETRIC_PRESENTATION_REPRESENTATION (  '', ( #563 ), #1593 ) ;
#418 = ORIENTED_EDGE ( 'NONE', *, *, #1450, .F. ) ;
#419 = VECTOR ( 'NONE', #928, 1000.000000000000000 ) ;
#420 = EDGE_CURVE ( 'NONE', #1356, #3152, #784, .T. ) ;
#421 = VERTEX_POINT ( 'NONE', #1117 ) ;
#422 = ORIENTED_EDGE ( 'NONE', *, *, #3879, .F. ) ;
#423 = MECHANICAL_DESIGN_GEOMETRIC_PRESENTATION_REPRESENTATION (  '', ( #3865 ), #167 ) ;
#424 = LINE ( 'NONE', #3002, #3855 ) ;
#425 = FILL_AREA_STYLE_COLOUR ( '', #2355 ) ;
#426 = PRESENTATION_LAYER_ASSIGNMENT (  '', '', ( #2252 ) ) ;
#427 = LINE ( 'NONE', #1119, #2689 ) ;
#428 = CARTESIAN_POINT ( 'NONE',  ( 1.000000000000000000, 0.07499999999999999722, -0.3450000000000000289 ) ) ;
#429 = DIRECTION ( 'NONE',  ( 0.0000000000000000000, -1.000000000000000000, 0.0000000000000000000 ) ) ;
#430 = PLANE ( 'NONE',  #971 ) ;
#431 = EDGE_CURVE ( 'NONE', #3672, #641, #424, .T. ) ;
#432 = SURFACE_STYLE_FILL_AREA ( #1754 ) ;
#433 = DIRECTION ( 'NONE',  ( 0.0000000000000000000, 0.0000000000000000000, 1.000000000000000000 ) ) ;
#434 = ORIENTED_EDGE ( 'NONE', *, *, #3219, .T. ) ;
#435 = ORIENTED_EDGE ( 'NONE', *, *, #1866, .F. ) ;
#436 = CARTESIAN_POINT ( 'NONE',  ( -0.2999999999999998779, -0.6999999999999999556, -0.4200000000000000955 ) ) ;
#437 = VERTEX_POINT ( 'NONE', #3023 ) ;
#438 = DIRECTION ( 'NONE',  ( 0.0000000000000000000, -1.000000000000000000, 0.0000000000000000000 ) ) ;
#439 = CARTESIAN_POINT ( 'NONE',  ( 0.3500000000000001443, -0.6999999999999999556, -0.4200000000000000955 ) ) ;
#440 = ORIENTED_EDGE ( 'NONE', *, *, #1914, .T. ) ;
#441 = CARTESIAN_POINT ( 'NONE',  ( -1.000000000000000000, -0.6500000000000001332, -0.09999999999999999167 ) ) ;
#442 = DIRECTION ( 'NONE',  ( 0.0000000000000000000, -1.000000000000000000, 0.0000000000000000000 ) ) ;
#443 = PRESENTATION_STYLE_ASSIGNMENT (( #1166 ) ) ;
#444 = LINE ( 'NONE', #2088, #3293 ) ;
#445 = CARTESIAN_POINT ( 'NONE',  ( -0.7749999999999999112, -0.5749999999999999556, -0.5200000000000000178 ) ) ;
#446 = PRESENTATION_STYLE_ASSIGNMENT (( #3345 ) ) ;
#447 = EDGE_CURVE ( 'NONE', #1264, #3103, #107, .T. ) ;
#448 = CARTESIAN_POINT ( 'NONE',  ( -0.6750000000000004885, 0.6750000000000000444, -0.5200000000000000178 ) ) ;
#449 = DIRECTION ( 'NONE',  ( 0.0000000000000000000, -1.000000000000000000, 0.0000000000000000000 ) ) ;
#450 = CIRCLE ( 'NONE', #712, 0.1000000000000000472 ) ;
#451 = DIRECTION ( 'NONE',  ( 0.0000000000000000000, 1.000000000000000000, 0.0000000000000000000 ) ) ;
#452 = SURFACE_SIDE_STYLE ('',( #186 ) ) ;
#453 = ADVANCED_FACE ( 'NONE', ( #469 ), #2717, .F. ) ;
#454 = CARTESIAN_POINT ( 'NONE',  ( 0.9000000000000000222, -0.07499999999999995559, -0.4200000000000000955 ) ) ;
#455 = EDGE_LOOP ( 'NONE', ( #3691, #418, #981, #1599 ) ) ;
#456 = STYLED_ITEM ( 'NONE', ( #699 ), #2138 ) ;
#457 =( NAMED_UNIT ( * ) SI_UNIT ( $, .STERADIAN. ) SOLID_ANGLE_UNIT ( ) );
#458 = AXIS2_PLACEMENT_3D ( 'NONE', #1140, #1747, #3678 ) ;
#459 = CARTESIAN_POINT ( 'NONE',  ( -0.8999999999999999112, -0.8000000000000001554, -0.4200000000000000955 ) ) ;
#460 = ORIENTED_EDGE ( 'NONE', *, *, #1395, .F. ) ;
#461 = SURFACE_STYLE_FILL_AREA ( #1740 ) ;
#462 = MECHANICAL_DESIGN_GEOMETRIC_PRESENTATION_REPRESENTATION (  '', ( #2031 ), #3493 ) ;
#463 = COLOUR_RGB ( '',0.7921568627450980005, 0.8196078431372548767, 0.9333333333333333481 ) ;
#464 = CIRCLE ( 'NONE', #3169, 0.1000000000000000472 ) ;
#465 = ORIENTED_EDGE ( 'NONE', *, *, #972, .F. ) ;
#466 = DIRECTION ( 'NONE',  ( 0.0000000000000000000, 0.0000000000000000000, -1.000000000000000000 ) ) ;
#467 = CARTESIAN_POINT ( 'NONE',  ( 0.8750000000000003331, 0.5749999999999992895, -0.5100000000000000089 ) ) ;
#468 = ORIENTED_EDGE ( 'NONE', *, *, #87, .T. ) ;
#469 = FACE_OUTER_BOUND ( 'NONE', #963, .T. ) ;
#470 = CIRCLE ( 'NONE', #810, 0.1000000000000000472 ) ;
#471 =( LENGTH_UNIT ( ) NAMED_UNIT ( * ) SI_UNIT ( .MILLI., .METRE. ) );
#472 = AXIS2_PLACEMENT_3D ( 'NONE', #3430, #3199, #2201 ) ;
#473 =( GEOMETRIC_REPRESENTATION_CONTEXT ( 3 ) GLOBAL_UNCERTAINTY_ASSIGNED_CONTEXT ( ( #2765 ) ) GLOBAL_UNIT_ASSIGNED_CONTEXT ( ( #2706, #389, #1403 ) ) REPRESENTATION_CONTEXT ( 'NONE', 'WORKASPACE' ) );
#474 = PLANE ( 'NONE',  #3102 ) ;
#475 = PLANE ( 'NONE',  #1156 ) ;
#476 = AXIS2_PLACEMENT_3D ( 'NONE', #3581, #2325, #682 ) ;
#477 = FILL_AREA_STYLE ('',( #2722 ) ) ;
#478 = AXIS2_PLACEMENT_3D ( 'NONE', #2343, #4184, #3595 ) ;
#479 = EDGE_CURVE ( 'NONE', #1199, #587, #1502, .T. ) ;
#480 = VECTOR ( 'NONE', #2862, 1000.000000000000000 ) ;
#481 = CARTESIAN_POINT ( 'NONE',  ( -0.7499999999999998890, -0.9677050983124845240, -0.4200000000000000955 ) ) ;
#482 = ORIENTED_EDGE ( 'NONE', *, *, #3472, .T. ) ;
#483 = AXIS2_PLACEMENT_3D ( 'NONE', #2129, #839, #108 ) ;
#484 = VECTOR ( 'NONE', #1001, 1000.000000000000000 ) ;
#485 = DIRECTION ( 'NONE',  ( 0.0000000000000000000, 0.0000000000000000000, -1.000000000000000000 ) ) ;
#486 =( NAMED_UNIT ( * ) PLANE_ANGLE_UNIT ( ) SI_UNIT ( $, .RADIAN. ) );
#487 = ORIENTED_EDGE ( 'NONE', *, *, #1849, .F. ) ;
#488 = DIRECTION ( 'NONE',  ( 0.0000000000000000000, -1.000000000000000000, 0.0000000000000000000 ) ) ;
#489 = ORIENTED_EDGE ( 'NONE', *, *, #2180, .F. ) ;
#490 = DIRECTION ( 'NONE',  ( 0.0000000000000000000, -5.421010862427524142E-16, 1.000000000000000000 ) ) ;
#491 = CARTESIAN_POINT ( 'NONE',  ( -0.1249999999999998335, -0.5749999999999992895, -0.5100000000000000089 ) ) ;
#492 = ORIENTED_EDGE ( 'NONE', *, *, #4028, .F. ) ;
#493 = FILL_AREA_STYLE ('',( #742 ) ) ;
#494 = CARTESIAN_POINT ( 'NONE',  ( -0.7499999999999998890, -0.8000000000000000444, -0.3450000000000000844 ) ) ;
#495 = STYLED_ITEM ( 'NONE', ( #2153 ), #4101 ) ;
#496 = FILL_AREA_STYLE_COLOUR ( '', #745 ) ;
#497 = FACE_OUTER_BOUND ( 'NONE', #2963, .T. ) ;
#498 =( NAMED_UNIT ( * ) PLANE_ANGLE_UNIT ( ) SI_UNIT ( $, .RADIAN. ) );
#499 = CARTESIAN_POINT ( 'NONE',  ( 0.0000000000000000000, 0.0000000000000000000, -0.5200000000000000178 ) ) ;
#500 = VERTEX_POINT ( 'NONE', #3049 ) ;
#501 = EDGE_CURVE ( 'NONE', #1105, #1410, #159, .T. ) ;
#502 = PLANE ( 'NONE',  #2572 ) ;
#503 = ORIENTED_EDGE ( 'NONE', *, *, #3081, .T. ) ;
#504 = ADVANCED_FACE ( 'NONE', ( #1799 ), #1464, .F. ) ;
#505 = SURFACE_STYLE_FILL_AREA ( #3444 ) ;
#506 = DIRECTION ( 'NONE',  ( 0.0000000000000000000, 1.000000000000000000, 0.0000000000000000000 ) ) ;
#507 = ORIENTED_EDGE ( 'NONE', *, *, #990, .F. ) ;
#508 = DIRECTION ( 'NONE',  ( 0.0000000000000000000, 1.000000000000000000, 0.0000000000000000000 ) ) ;
#509 = SURFACE_STYLE_FILL_AREA ( #918 ) ;
#510 = EDGE_LOOP ( 'NONE', ( #1087, #1980, #492, #57 ) ) ;
#511 = EDGE_CURVE ( 'NONE', #2497, #3065, #842, .T. ) ;
#512 =( LENGTH_UNIT ( ) NAMED_UNIT ( * ) SI_UNIT ( .MILLI., .METRE. ) );
#513 = SURFACE_STYLE_USAGE ( .BOTH. , #2376 ) ;
#514 = CARTESIAN_POINT ( 'NONE',  ( -0.6749999999999998224, -0.5749999999999999556, -0.5100000000000000089 ) ) ;
#515 = DIRECTION ( 'NONE',  ( 0.0000000000000000000, 0.0000000000000000000, -1.000000000000000000 ) ) ;
#516 = SURFACE_SIDE_STYLE ('',( #2471 ) ) ;
#517 = CARTESIAN_POINT ( 'NONE',  ( -0.8749999999999998890, -0.5250000000000000222, -0.01000000000000002623 ) ) ;
#518 = CARTESIAN_POINT ( 'NONE',  ( -0.7499999999999998890, -0.8000000000000001554, -0.3450000000000000844 ) ) ;
#519 = DIRECTION ( 'NONE',  ( 0.0000000000000000000, 0.0000000000000000000, 1.000000000000000000 ) ) ;
#520 = STYLED_ITEM ( 'NONE', ( #634 ), #786 ) ;
#521 = UNCERTAINTY_MEASURE_WITH_UNIT (LENGTH_MEASURE( 1.000000000000000082E-05 ), #1257, 'distance_accuracy_value', 'NONE');
#522 = ORIENTED_EDGE ( 'NONE', *, *, #2213, .T. ) ;
#523 =( NAMED_UNIT ( * ) SI_UNIT ( $, .STERADIAN. ) SOLID_ANGLE_UNIT ( ) );
#524 = UNCERTAINTY_MEASURE_WITH_UNIT (LENGTH_MEASURE( 1.000000000000000082E-05 ), #2386, 'distance_accuracy_value', 'NONE');
#525 = ORIENTED_EDGE ( 'NONE', *, *, #2980, .T. ) ;
#526 = VECTOR ( 'NONE', #3845, 1000.000000000000000 ) ;
#527 = CARTESIAN_POINT ( 'NONE',  ( -0.6750000000000004885, -0.6750000000000000444, -0.5200000000000000178 ) ) ;
#528 = VECTOR ( 'NONE', #3825, 1000.000000000000000 ) ;
#529 = EDGE_CURVE ( 'NONE', #1501, #2393, #1780, .T. ) ;
#530 = FACE_OUTER_BOUND ( 'NONE', #3932, .T. ) ;
#531 = EDGE_LOOP ( 'NONE', ( #3907, #937, #1913, #2304 ) ) ;
#532 = DIRECTION ( 'NONE',  ( 0.0000000000000000000, 1.000000000000000000, 0.0000000000000000000 ) ) ;
#533 = DIRECTION ( 'NONE',  ( 0.0000000000000000000, 0.0000000000000000000, 1.000000000000000000 ) ) ;
#534 = ORIENTED_EDGE ( 'NONE', *, *, #1371, .T. ) ;
#535 = DIRECTION ( 'NONE',  ( 0.0000000000000000000, 1.000000000000000000, 5.421010862427524142E-16 ) ) ;
#536 = VECTOR ( 'NONE', #1052, 1000.000000000000000 ) ;
#537 = CYLINDRICAL_SURFACE ( 'NONE', #3914, 0.1499999999999999667 ) ;
#538 =( GEOMETRIC_REPRESENTATION_CONTEXT ( 3 ) GLOBAL_UNCERTAINTY_ASSIGNED_CONTEXT ( ( #1785 ) ) GLOBAL_UNIT_ASSIGNED_CONTEXT ( ( #3007, #2674, #3028 ) ) REPRESENTATION_CONTEXT ( 'NONE', 'WORKASPACE' ) );
#539 = EDGE_CURVE ( 'NONE', #3561, #2623, #2534, .T. ) ;
#540 = UNCERTAINTY_MEASURE_WITH_UNIT (LENGTH_MEASURE( 1.000000000000000082E-05 ), #781, 'distance_accuracy_value', 'NONE');
#541 = DIRECTION ( 'NONE',  ( 0.0000000000000000000, -1.000000000000000000, -1.807003620809174632E-16 ) ) ;
#542 = SURFACE_STYLE_FILL_AREA ( #1566 ) ;
#543 = CARTESIAN_POINT ( 'NONE',  ( -0.5749999999999997335, -0.5749999999999992895, -0.5100000000000000089 ) ) ;
#544 = CARTESIAN_POINT ( 'NONE',  ( -0.8999999999999999112, -0.6999999999999999556, -0.3450000000000000289 ) ) ;
#545 = AXIS2_PLACEMENT_3D ( 'NONE', #291, #1596, #2232 ) ;
#546 = LINE ( 'NONE', #2520, #3860 ) ;
#547 = MECHANICAL_DESIGN_GEOMETRIC_PRESENTATION_REPRESENTATION (  '', ( #3034 ), #3572 ) ;
#548 = COLOUR_RGB ( '',0.7490196078431372584, 0.7490196078431372584, 0.7490196078431372584 ) ;
#549 = ORIENTED_EDGE ( 'NONE', *, *, #1428, .T. ) ;
#550 = VECTOR ( 'NONE', #1, 1000.000000000000000 ) ;
#551 = ORIENTED_EDGE ( 'NONE', *, *, #60, .T. ) ;
#552 = CIRCLE ( 'NONE', #3919, 0.1499999999999999112 ) ;
#553 = FILL_AREA_STYLE ('',( #264 ) ) ;
#554 = ORIENTED_EDGE ( 'NONE', *, *, #608, .T. ) ;
#555 = LINE ( 'NONE', #1859, #378 ) ;
#556 = FILL_AREA_STYLE_COLOUR ( '', #1828 ) ;
#557 = ORIENTED_EDGE ( 'NONE', *, *, #1914, .F. ) ;
#558 = PLANE ( 'NONE',  #813 ) ;
#559 = ADVANCED_FACE ( 'NONE', ( #1211 ), #4135, .F. ) ;
#560 = CARTESIAN_POINT ( 'NONE',  ( -0.7749999999999991340, 0.6750000000000000444, -0.5200000000000000178 ) ) ;
#561 =( NAMED_UNIT ( * ) PLANE_ANGLE_UNIT ( ) SI_UNIT ( $, .RADIAN. ) );
#562 = CARTESIAN_POINT ( 'NONE',  ( 0.3499999999999999223, -0.8000000000000000444, -0.3450000000000000844 ) ) ;
#563 = STYLED_ITEM ( 'NONE', ( #1664 ), #3998 ) ;
#564 = PLANE ( 'NONE',  #1629 ) ;
#565 = ORIENTED_EDGE ( 'NONE', *, *, #2675, .F. ) ;
#566 = EDGE_CURVE ( 'NONE', #896, #301, #1915, .T. ) ;
#567 = ORIENTED_EDGE ( 'NONE', *, *, #990, .T. ) ;
#568 = VERTEX_POINT ( 'NONE', #1565 ) ;
#569 =( NAMED_UNIT ( * ) PLANE_ANGLE_UNIT ( ) SI_UNIT ( $, .RADIAN. ) );
#570 = ORIENTED_EDGE ( 'NONE', *, *, #1315, .T. ) ;
#571 = SURFACE_SIDE_STYLE ('',( #1875 ) ) ;
#572 =( LENGTH_UNIT ( ) NAMED_UNIT ( * ) SI_UNIT ( .MILLI., .METRE. ) );
#573 = ORIENTED_EDGE ( 'NONE', *, *, #1791, .T. ) ;
#574 = CARTESIAN_POINT ( 'NONE',  ( -0.8749999999999998890, -0.5749999999999992895, -0.5200000000000000178 ) ) ;
#575 = FACE_OUTER_BOUND ( 'NONE', #2713, .T. ) ;
#576 = FILL_AREA_STYLE_COLOUR ( '', #883 ) ;
#577 = AXIS2_PLACEMENT_3D ( 'NONE', #25, #2866, #626 ) ;
#578 = SURFACE_STYLE_FILL_AREA ( #1214 ) ;
#579 = EDGE_CURVE ( 'NONE', #2604, #1410, #2491, .T. ) ;
#580 = DIRECTION ( 'NONE',  ( 0.0000000000000000000, -1.000000000000000000, 0.0000000000000000000 ) ) ;
#581 = ORIENTED_EDGE ( 'NONE', *, *, #2857, .F. ) ;
#582 = EDGE_CURVE ( 'NONE', #3605, #2101, #4073, .T. ) ;
#583 = CIRCLE ( 'NONE', #644, 0.1000000000000000472 ) ;
#584 = ORIENTED_EDGE ( 'NONE', *, *, #2119, .F. ) ;
#585 = ORIENTED_EDGE ( 'NONE', *, *, #3941, .T. ) ;
#586 = VECTOR ( 'NONE', #2074, 1000.000000000000000 ) ;
#587 = VERTEX_POINT ( 'NONE', #3768 ) ;
#588 = LINE ( 'NONE', #260, #3967 ) ;
#589 = ORIENTED_EDGE ( 'NONE', *, *, #1753, .T. ) ;
#590 =( LENGTH_UNIT ( ) NAMED_UNIT ( * ) SI_UNIT ( .MILLI., .METRE. ) );
#591 =( GEOMETRIC_REPRESENTATION_CONTEXT ( 3 ) GLOBAL_UNCERTAINTY_ASSIGNED_CONTEXT ( ( #2404 ) ) GLOBAL_UNIT_ASSIGNED_CONTEXT ( ( #572, #1860, #196 ) ) REPRESENTATION_CONTEXT ( 'NONE', 'WORKASPACE' ) );
#592 = VERTEX_POINT ( 'NONE', #4111 ) ;
#593 = CARTESIAN_POINT ( 'NONE',  ( 0.1999999999999999556, -0.6999999999999999556, -0.3450000000000000289 ) ) ;
#594 = CARTESIAN_POINT ( 'NONE',  ( 0.2000000000000000666, -0.8000000000000000444, -0.4200000000000000955 ) ) ;
#595 = LINE ( 'NONE', #1290, #731 ) ;
#596 = SURFACE_STYLE_FILL_AREA ( #2231 ) ;
#597 = STYLED_ITEM ( 'NONE', ( #2720 ), #1475 ) ;
#598 = PRESENTATION_LAYER_ASSIGNMENT (  '', '', ( #56 ) ) ;
#599 = LINE ( 'NONE', #2474, #3261 ) ;
#600 =( GEOMETRIC_REPRESENTATION_CONTEXT ( 3 ) GLOBAL_UNCERTAINTY_ASSIGNED_CONTEXT ( ( #524 ) ) GLOBAL_UNIT_ASSIGNED_CONTEXT ( ( #2386, #2038, #1997 ) ) REPRESENTATION_CONTEXT ( 'NONE', 'WORKASPACE' ) );
#601 = VECTOR ( 'NONE', #5, 1000.000000000000000 ) ;
#602 = ADVANCED_FACE ( 'NONE', ( #3814 ), #922, .F. ) ;
#603 = VECTOR ( 'NONE', #3790, 1000.000000000000000 ) ;
#604 = UNCERTAINTY_MEASURE_WITH_UNIT (LENGTH_MEASURE( 1.000000000000000082E-05 ), #2258, 'distance_accuracy_value', 'NONE');
#605 = VERTEX_POINT ( 'NONE', #1169 ) ;
#606 = ORIENTED_EDGE ( 'NONE', *, *, #2373, .F. ) ;
#607 = CIRCLE ( 'NONE', #69, 0.1000000000000000472 ) ;
#608 = EDGE_CURVE ( 'NONE', #3652, #1264, #1879, .T. ) ;
#609 = PRESENTATION_STYLE_ASSIGNMENT (( #3807 ) ) ;
#610 = ORIENTED_EDGE ( 'NONE', *, *, #1132, .T. ) ;
#611 = SURFACE_STYLE_FILL_AREA ( #995 ) ;
#612 = ORIENTED_EDGE ( 'NONE', *, *, #4076, .T. ) ;
#613 = PRESENTATION_STYLE_ASSIGNMENT (( #1209 ) ) ;
#614 = AXIS2_PLACEMENT_3D ( 'NONE', #3746, #287, #1820 ) ;
#615 = ORIENTED_EDGE ( 'NONE', *, *, #4083, .F. ) ;
#616 = DIRECTION ( 'NONE',  ( -0.0000000000000000000, 0.0000000000000000000, -1.000000000000000000 ) ) ;
#617 = CARTESIAN_POINT ( 'NONE',  ( -0.5749999999999997335, -0.5749999999999992895, -0.5200000000000000178 ) ) ;
#618 = CARTESIAN_POINT ( 'NONE',  ( -0.2999999999999998779, -0.6999999999999999556, -0.4200000000000000955 ) ) ;
#619 = CARTESIAN_POINT ( 'NONE',  ( 0.3499999999999999223, -0.6999999999999999556, -0.3450000000000000844 ) ) ;
#620 = FACE_OUTER_BOUND ( 'NONE', #3106, .T. ) ;
#621 = MECHANICAL_DESIGN_GEOMETRIC_PRESENTATION_REPRESENTATION (  '', ( #3055 ), #7 ) ;
#622 = LINE ( 'NONE', #1217, #1792 ) ;
#623 = MECHANICAL_DESIGN_GEOMETRIC_PRESENTATION_REPRESENTATION (  '', ( #2791 ), #909 ) ;
#624 = AXIS2_PLACEMENT_3D ( 'NONE', #1101, #2990, #1419 ) ;
#625 = EDGE_CURVE ( 'NONE', #2761, #3173, #3488, .T. ) ;
#626 = DIRECTION ( 'NONE',  ( -1.000000000000000000, 0.0000000000000000000, 0.0000000000000000000 ) ) ;
#627 = ORIENTED_EDGE ( 'NONE', *, *, #2932, .F. ) ;
#628 =( GEOMETRIC_REPRESENTATION_CONTEXT ( 3 ) GLOBAL_UNCERTAINTY_ASSIGNED_CONTEXT ( ( #2632 ) ) GLOBAL_UNIT_ASSIGNED_CONTEXT ( ( #4098, #3370, #1467 ) ) REPRESENTATION_CONTEXT ( 'NONE', 'WORKASPACE' ) );
#629 = PLANE ( 'NONE',  #1347 ) ;
#630 = EDGE_CURVE ( 'NONE', #3079, #3530, #1508, .T. ) ;
#631 = ORIENTED_EDGE ( 'NONE', *, *, #420, .F. ) ;
#632 = LINE ( 'NONE', #1934, #954 ) ;
#633 = ORIENTED_EDGE ( 'NONE', *, *, #3645, .T. ) ;
#634 = PRESENTATION_STYLE_ASSIGNMENT (( #941 ) ) ;
#635 = LINE ( 'NONE', #3532, #3364 ) ;
#636 = ADVANCED_FACE ( 'NONE', ( #575 ), #2171, .F. ) ;
#637 = CARTESIAN_POINT ( 'NONE',  ( 1.000000000000000000, -0.7999999999999999334, -0.5200000000000000178 ) ) ;
#638 = CARTESIAN_POINT ( 'NONE',  ( -0.7749999999999998002, 0.5749999999999999556, -0.5100000000000000089 ) ) ;
#639 = DIRECTION ( 'NONE',  ( -1.000000000000000000, 0.0000000000000000000, 0.0000000000000000000 ) ) ;
#640 = DIRECTION ( 'NONE',  ( 0.0000000000000000000, -1.000000000000000000, 0.0000000000000000000 ) ) ;
#641 = VERTEX_POINT ( 'NONE', #1251 ) ;
#642 = DIRECTION ( 'NONE',  ( 0.0000000000000000000, -1.000000000000000000, -0.0000000000000000000 ) ) ;
#643 = ORIENTED_EDGE ( 'NONE', *, *, #3399, .T. ) ;
#644 = AXIS2_PLACEMENT_3D ( 'NONE', #2302, #3593, #2550 ) ;
#645 = SURFACE_STYLE_FILL_AREA ( #1338 ) ;
#646 = EDGE_CURVE ( 'NONE', #691, #3972, #1864, .T. ) ;
#647 = EDGE_LOOP ( 'NONE', ( #726, #396, #158, #1261 ) ) ;
#648 =( NAMED_UNIT ( * ) PLANE_ANGLE_UNIT ( ) SI_UNIT ( $, .RADIAN. ) );
#649 = DIRECTION ( 'NONE',  ( 0.0000000000000000000, -1.000000000000000000, 0.0000000000000000000 ) ) ;
#650 = DIRECTION ( 'NONE',  ( 0.0000000000000000000, 1.000000000000000000, 0.0000000000000000000 ) ) ;
#651 = SURFACE_STYLE_FILL_AREA ( #4185 ) ;
#652 = COLOUR_RGB ( '',1.000000000000000000, 0.8235294117647058432, 0.2980392156862745057 ) ;
#653 = EDGE_CURVE ( 'NONE', #3569, #252, #2203, .T. ) ;
#654 = VECTOR ( 'NONE', #3329, 1000.000000000000000 ) ;
#655 = DIRECTION ( 'NONE',  ( -0.0000000000000000000, 0.0000000000000000000, -1.000000000000000000 ) ) ;
#656 = DIRECTION ( 'NONE',  ( 9.427844978134832527E-17, 1.000000000000000000, 0.0000000000000000000 ) ) ;
#657 =( NAMED_UNIT ( * ) PLANE_ANGLE_UNIT ( ) SI_UNIT ( $, .RADIAN. ) );
#658 = VECTOR ( 'NONE', #983, 1000.000000000000000 ) ;
#659 = CIRCLE ( 'NONE', #3029, 0.1000000000000000472 ) ;
#660 =( GEOMETRIC_REPRESENTATION_CONTEXT ( 3 ) GLOBAL_UNCERTAINTY_ASSIGNED_CONTEXT ( ( #4051 ) ) GLOBAL_UNIT_ASSIGNED_CONTEXT ( ( #2652, #3549, #3956 ) ) REPRESENTATION_CONTEXT ( 'NONE', 'WORKASPACE' ) );
#661 =( LENGTH_UNIT ( ) NAMED_UNIT ( * ) SI_UNIT ( .MILLI., .METRE. ) );
#662 = CARTESIAN_POINT ( 'NONE',  ( -0.8749999999999997780, -0.5749999999999992895, -0.5100000000000000089 ) ) ;
#664 = ORIENTED_EDGE ( 'NONE', *, *, #479, .F. ) ;
#663 = MECHANICAL_DESIGN_GEOMETRIC_PRESENTATION_REPRESENTATION (  '', ( #1504 ), #3234 ) ;
#665 = ORIENTED_EDGE ( 'NONE', *, *, #1223, .F. ) ;
#666 = VECTOR ( 'NONE', #1946, 1000.000000000000000 ) ;
#667 = MECHANICAL_DESIGN_GEOMETRIC_PRESENTATION_REPRESENTATION (  '', ( #271 ), #739 ) ;
#668 = STYLED_ITEM ( 'NONE', ( #190 ), #2730 ) ;
#669 = EDGE_LOOP ( 'NONE', ( #1620, #3167, #1702, #783 ) ) ;
#670 = EDGE_CURVE ( 'NONE', #1872, #917, #3139, .T. ) ;
#671 = CARTESIAN_POINT ( 'NONE',  ( -0.8999999999999999112, -0.6999999999999999556, -0.3450000000000000289 ) ) ;
#672 = AXIS2_PLACEMENT_3D ( 'NONE', #812, #3767, #1525 ) ;
#673 = EDGE_LOOP ( 'NONE', ( #3257, #3876, #148, #1612, #3468 ) ) ;
#674 = CYLINDRICAL_SURFACE ( 'NONE', #387, 0.1000000000000000472 ) ;
#675 = EDGE_LOOP ( 'NONE', ( #2183, #3398, #4126, #4150, #1696, #2159, #711, #525 ) ) ;
#676 = EDGE_CURVE ( 'NONE', #1186, #4061, #2189, .T. ) ;
#677 = CARTESIAN_POINT ( 'NONE',  ( 1.167705098312484147, -0.07499999999999995559, -0.4200000000000000955 ) ) ;
#678 = COLOUR_RGB ( '',1.000000000000000000, 0.8235294117647058432, 0.2980392156862745057 ) ;
#679 = COLOUR_RGB ( '',0.7490196078431372584, 0.7490196078431372584, 0.7490196078431372584 ) ;
#680 = DIRECTION ( 'NONE',  ( -0.0000000000000000000, 0.0000000000000000000, -1.000000000000000000 ) ) ;
#681 = SHAPE_DEFINITION_REPRESENTATION ( #1404, #2929 ) ;
#682 = DIRECTION ( 'NONE',  ( 0.0000000000000000000, 1.000000000000000000, 0.0000000000000000000 ) ) ;
#683 = CARTESIAN_POINT ( 'NONE',  ( 0.7249999999999999778, 0.6750000000000000444, 0.0000000000000000000 ) ) ;
#684 = CYLINDRICAL_SURFACE ( 'NONE', #4006, 0.1499999999999999667 ) ;
#685 = PLANE ( 'NONE',  #3285 ) ;
#686 = EDGE_CURVE ( 'NONE', #2364, #3543, #2841, .T. ) ;
#687 = LINE ( 'NONE', #905, #3981 ) ;
#688 = EDGE_LOOP ( 'NONE', ( #1326, #960, #2221, #2542, #2045, #581 ) ) ;
#689 = COLOUR_RGB ( '',0.7490196078431372584, 0.7490196078431372584, 0.7490196078431372584 ) ;
#690 = DIRECTION ( 'NONE',  ( 0.0000000000000000000, -1.000000000000000000, 0.0000000000000000000 ) ) ;
#691 = VERTEX_POINT ( 'NONE', #3093 ) ;
#692 = FILL_AREA_STYLE ('',( #2646 ) ) ;
#693 = EDGE_LOOP ( 'NONE', ( #633, #103, #1514, #3001 ) ) ;
#694 = CARTESIAN_POINT ( 'NONE',  ( -0.2999999999999998779, -0.6999999999999999556, -0.4200000000000000955 ) ) ;
#695 = ORIENTED_EDGE ( 'NONE', *, *, #4125, .T. ) ;
#696 = LINE ( 'NONE', #3280, #1850 ) ;
#697 = SURFACE_STYLE_USAGE ( .BOTH. , #2629 ) ;
#698 = CARTESIAN_POINT ( 'NONE',  ( 0.7749999999999996891, -0.6750000000000000444, -0.5200000000000000178 ) ) ;
#699 = PRESENTATION_STYLE_ASSIGNMENT (( #2264 ) ) ;
#700 = CARTESIAN_POINT ( 'NONE',  ( 0.7249999999999999778, -0.5250000000000000222, 0.0000000000000000000 ) ) ;
#701 = CARTESIAN_POINT ( 'NONE',  ( -0.4500000000000000111, -0.6999999999999999556, -0.3450000000000000289 ) ) ;
#702 = EDGE_CURVE ( 'NONE', #3781, #421, #204, .T. ) ;
#703 = DIRECTION ( 'NONE',  ( 0.0000000000000000000, 1.000000000000000000, 0.0000000000000000000 ) ) ;
#704 = EDGE_LOOP ( 'NONE', ( #2743, #4159, #3824, #4084 ) ) ;
#705 = EDGE_CURVE ( 'NONE', #921, #3737, #3277, .T. ) ;
#706 = CARTESIAN_POINT ( 'NONE',  ( 0.3500000000000001443, -0.6999999999999999556, -0.4200000000000000955 ) ) ;
#707 = ORIENTED_EDGE ( 'NONE', *, *, #686, .F. ) ;
#708 = ORIENTED_EDGE ( 'NONE', *, *, #4125, .F. ) ;
#709 = FILL_AREA_STYLE_COLOUR ( '', #3220 ) ;
#710 =( NAMED_UNIT ( * ) SI_UNIT ( $, .STERADIAN. ) SOLID_ANGLE_UNIT ( ) );
#711 = ORIENTED_EDGE ( 'NONE', *, *, #1532, .T. ) ;
#712 = AXIS2_PLACEMENT_3D ( 'NONE', #2067, #466, #3337 ) ;
#713 = CARTESIAN_POINT ( 'NONE',  ( -0.02499999999999915831, 0.6750000000000000444, -0.5100000000000000089 ) ) ;
#714 = LINE ( 'NONE', #324, #1100 ) ;
#715 = DIRECTION ( 'NONE',  ( -1.000000000000000000, 0.0000000000000000000, 0.0000000000000000000 ) ) ;
#716 = UNCERTAINTY_MEASURE_WITH_UNIT (LENGTH_MEASURE( 1.000000000000000082E-05 ), #1927, 'distance_accuracy_value', 'NONE');
#717 = SURFACE_SIDE_STYLE ('',( #405 ) ) ;
#718 = CARTESIAN_POINT ( 'NONE',  ( -0.7749999999999991340, -0.6750000000000000444, -0.5200000000000000178 ) ) ;
#719 = VECTOR ( 'NONE', #1092, 1000.000000000000000 ) ;
#720 = CARTESIAN_POINT ( 'NONE',  ( 0.8750000000000003331, 0.5749999999999999556, -0.5200000000000000178 ) ) ;
#721 = LINE ( 'NONE', #44, #4144 ) ;
#722 = PRESENTATION_LAYER_ASSIGNMENT (  '', '', ( #2756 ) ) ;
#723 = DIRECTION ( 'NONE',  ( 0.0000000000000000000, -1.000000000000000000, 0.0000000000000000000 ) ) ;
#724 = FACE_BOUND ( 'NONE', #2680, .T. ) ;
#725 = VECTOR ( 'NONE', #4007, 1000.000000000000000 ) ;
#726 = ORIENTED_EDGE ( 'NONE', *, *, #3582, .T. ) ;
#727 = EDGE_CURVE ( 'NONE', #2545, #3334, #1032, .T. ) ;
#728 = AXIS2_PLACEMENT_3D ( 'NONE', #345, #3554, #1373 ) ;
#729 = AXIS2_PLACEMENT_3D ( 'NONE', #1937, #2625, #1956 ) ;
#730 = VECTOR ( 'NONE', #182, 1000.000000000000000 ) ;
#731 = VECTOR ( 'NONE', #232, 1000.000000000000000 ) ;
#732 = VERTEX_POINT ( 'NONE', #2624 ) ;
#733 = EDGE_CURVE ( 'NONE', #1369, #3231, #1606, .T. ) ;
#734 = SURFACE_STYLE_USAGE ( .BOTH. , #3620 ) ;
#735 = VECTOR ( 'NONE', #1204, 1000.000000000000000 ) ;
#736 = VERTEX_POINT ( 'NONE', #3868 ) ;
#737 = DIRECTION ( 'NONE',  ( -0.0000000000000000000, 0.0000000000000000000, -1.000000000000000000 ) ) ;
#738 = FILL_AREA_STYLE_COLOUR ( '', #3832 ) ;
#739 =( GEOMETRIC_REPRESENTATION_CONTEXT ( 3 ) GLOBAL_UNCERTAINTY_ASSIGNED_CONTEXT ( ( #604 ) ) GLOBAL_UNIT_ASSIGNED_CONTEXT ( ( #2258, #58, #2000 ) ) REPRESENTATION_CONTEXT ( 'NONE', 'WORKASPACE' ) );
#740 = ORIENTED_EDGE ( 'NONE', *, *, #1550, .T. ) ;
#741 = STYLED_ITEM ( 'NONE', ( #3535 ), #2788 ) ;
#742 = FILL_AREA_STYLE_COLOUR ( '', #2657 ) ;
#743 = PLANE ( 'NONE',  #472 ) ;
#744 = PLANE ( 'NONE',  #1097 ) ;
#745 = COLOUR_RGB ( '',1.000000000000000000, 0.8235294117647058432, 0.2980392156862745057 ) ;
#746 = SURFACE_STYLE_USAGE ( .BOTH. , #717 ) ;
#747 = DIRECTION ( 'NONE',  ( -0.0000000000000000000, 0.0000000000000000000, -1.000000000000000000 ) ) ;
#748 = DIRECTION ( 'NONE',  ( 2.168404344971008474E-15, 2.350988701644574140E-31, -1.000000000000000000 ) ) ;
#749 = CARTESIAN_POINT ( 'NONE',  ( 0.7249999999999999778, 0.5250000000000000222, -0.01000000000000002623 ) ) ;
#750 = FACE_OUTER_BOUND ( 'NONE', #3487, .T. ) ;
#751 = DIRECTION ( 'NONE',  ( 0.0000000000000000000, 0.0000000000000000000, 1.000000000000000000 ) ) ;
#752 =( NAMED_UNIT ( * ) PLANE_ANGLE_UNIT ( ) SI_UNIT ( $, .RADIAN. ) );
#753 = ORIENTED_EDGE ( 'NONE', *, *, #1701, .T. ) ;
#754 = UNCERTAINTY_MEASURE_WITH_UNIT (LENGTH_MEASURE( 1.000000000000000082E-05 ), #205, 'distance_accuracy_value', 'NONE');
#755 = FILL_AREA_STYLE ('',( #1737 ) ) ;
#756 = CARTESIAN_POINT ( 'NONE',  ( -0.4499999999999999001, -0.6999999999999999556, -0.4200000000000000955 ) ) ;
#757 = AXIS2_PLACEMENT_3D ( 'NONE', #47, #330, #3268 ) ;
#758 = ORIENTED_EDGE ( 'NONE', *, *, #3119, .T. ) ;
#759 = DIRECTION ( 'NONE',  ( 1.000000000000000000, 0.0000000000000000000, 0.0000000000000000000 ) ) ;
#760 = EDGE_CURVE ( 'NONE', #301, #437, #1643, .T. ) ;
#761 = ORIENTED_EDGE ( 'NONE', *, *, #172, .F. ) ;
#762 = SURFACE_SIDE_STYLE ('',( #2391 ) ) ;
#763 = DIRECTION ( 'NONE',  ( 0.0000000000000000000, 0.0000000000000000000, -1.000000000000000000 ) ) ;
#764 = ORIENTED_EDGE ( 'NONE', *, *, #994, .F. ) ;
#765 =( GEOMETRIC_REPRESENTATION_CONTEXT ( 3 ) GLOBAL_UNCERTAINTY_ASSIGNED_CONTEXT ( ( #3631 ) ) GLOBAL_UNIT_ASSIGNED_CONTEXT ( ( #3246, #657, #3266 ) ) REPRESENTATION_CONTEXT ( 'NONE', 'WORKASPACE' ) );
#766 = SURFACE_STYLE_USAGE ( .BOTH. , #3321 ) ;
#767 = LINE ( 'NONE', #2070, #2169 ) ;
#768 = CARTESIAN_POINT ( 'NONE',  ( -1.000000000000000000, -0.8000000000000001554, 0.0000000000000000000 ) ) ;
#769 = EDGE_CURVE ( 'NONE', #2789, #11, #2874, .T. ) ;
#770 = CARTESIAN_POINT ( 'NONE',  ( 0.9000000000000000222, 0.07499999999999999722, -0.4200000000000000400 ) ) ;
#771 = PLANE ( 'NONE',  #1146 ) ;
#772 = DIRECTION ( 'NONE',  ( -0.0000000000000000000, 0.0000000000000000000, -1.000000000000000000 ) ) ;
#773 = LINE ( 'NONE', #2092, #1777 ) ;
#774 = CARTESIAN_POINT ( 'NONE',  ( -0.7249999999999999778, 0.5250000000000000222, -0.01000000000000002623 ) ) ;
#775 = SURFACE_STYLE_USAGE ( .BOTH. , #452 ) ;
#776 = PRESENTATION_STYLE_ASSIGNMENT (( #2012 ) ) ;
#777 = ORIENTED_EDGE ( 'NONE', *, *, #155, .F. ) ;
#778 = VERTEX_POINT ( 'NONE', #694 ) ;
#779 = CLOSED_SHELL ( 'NONE', ( #3316, #3148, #1759, #1267, #880, #1364, #1725, #2812, #2853, #328 ) ) ;
#780 = ORIENTED_EDGE ( 'NONE', *, *, #1145, .F. ) ;
#781 =( LENGTH_UNIT ( ) NAMED_UNIT ( * ) SI_UNIT ( .MILLI., .METRE. ) );
#782 = DIRECTION ( 'NONE',  ( -2.356961244533708132E-17, 1.000000000000000000, 0.0000000000000000000 ) ) ;
#783 = ORIENTED_EDGE ( 'NONE', *, *, #3037, .T. ) ;
#784 = LINE ( 'NONE', #441, #2450 ) ;
#785 = SURFACE_STYLE_FILL_AREA ( #3980 ) ;
#786 = ADVANCED_FACE ( 'NONE', ( #4151 ), #3849, .T. ) ;
#787 = FILL_AREA_STYLE_COLOUR ( '', #3690 ) ;
#788 = PRESENTATION_STYLE_ASSIGNMENT (( #2113 ) ) ;
#789 = CARTESIAN_POINT ( 'NONE',  ( -0.02499999999999983485, -0.5749999999999999556, -0.5100000000000000089 ) ) ;
#790 = CARTESIAN_POINT ( 'NONE',  ( 0.1999999999999999556, -0.8000000000000000444, -0.3450000000000000289 ) ) ;
#791 = FILL_AREA_STYLE ('',( #1755 ) ) ;
#792 = VERTEX_POINT ( 'NONE', #2276 ) ;
#793 = VECTOR ( 'NONE', #1796, 1000.000000000000000 ) ;
#794 = UNCERTAINTY_MEASURE_WITH_UNIT (LENGTH_MEASURE( 1.000000000000000082E-05 ), #1283, 'distance_accuracy_value', 'NONE');
#795 =( LENGTH_UNIT ( ) NAMED_UNIT ( * ) SI_UNIT ( .MILLI., .METRE. ) );
#796 = AXIS2_PLACEMENT_3D ( 'NONE', #1393, #3325, #2987 ) ;
#797 = DIRECTION ( 'NONE',  ( 0.0000000000000000000, 1.000000000000000000, 0.0000000000000000000 ) ) ;
#798 = ORIENTED_EDGE ( 'NONE', *, *, #1577, .F. ) ;
#799 = CIRCLE ( 'NONE', #729, 0.1000000000000000472 ) ;
#800 = VECTOR ( 'NONE', #3872, 1000.000000000000000 ) ;
#801 =( GEOMETRIC_REPRESENTATION_CONTEXT ( 3 ) GLOBAL_UNCERTAINTY_ASSIGNED_CONTEXT ( ( #3121 ) ) GLOBAL_UNIT_ASSIGNED_CONTEXT ( ( #1004, #1050, #3934 ) ) REPRESENTATION_CONTEXT ( 'NONE', 'WORKASPACE' ) );
#802 =( NAMED_UNIT ( * ) PLANE_ANGLE_UNIT ( ) SI_UNIT ( $, .RADIAN. ) );
#803 = ORIENTED_EDGE ( 'NONE', *, *, #2065, .F. ) ;
#804 = EDGE_CURVE ( 'NONE', #1671, #568, #997, .T. ) ;
#805 = SURFACE_STYLE_USAGE ( .BOTH. , #762 ) ;
#806 = DIRECTION ( 'NONE',  ( 0.0000000000000000000, 0.0000000000000000000, -1.000000000000000000 ) ) ;
#807 = ORIENTED_EDGE ( 'NONE', *, *, #2937, .T. ) ;
#808 = FILL_AREA_STYLE ('',( #198 ) ) ;
#809 = DIRECTION ( 'NONE',  ( 0.0000000000000000000, 0.0000000000000000000, 1.000000000000000000 ) ) ;
#810 = AXIS2_PLACEMENT_3D ( 'NONE', #3082, #193, #3760 ) ;
#811 = VECTOR ( 'NONE', #311, 1000.000000000000000 ) ;
#812 = CARTESIAN_POINT ( 'NONE',  ( -0.7749999999999991340, 0.6750000000000000444, -0.5200000000000000178 ) ) ;
#813 = AXIS2_PLACEMENT_3D ( 'NONE', #3744, #2799, #3827 ) ;
#814 = VECTOR ( 'NONE', #830, 1000.000000000000000 ) ;
#815 = FACE_OUTER_BOUND ( 'NONE', #1498, .T. ) ;
#816 = PLANE ( 'NONE',  #3775 ) ;
#817 = DIRECTION ( 'NONE',  ( 1.000000000000000000, 0.0000000000000000000, 0.0000000000000000000 ) ) ;
#818 = EDGE_CURVE ( 'NONE', #1090, #2319, #1981, .T. ) ;
#819 = PLANE ( 'NONE',  #3380 ) ;
#820 = VECTOR ( 'NONE', #2286, 1000.000000000000000 ) ;
#821 = SURFACE_STYLE_USAGE ( .BOTH. , #3750 ) ;
#822 = MECHANICAL_DESIGN_GEOMETRIC_PRESENTATION_REPRESENTATION (  '', ( #1443 ), #2442 ) ;
#823 = ADVANCED_FACE ( 'NONE', ( #2859 ), #3908, .F. ) ;
#824 =( LENGTH_UNIT ( ) NAMED_UNIT ( * ) SI_UNIT ( .MILLI., .METRE. ) );
#825 = DIRECTION ( 'NONE',  ( -0.0000000000000000000, 1.000000000000000000, 0.0000000000000000000 ) ) ;
#826 = ORIENTED_EDGE ( 'NONE', *, *, #364, .T. ) ;
#827 = VECTOR ( 'NONE', #3699, 1000.000000000000000 ) ;
#828 = VECTOR ( 'NONE', #903, 1000.000000000000000 ) ;
#829 = ADVANCED_FACE ( 'NONE', ( #2587 ), #3236, .F. ) ;
#830 = DIRECTION ( 'NONE',  ( 1.000000000000000000, 0.0000000000000000000, 0.0000000000000000000 ) ) ;
#831 = CARTESIAN_POINT ( 'NONE',  ( -1.000000000000000000, -0.8000000000000001554, -0.09999999999999999167 ) ) ;
#832 = ORIENTED_EDGE ( 'NONE', *, *, #3677, .F. ) ;
#833 = CARTESIAN_POINT ( 'NONE',  ( 0.8749999999999997780, 0.5250000000000000222, -0.01000000000000002623 ) ) ;
#834 = ORIENTED_EDGE ( 'NONE', *, *, #1132, .F. ) ;
#835 =( NAMED_UNIT ( * ) SI_UNIT ( $, .STERADIAN. ) SOLID_ANGLE_UNIT ( ) );
#836 = CARTESIAN_POINT ( 'NONE',  ( -0.7749999999999991340, 0.6750000000000000444, -0.5200000000000000178 ) ) ;
#837 = ORIENTED_EDGE ( 'NONE', *, *, #3541, .T. ) ;
#838 =( NAMED_UNIT ( * ) PLANE_ANGLE_UNIT ( ) SI_UNIT ( $, .RADIAN. ) );
#839 = DIRECTION ( 'NONE',  ( 1.807003620809174878E-16, 0.0000000000000000000, 1.000000000000000000 ) ) ;
#840 =( LENGTH_UNIT ( ) NAMED_UNIT ( * ) SI_UNIT ( .MILLI., .METRE. ) );
#841 = AXIS2_PLACEMENT_3D ( 'NONE', #514, #1191, #3453 ) ;
#842 = LINE ( 'NONE', #861, #294 ) ;
#843 = CARTESIAN_POINT ( 'NONE',  ( -0.7249999999999999778, 0.6750000000000000444, -0.01000000000000002623 ) ) ;
#844 = PRESENTATION_STYLE_ASSIGNMENT (( #2492 ) ) ;
#845 = CARTESIAN_POINT ( 'NONE',  ( -0.8749999999999998890, 0.5250000000000000222, 0.0000000000000000000 ) ) ;
#846 = VECTOR ( 'NONE', #2338, 1000.000000000000000 ) ;
#847 = CYLINDRICAL_SURFACE ( 'NONE', #3525, 0.1000000000000000472 ) ;
#848 = LINE ( 'NONE', #481, #2826 ) ;
#849 = ORIENTED_EDGE ( 'NONE', *, *, #2598, .T. ) ;
#850 = EDGE_CURVE ( 'NONE', #641, #921, #583, .T. ) ;
#851 = DIRECTION ( 'NONE',  ( 0.0000000000000000000, 0.0000000000000000000, 1.000000000000000000 ) ) ;
#852 = EDGE_LOOP ( 'NONE', ( #2339, #993, #3801, #2410 ) ) ;
#853 = PLANE ( 'NONE',  #2537 ) ;
#854 = ADVANCED_FACE ( 'NONE', ( #2002 ), #1675, .T. ) ;
#855 = VERTEX_POINT ( 'NONE', #3625 ) ;
#856 = PLANE ( 'NONE',  #1613 ) ;
#857 = ORIENTED_EDGE ( 'NONE', *, *, #431, .T. ) ;
#858 = DIRECTION ( 'NONE',  ( 0.0000000000000000000, -5.421010862427524142E-16, 1.000000000000000000 ) ) ;
#859 = PRESENTATION_STYLE_ASSIGNMENT (( #3176 ) ) ;
#860 =( NAMED_UNIT ( * ) PLANE_ANGLE_UNIT ( ) SI_UNIT ( $, .RADIAN. ) );
#861 = CARTESIAN_POINT ( 'NONE',  ( 0.8750000000000003331, -0.5749999999999992895, -0.5200000000000000178 ) ) ;
#862 = PLANE ( 'NONE',  #4116 ) ;
#863 = CARTESIAN_POINT ( 'NONE',  ( 1.000000000000000000, 0.07499999999999999722, -0.3450000000000000289 ) ) ;
#864 = FACE_OUTER_BOUND ( 'NONE', #4127, .T. ) ;
#865 =( NAMED_UNIT ( * ) PLANE_ANGLE_UNIT ( ) SI_UNIT ( $, .RADIAN. ) );
#866 = DIRECTION ( 'NONE',  ( 0.0000000000000000000, -3.614007241618348278E-16, 1.000000000000000000 ) ) ;
#867 = CARTESIAN_POINT ( 'NONE',  ( -0.7249999999999999778, -0.6750000000000000444, 0.0000000000000000000 ) ) ;
#868 = VECTOR ( 'NONE', #1540, 1000.000000000000000 ) ;
#869 = EDGE_LOOP ( 'NONE', ( #3997, #1858, #274, #643 ) ) ;
#870 = COLOUR_RGB ( '',1.000000000000000000, 0.8235294117647058432, 0.2980392156862745057 ) ;
#871 = CARTESIAN_POINT ( 'NONE',  ( -0.7499999999999998890, -0.9677050983124845240, -0.3450000000000000844 ) ) ;
#872 = ADVANCED_FACE ( 'NONE', ( #2107 ), #1367, .F. ) ;
#873 = ORIENTED_EDGE ( 'NONE', *, *, #4149, .F. ) ;
#874 = PRESENTATION_STYLE_ASSIGNMENT (( #4085 ) ) ;
#875 = PRESENTATION_LAYER_ASSIGNMENT (  '', '', ( #1494 ) ) ;
#876 = DIRECTION ( 'NONE',  ( 0.0000000000000000000, 0.0000000000000000000, -1.000000000000000000 ) ) ;
#877 = VERTEX_POINT ( 'NONE', #3930 ) ;
#878 = FACE_OUTER_BOUND ( 'NONE', #704, .T. ) ;
#879 = CARTESIAN_POINT ( 'NONE',  ( -0.8999999999999999112, -0.6999999999999999556, -0.3450000000000000289 ) ) ;
#880 = ADVANCED_FACE ( 'NONE', ( #1459 ), #1091, .T. ) ;
#881 = EDGE_LOOP ( 'NONE', ( #2126, #1268, #1208, #3756 ) ) ;
#882 = CARTESIAN_POINT ( 'NONE',  ( -0.2999999999999998779, -0.8000000000000001554, -0.4200000000000000955 ) ) ;
#883 = COLOUR_RGB ( '',0.7921568627450980005, 0.8196078431372548767, 0.9333333333333333481 ) ;
#884 = UNCERTAINTY_MEASURE_WITH_UNIT (LENGTH_MEASURE( 1.000000000000000082E-05 ), #3491, 'distance_accuracy_value', 'NONE');
#885 = DIRECTION ( 'NONE',  ( 1.000000000000000000, 1.084202172485504434E-16, 0.0000000000000000000 ) ) ;
#886 = DIRECTION ( 'NONE',  ( 0.0000000000000000000, 1.000000000000000000, -0.0000000000000000000 ) ) ;
#887 = EDGE_CURVE ( 'NONE', #4069, #1178, #450, .T. ) ;
#888 = MECHANICAL_DESIGN_GEOMETRIC_PRESENTATION_REPRESENTATION (  '', ( #2034 ), #2893 ) ;
#889 = DIRECTION ( 'NONE',  ( 0.0000000000000000000, 1.000000000000000000, 0.0000000000000000000 ) ) ;
#890 = SURFACE_STYLE_USAGE ( .BOTH. , #1594 ) ;
#891 = CYLINDRICAL_SURFACE ( 'NONE', #3847, 0.1000000000000000472 ) ;
#892 = STYLED_ITEM ( 'NONE', ( #1471 ), #2611 ) ;
#893 = DIRECTION ( 'NONE',  ( -0.0000000000000000000, 0.0000000000000000000, -1.000000000000000000 ) ) ;
#894 = VECTOR ( 'NONE', #3240, 1000.000000000000000 ) ;
#895 = VERTEX_POINT ( 'NONE', #1742 ) ;
#896 = VERTEX_POINT ( 'NONE', #4000 ) ;
#897 = ORIENTED_EDGE ( 'NONE', *, *, #4138, .T. ) ;
#898 =( LENGTH_UNIT ( ) NAMED_UNIT ( * ) SI_UNIT ( .MILLI., .METRE. ) );
#899 = VERTEX_POINT ( 'NONE', #1113 ) ;
#900 = LINE ( 'NONE', #936, #4171 ) ;
#901 = FACE_OUTER_BOUND ( 'NONE', #98, .T. ) ;
#902 = EDGE_CURVE ( 'NONE', #3131, #2369, #1768, .T. ) ;
#903 = DIRECTION ( 'NONE',  ( 0.0000000000000000000, -1.000000000000000000, 0.0000000000000000000 ) ) ;
#904 = CARTESIAN_POINT ( 'NONE',  ( 0.3499999999999999223, -0.6999999999999999556, -0.3450000000000000844 ) ) ;
#905 = CARTESIAN_POINT ( 'NONE',  ( 0.8749999999999998890, -0.5250000000000000222, 0.0000000000000000000 ) ) ;
#906 = PLANE ( 'NONE',  #3717 ) ;
#907 = SURFACE_STYLE_USAGE ( .BOTH. , #267 ) ;
#908 = EDGE_CURVE ( 'NONE', #2433, #2342, #1067, .T. ) ;
#909 =( GEOMETRIC_REPRESENTATION_CONTEXT ( 3 ) GLOBAL_UNCERTAINTY_ASSIGNED_CONTEXT ( ( #716 ) ) GLOBAL_UNIT_ASSIGNED_CONTEXT ( ( #1927, #3222, #2636 ) ) REPRESENTATION_CONTEXT ( 'NONE', 'WORKASPACE' ) );
#910 = EDGE_LOOP ( 'NONE', ( #1334, #665, #1523, #2938 ) ) ;
#911 = VECTOR ( 'NONE', #2481, 1000.000000000000000 ) ;
#912 = UNCERTAINTY_MEASURE_WITH_UNIT (LENGTH_MEASURE( 1.000000000000000082E-05 ), #1764, 'distance_accuracy_value', 'NONE');
#913 = VERTEX_POINT ( 'NONE', #4131 ) ;
#914 = ORIENTED_EDGE ( 'NONE', *, *, #2926, .T. ) ;
#915 = LINE ( 'NONE', #1581, #2250 ) ;
#916 = CARTESIAN_POINT ( 'NONE',  ( -0.4499999999999997891, -0.8000000000000000444, -0.4200000000000000955 ) ) ;
#917 = VERTEX_POINT ( 'NONE', #259 ) ;
#918 = FILL_AREA_STYLE ('',( #556 ) ) ;
#919 = ORIENTED_EDGE ( 'NONE', *, *, #1172, .T. ) ;
#920 = LINE ( 'NONE', #4072, #603 ) ;
#921 = VERTEX_POINT ( 'NONE', #1478 ) ;
#922 = PLANE ( 'NONE',  #3315 ) ;
#923 = FACE_OUTER_BOUND ( 'NONE', #1794, .T. ) ;
#924 = EDGE_CURVE ( 'NONE', #2829, #3200, #3786, .T. ) ;
#925 = SURFACE_STYLE_USAGE ( .BOTH. , #3142 ) ;
#926 = LINE ( 'NONE', #3182, #480 ) ;
#927 = FILL_AREA_STYLE ('',( #2845 ) ) ;
#928 = DIRECTION ( 'NONE',  ( 0.0000000000000000000, 0.0000000000000000000, 1.000000000000000000 ) ) ;
#929 = EDGE_CURVE ( 'NONE', #921, #360, #555, .T. ) ;
#930 = DIRECTION ( 'NONE',  ( 0.0000000000000000000, -1.000000000000000000, 0.0000000000000000000 ) ) ;
#931 = EDGE_LOOP ( 'NONE', ( #1713, #1062, #3886 ) ) ;
#932 = FILL_AREA_STYLE_COLOUR ( '', #297 ) ;
#933 = SURFACE_SIDE_STYLE ('',( #1263 ) ) ;
#934 =( GEOMETRIC_REPRESENTATION_CONTEXT ( 3 ) GLOBAL_UNCERTAINTY_ASSIGNED_CONTEXT ( ( #1150 ) ) GLOBAL_UNIT_ASSIGNED_CONTEXT ( ( #1161, #2412, #2734 ) ) REPRESENTATION_CONTEXT ( 'NONE', 'WORKASPACE' ) );
#935 = ORIENTED_EDGE ( 'NONE', *, *, #646, .F. ) ;
#936 = CARTESIAN_POINT ( 'NONE',  ( -0.8749999999999998890, 0.5250000000000000222, -0.01000000000000002623 ) ) ;
#937 = ORIENTED_EDGE ( 'NONE', *, *, #2747, .F. ) ;
#938 = FILL_AREA_STYLE ('',( #3766 ) ) ;
#939 = VECTOR ( 'NONE', #3021, 1000.000000000000000 ) ;
#940 = ORIENTED_EDGE ( 'NONE', *, *, #3203, .F. ) ;
#941 = SURFACE_STYLE_USAGE ( .BOTH. , #320 ) ;
#942 = DIRECTION ( 'NONE',  ( 0.0000000000000000000, -1.000000000000000000, 0.0000000000000000000 ) ) ;
#943 = AXIS2_PLACEMENT_3D ( 'NONE', #2062, #3689, #797 ) ;
#944 = SURFACE_STYLE_FILL_AREA ( #2805 ) ;
#945 = UNCERTAINTY_MEASURE_WITH_UNIT (LENGTH_MEASURE( 1.000000000000000082E-05 ), #2236, 'distance_accuracy_value', 'NONE');
#946 = VECTOR ( 'NONE', #397, 1000.000000000000000 ) ;
#947 = EDGE_CURVE ( 'NONE', #2915, #2484, #1160, .T. ) ;
#948 = AXIS2_PLACEMENT_3D ( 'NONE', #365, #3854, #968 ) ;
#949 = CARTESIAN_POINT ( 'NONE',  ( -0.7499999999999998890, -0.6999999999999999556, -0.3450000000000000844 ) ) ;
#950 = PLANE ( 'NONE',  #2187 ) ;
#951 = PRESENTATION_LAYER_ASSIGNMENT (  '', '', ( #2284 ) ) ;
#952 = CIRCLE ( 'NONE', #2766, 0.1000000000000000472 ) ;
#953 = EDGE_CURVE ( 'NONE', #3231, #215, #2749, .T. ) ;
#954 = VECTOR ( 'NONE', #317, 1000.000000000000000 ) ;
#955 = DIRECTION ( 'NONE',  ( 0.0000000000000000000, 0.0000000000000000000, -1.000000000000000000 ) ) ;
#956 = VERTEX_POINT ( 'NONE', #3741 ) ;
#957 = AXIS2_PLACEMENT_3D ( 'NONE', #1683, #382, #2311 ) ;
#958 = ADVANCED_FACE ( 'NONE', ( #3383 ), #4107, .F. ) ;
#959 = ORIENTED_EDGE ( 'NONE', *, *, #2328, .T. ) ;
#960 = ORIENTED_EDGE ( 'NONE', *, *, #87, .F. ) ;
#961 = LINE ( 'NONE', #4179, #2769 ) ;
#962 = AXIS2_PLACEMENT_3D ( 'NONE', #2394, #3675, #1163 ) ;
#963 = EDGE_LOOP ( 'NONE', ( #1977, #507, #1554, #3276 ) ) ;
#964 = CARTESIAN_POINT ( 'NONE',  ( -0.7749999999999998002, 0.5749999999999999556, -0.5200000000000000178 ) ) ;
#965 = DIRECTION ( 'NONE',  ( -1.000000000000000000, -0.0000000000000000000, -2.891205793294680594E-15 ) ) ;
#966 =( NAMED_UNIT ( * ) SI_UNIT ( $, .STERADIAN. ) SOLID_ANGLE_UNIT ( ) );
#967 = CARTESIAN_POINT ( 'NONE',  ( 1.000000000000000000, 0.7999999999999999334, 0.0000000000000000000 ) ) ;
#968 = DIRECTION ( 'NONE',  ( 0.0000000000000000000, 1.000000000000000000, 0.0000000000000000000 ) ) ;
#969 = AXIS2_PLACEMENT_3D ( 'NONE', #1712, #2992, #639 ) ;
#970 = FILL_AREA_STYLE ('',( #1634 ) ) ;
#971 = AXIS2_PLACEMENT_3D ( 'NONE', #3635, #2009, #2925 ) ;
#972 = EDGE_CURVE ( 'NONE', #2185, #2465, #3066, .T. ) ;
#973 = FACE_OUTER_BOUND ( 'NONE', #1947, .T. ) ;
#974 = ORIENTED_EDGE ( 'NONE', *, *, #850, .T. ) ;
#975 = EDGE_CURVE ( 'NONE', #1426, #792, #1610, .T. ) ;
#976 = MECHANICAL_DESIGN_GEOMETRIC_PRESENTATION_REPRESENTATION (  '', ( #2252 ), #2852 ) ;
#977 = DIRECTION ( 'NONE',  ( 0.0000000000000000000, 0.0000000000000000000, 1.000000000000000000 ) ) ;
#978 = ORIENTED_EDGE ( 'NONE', *, *, #705, .T. ) ;
#979 = EDGE_CURVE ( 'NONE', #3569, #1918, #2509, .T. ) ;
#980 = CARTESIAN_POINT ( 'NONE',  ( 0.1999999999999999556, -0.6999999999999999556, -0.3450000000000000289 ) ) ;
#981 = ORIENTED_EDGE ( 'NONE', *, *, #1708, .F. ) ;
#982 = CARTESIAN_POINT ( 'NONE',  ( 0.3499999999999999223, -0.6999999999999999556, -0.3450000000000000844 ) ) ;
#983 = DIRECTION ( 'NONE',  ( 1.000000000000000000, 0.0000000000000000000, 0.0000000000000000000 ) ) ;
#984 = FILL_AREA_STYLE ('',( #2670 ) ) ;
#985 = CARTESIAN_POINT ( 'NONE',  ( -1.000000000000000000, -0.8000000000000001554, 0.0000000000000000000 ) ) ;
#986 =( NAMED_UNIT ( * ) SI_UNIT ( $, .STERADIAN. ) SOLID_ANGLE_UNIT ( ) );
#987 = MANIFOLD_SOLID_BREP ( 'Boss-Extrude5[2]', #3751 ) ;
#988 = PLANE ( 'NONE',  #2889 ) ;
#989 = DIRECTION ( 'NONE',  ( 0.0000000000000000000, 0.0000000000000000000, -1.000000000000000000 ) ) ;
#990 = EDGE_CURVE ( 'NONE', #855, #1872, #3809, .T. ) ;
#991 = SURFACE_STYLE_FILL_AREA ( #970 ) ;
#992 = DIRECTION ( 'NONE',  ( 0.0000000000000000000, 0.0000000000000000000, -1.000000000000000000 ) ) ;
#993 = ORIENTED_EDGE ( 'NONE', *, *, #1961, .F. ) ;
#994 = EDGE_CURVE ( 'NONE', #3972, #1642, #2772, .T. ) ;
#995 = FILL_AREA_STYLE ('',( #2954 ) ) ;
#996 = EDGE_LOOP ( 'NONE', ( #664, #237, #3198, #1162 ) ) ;
#997 = CIRCLE ( 'NONE', #2818, 0.1000000000000000472 ) ;
#998 = LINE ( 'NONE', #2563, #3241 ) ;
#999 = ADVANCED_FACE ( 'NONE', ( #878 ), #856, .F. ) ;
#1000 = ORIENTED_EDGE ( 'NONE', *, *, #1869, .F. ) ;
#1001 = DIRECTION ( 'NONE',  ( -0.0000000000000000000, 0.0000000000000000000, -1.000000000000000000 ) ) ;
#1002 = CARTESIAN_POINT ( 'NONE',  ( -0.7249999999999999778, 0.6750000000000000444, 0.0000000000000000000 ) ) ;
#1003 = ORIENTED_EDGE ( 'NONE', *, *, #3839, .F. ) ;
#1004 =( LENGTH_UNIT ( ) NAMED_UNIT ( * ) SI_UNIT ( .MILLI., .METRE. ) );
#1005 = FILL_AREA_STYLE_COLOUR ( '', #407 ) ;
#1006 = MECHANICAL_DESIGN_GEOMETRIC_PRESENTATION_REPRESENTATION (  '', ( #456 ), #3703 ) ;
#1007 = CARTESIAN_POINT ( 'NONE',  ( -0.1249999999999998335, -0.5749999999999992895, -0.5100000000000000089 ) ) ;
#1008 = EDGE_CURVE ( 'NONE', #2278, #3923, #3112, .T. ) ;
#1009 = SURFACE_STYLE_FILL_AREA ( #1350 ) ;
#1010 = SURFACE_STYLE_FILL_AREA ( #20 ) ;
#1011 = CARTESIAN_POINT ( 'NONE',  ( -0.7749999999999991340, 0.6750000000000000444, -0.5200000000000000178 ) ) ;
#1012 = SURFACE_SIDE_STYLE ('',( #3505 ) ) ;
#1013 = CIRCLE ( 'NONE', #42, 0.1000000000000000472 ) ;
#1014 = AXIS2_PLACEMENT_3D ( 'NONE', #1121, #1074, #3702 ) ;
#1015 = SURFACE_STYLE_USAGE ( .BOTH. , #2266 ) ;
#1017 = PLANE ( 'NONE',  #577 ) ;
#1016 = COLOUR_RGB ( '',0.7490196078431372584, 0.7490196078431372584, 0.7490196078431372584 ) ;
#1018 = EDGE_LOOP ( 'NONE', ( #3911, #3858, #3449, #2454 ) ) ;
#1019 = VECTOR ( 'NONE', #2150, 1000.000000000000000 ) ;
#1020 = AXIS2_PLACEMENT_3D ( 'NONE', #2737, #442, #3722 ) ;
#1021 = PRESENTATION_LAYER_ASSIGNMENT (  '', '', ( #668 ) ) ;
#1022 = ORIENTED_EDGE ( 'NONE', *, *, #3582, .F. ) ;
#1023 = DIRECTION ( 'NONE',  ( 0.0000000000000000000, 0.0000000000000000000, 1.000000000000000000 ) ) ;
#1024 = PRESENTATION_LAYER_ASSIGNMENT (  '', '', ( #1851 ) ) ;
#1025 = ORIENTED_EDGE ( 'NONE', *, *, #155, .T. ) ;
#1026 = CARTESIAN_POINT ( 'NONE',  ( 0.7750000000000002442, 0.5749999999999999556, -0.5100000000000000089 ) ) ;
#1027 = PRESENTATION_STYLE_ASSIGNMENT (( #1368 ) ) ;
#1028 = VERTEX_POINT ( 'NONE', #2815 ) ;
#1029 = DIRECTION ( 'NONE',  ( 0.0000000000000000000, 0.0000000000000000000, 1.000000000000000000 ) ) ;
#1030 = CARTESIAN_POINT ( 'NONE',  ( 1.000000000000000000, -0.7999999999999999334, 0.0000000000000000000 ) ) ;
#1031 = ADVANCED_FACE ( 'NONE', ( #3447 ), #2330, .T. ) ;
#1032 = CIRCLE ( 'NONE', #3386, 0.1499999999999999667 ) ;
#1033 = MANIFOLD_SOLID_BREP ( 'Boss-Extrude2[1]', #102 ) ;
#1034 = DIRECTION ( 'NONE',  ( 1.000000000000000000, 0.0000000000000000000, 0.0000000000000000000 ) ) ;
#1035 = SURFACE_STYLE_USAGE ( .BOTH. , #1351 ) ;
#1036 = ADVANCED_FACE ( 'NONE', ( #1665 ), #1377, .F. ) ;
#1037 = CARTESIAN_POINT ( 'NONE',  ( -0.7499999999999998890, -0.8000000000000001554, -0.3450000000000000844 ) ) ;
#1038 = DIRECTION ( 'NONE',  ( -1.000000000000000000, 0.0000000000000000000, 0.0000000000000000000 ) ) ;
#1039 = CARTESIAN_POINT ( 'NONE',  ( -0.7749999999999998002, 0.5749999999999999556, -0.5200000000000000178 ) ) ;
#1040 = ORIENTED_EDGE ( 'NONE', *, *, #1841, .F. ) ;
#1041 = AXIS2_PLACEMENT_3D ( 'NONE', #3396, #115, #2094 ) ;
#1042 = PRESENTATION_LAYER_ASSIGNMENT (  '', '', ( #2791 ) ) ;
#1043 = DIRECTION ( 'NONE',  ( 1.000000000000000000, 0.0000000000000000000, 0.0000000000000000000 ) ) ;
#1044 = DIRECTION ( 'NONE',  ( -0.0000000000000000000, 0.0000000000000000000, -1.000000000000000000 ) ) ;
#1045 = VECTOR ( 'NONE', #759, 1000.000000000000000 ) ;
#1046 = ORIENTED_EDGE ( 'NONE', *, *, #3671, .F. ) ;
#1047 = FILL_AREA_STYLE ('',( #709 ) ) ;
#1048 = CARTESIAN_POINT ( 'NONE',  ( -0.7249999999999999778, -0.6750000000000000444, -0.01000000000000002623 ) ) ;
#1049 = ORIENTED_EDGE ( 'NONE', *, *, #676, .T. ) ;
#1050 =( NAMED_UNIT ( * ) PLANE_ANGLE_UNIT ( ) SI_UNIT ( $, .RADIAN. ) );
#1051 = SURFACE_STYLE_FILL_AREA ( #1625 ) ;
#1052 = DIRECTION ( 'NONE',  ( -0.0000000000000000000, 0.0000000000000000000, -1.000000000000000000 ) ) ;
#1053 = FACE_OUTER_BOUND ( 'NONE', #3287, .T. ) ;
#1054 = ADVANCED_FACE ( 'NONE', ( #2928 ), #685, .F. ) ;
#1055 = LINE ( 'NONE', #3304, #2575 ) ;
#1056 = CARTESIAN_POINT ( 'NONE',  ( -0.02499999999999984873, 0.5749999999999999556, -0.5100000000000000089 ) ) ;
#1057 = SURFACE_STYLE_FILL_AREA ( #2907 ) ;
#1058 = SURFACE_STYLE_USAGE ( .BOTH. , #3945 ) ;
#1059 = DIRECTION ( 'NONE',  ( 0.0000000000000000000, -1.000000000000000000, -0.0000000000000000000 ) ) ;
#1060 = VERTEX_POINT ( 'NONE', #1103 ) ;
#1061 = PLANE ( 'NONE',  #4060 ) ;
#1062 = ORIENTED_EDGE ( 'NONE', *, *, #3197, .T. ) ;
#1063 = LINE ( 'NONE', #3335, #3734 ) ;
#1064 = EDGE_LOOP ( 'NONE', ( #2867, #1046, #3047, #3955 ) ) ;
#1065 =( NAMED_UNIT ( * ) SI_UNIT ( $, .STERADIAN. ) SOLID_ANGLE_UNIT ( ) );
#1066 = ORIENTED_EDGE ( 'NONE', *, *, #2902, .F. ) ;
#1067 = CIRCLE ( 'NONE', #1945, 0.1000000000000000472 ) ;
#1068 = PRESENTATION_STYLE_ASSIGNMENT (( #3159 ) ) ;
#1069 = CARTESIAN_POINT ( 'NONE',  ( -0.4500000000000000111, -0.6999999999999999556, -0.3450000000000000289 ) ) ;
#1070 = PLANE ( 'NONE',  #2705 ) ;
#1071 = STYLED_ITEM ( 'NONE', ( #2291 ), #1033 ) ;
#1072 = DIRECTION ( 'NONE',  ( -1.000000000000000000, 0.0000000000000000000, 0.0000000000000000000 ) ) ;
#1073 = CARTESIAN_POINT ( 'NONE',  ( 0.8749999999999998890, 0.5250000000000000222, 0.0000000000000000000 ) ) ;
#1074 = DIRECTION ( 'NONE',  ( -0.0000000000000000000, 0.0000000000000000000, -1.000000000000000000 ) ) ;
#1075 = LINE ( 'NONE', #2609, #2290 ) ;
#1076 = DIRECTION ( 'NONE',  ( -1.807003620809174878E-16, 0.0000000000000000000, 1.000000000000000000 ) ) ;
#1077 = COLOUR_RGB ( '',0.7490196078431372584, 0.7490196078431372584, 0.7490196078431372584 ) ;
#1078 = LINE ( 'NONE', #2424, #3394 ) ;
#1079 =( LENGTH_UNIT ( ) NAMED_UNIT ( * ) SI_UNIT ( .MILLI., .METRE. ) );
#1080 = FILL_AREA_STYLE ('',( #3965 ) ) ;
#1081 =( GEOMETRIC_REPRESENTATION_CONTEXT ( 3 ) GLOBAL_UNCERTAINTY_ASSIGNED_CONTEXT ( ( #4092 ) ) GLOBAL_UNIT_ASSIGNED_CONTEXT ( ( #1079, #1423, #212 ) ) REPRESENTATION_CONTEXT ( 'NONE', 'WORKASPACE' ) );
#1082 = ORIENTED_EDGE ( 'NONE', *, *, #3212, .F. ) ;
#1083 = ADVANCED_FACE ( 'NONE', ( #2057 ), #1125, .F. ) ;
#1084 = CARTESIAN_POINT ( 'NONE',  ( -1.000000000000000000, -0.6500000000000001332, 0.0000000000000000000 ) ) ;
#1085 = AXIS2_PLACEMENT_3D ( 'NONE', #2483, #2794, #2105 ) ;
#1086 = PLANE ( 'NONE',  #1349 ) ;
#1087 = ORIENTED_EDGE ( 'NONE', *, *, #95, .F. ) ;
#1088 = ADVANCED_FACE ( 'NONE', ( #1176, #3350, #2699 ), #2402, .F. ) ;
#1089 = VECTOR ( 'NONE', #2878, 1000.000000000000000 ) ;
#1090 = VERTEX_POINT ( 'NONE', #2382 ) ;
#1091 = CYLINDRICAL_SURFACE ( 'NONE', #3759, 0.1000000000000000472 ) ;
#1092 = DIRECTION ( 'NONE',  ( 0.0000000000000000000, 0.0000000000000000000, 1.000000000000000000 ) ) ;
#1093 = ORIENTED_EDGE ( 'NONE', *, *, #3641, .F. ) ;
#1094 = STYLED_ITEM ( 'NONE', ( #89 ), #2853 ) ;
#1095 = LINE ( 'NONE', #1816, #2241 ) ;
#1096 = FACE_OUTER_BOUND ( 'NONE', #1583, .T. ) ;
#1097 = AXIS2_PLACEMENT_3D ( 'NONE', #1348, #3300, #2966 ) ;
#1098 = LINE ( 'NONE', #162, #1225 ) ;
#1099 = DIRECTION ( 'NONE',  ( 1.000000000000000000, 0.0000000000000000000, 0.0000000000000000000 ) ) ;
#1100 = VECTOR ( 'NONE', #2918, 1000.000000000000000 ) ;
#1101 = CARTESIAN_POINT ( 'NONE',  ( 0.1999999999999999556, -0.6999999999999999556, -0.3450000000000000289 ) ) ;
#1102 = FACE_OUTER_BOUND ( 'NONE', #1344, .T. ) ;
#1103 = CARTESIAN_POINT ( 'NONE',  ( -0.02499999999999914096, -0.6750000000000000444, -0.5200000000000000178 ) ) ;
#1104 = DIRECTION ( 'NONE',  ( 0.0000000000000000000, 1.000000000000000000, 3.614007241618348278E-16 ) ) ;
#1105 = VERTEX_POINT ( 'NONE', #147 ) ;
#1106 = UNCERTAINTY_MEASURE_WITH_UNIT (LENGTH_MEASURE( 1.000000000000000082E-05 ), #3062, 'distance_accuracy_value', 'NONE');
#1107 = CARTESIAN_POINT ( 'NONE',  ( -0.7499999999999998890, -0.9677050983124845240, -0.4200000000000000955 ) ) ;
#1108 = CIRCLE ( 'NONE', #1375, 0.1499999999999999667 ) ;
#1109 = EDGE_CURVE ( 'NONE', #360, #896, #1147, .T. ) ;
#1110 = ORIENTED_EDGE ( 'NONE', *, *, #1731, .F. ) ;
#1111 = FACE_OUTER_BOUND ( 'NONE', #191, .T. ) ;
#1112 = ORIENTED_EDGE ( 'NONE', *, *, #283, .T. ) ;
#1113 = CARTESIAN_POINT ( 'NONE',  ( 0.7249999999999999778, -0.6750000000000000444, -0.01000000000000002623 ) ) ;
#1114 = CARTESIAN_POINT ( 'NONE',  ( -0.02499999999999984873, 0.5749999999999999556, -0.5200000000000000178 ) ) ;
#1115 = EDGE_CURVE ( 'NONE', #2372, #421, #2723, .T. ) ;
#1116 = EDGE_LOOP ( 'NONE', ( #2648, #2886, #2583, #1265 ) ) ;
#1117 = CARTESIAN_POINT ( 'NONE',  ( -0.7499999999999998890, -0.6999999999999999556, -0.3450000000000000844 ) ) ;
#1118 = DIRECTION ( 'NONE',  ( 0.0000000000000000000, 5.421010862427524142E-16, -1.000000000000000000 ) ) ;
#1119 = CARTESIAN_POINT ( 'NONE',  ( 0.7749999999999996891, 0.6750000000000000444, -0.5200000000000000178 ) ) ;
#1120 = CARTESIAN_POINT ( 'NONE',  ( -0.6750000000000004885, -0.6750000000000000444, -0.5200000000000000178 ) ) ;
#1121 = CARTESIAN_POINT ( 'NONE',  ( -0.7749999999999999112, -0.5749999999999999556, -0.5100000000000000089 ) ) ;
#1122 = CARTESIAN_POINT ( 'NONE',  ( -0.4499999999999999001, -0.6999999999999999556, -0.4200000000000000955 ) ) ;
#1123 = UNCERTAINTY_MEASURE_WITH_UNIT (LENGTH_MEASURE( 1.000000000000000082E-05 ), #2379, 'distance_accuracy_value', 'NONE');
#1124 = DIRECTION ( 'NONE',  ( 0.0000000000000000000, -1.000000000000000000, 0.0000000000000000000 ) ) ;
#1125 = PLANE ( 'NONE',  #3087 ) ;
#1126 = ORIENTED_EDGE ( 'NONE', *, *, #1400, .T. ) ;
#1127 = PRODUCT_DEFINITION ( 'UNKNOWN', '', #3058, #91 ) ;
#1128 = LINE ( 'NONE', #2429, #1632 ) ;
#1129 = CARTESIAN_POINT ( 'NONE',  ( 1.167705098312484147, 0.07499999999999999722, -0.4200000000000000400 ) ) ;
#1130 = EDGE_LOOP ( 'NONE', ( #4063, #1000, #2459, #3068, #1659, #4041, #1244, #3804 ) ) ;
#1131 =( NAMED_UNIT ( * ) PLANE_ANGLE_UNIT ( ) SI_UNIT ( $, .RADIAN. ) );
#1132 = EDGE_CURVE ( 'NONE', #178, #2185, #3397, .T. ) ;
#1133 = ORIENTED_EDGE ( 'NONE', *, *, #3378, .F. ) ;
#1134 = DIRECTION ( 'NONE',  ( 0.0000000000000000000, 1.000000000000000000, 0.0000000000000000000 ) ) ;
#1135 = LINE ( 'NONE', #3359, #1417 ) ;
#1136 = EDGE_LOOP ( 'NONE', ( #337, #3083, #460, #1337 ) ) ;
#1137 = PRESENTATION_STYLE_ASSIGNMENT (( #2776 ) ) ;
#1138 = SURFACE_STYLE_FILL_AREA ( #2778 ) ;
#1139 = AXIS2_PLACEMENT_3D ( 'NONE', #2046, #2411, #3020 ) ;
#1140 = CARTESIAN_POINT ( 'NONE',  ( -0.02499999999999915831, 0.6750000000000000444, -0.5200000000000000178 ) ) ;
#1141 = CARTESIAN_POINT ( 'NONE',  ( 0.7249999999999999778, -0.6750000000000000444, 0.0000000000000000000 ) ) ;
#1142 = PRESENTATION_STYLE_ASSIGNMENT (( #2075 ) ) ;
#1143 = CARTESIAN_POINT ( 'NONE',  ( -0.7249999999999999778, -0.6750000000000000444, -0.01000000000000002623 ) ) ;
#1144 =( GEOMETRIC_REPRESENTATION_CONTEXT ( 3 ) GLOBAL_UNCERTAINTY_ASSIGNED_CONTEXT ( ( #1863 ) ) GLOBAL_UNIT_ASSIGNED_CONTEXT ( ( #1993, #48, #3921 ) ) REPRESENTATION_CONTEXT ( 'NONE', 'WORKASPACE' ) );
#1145 = EDGE_CURVE ( 'NONE', #2143, #3789, #3684, .T. ) ;
#1146 = AXIS2_PLACEMENT_3D ( 'NONE', #843, #3052, #2754 ) ;
#1147 = LINE ( 'NONE', #1448, #2498 ) ;
#1148 = ORIENTED_EDGE ( 'NONE', *, *, #630, .F. ) ;
#1149 = VECTOR ( 'NONE', #1227, 1000.000000000000000 ) ;
#1150 = UNCERTAINTY_MEASURE_WITH_UNIT (LENGTH_MEASURE( 1.000000000000000082E-05 ), #1161, 'distance_accuracy_value', 'NONE');
#1151 = LINE ( 'NONE', #2405, #814 ) ;
#1152 =( GEOMETRIC_REPRESENTATION_CONTEXT ( 3 ) GLOBAL_UNCERTAINTY_ASSIGNED_CONTEXT ( ( #120 ) ) GLOBAL_UNIT_ASSIGNED_CONTEXT ( ( #1728, #1486, #1465 ) ) REPRESENTATION_CONTEXT ( 'NONE', 'WORKASPACE' ) );
#1153 = DIRECTION ( 'NONE',  ( -1.000000000000000000, 0.0000000000000000000, 0.0000000000000000000 ) ) ;
#1154 = ORIENTED_EDGE ( 'NONE', *, *, #3032, .T. ) ;
#1155 = COLOUR_RGB ( '',1.000000000000000000, 1.000000000000000000, 1.000000000000000000 ) ;
#1156 = AXIS2_PLACEMENT_3D ( 'NONE', #2988, #3053, #93 ) ;
#1157 = COLOUR_RGB ( '',0.7490196078431372584, 0.7490196078431372584, 0.7490196078431372584 ) ;
#1158 = FILL_AREA_STYLE_COLOUR ( '', #1294 ) ;
#1159 = ORIENTED_EDGE ( 'NONE', *, *, #3962, .F. ) ;
#1160 = LINE ( 'NONE', #4044, #1484 ) ;
#1161 =( LENGTH_UNIT ( ) NAMED_UNIT ( * ) SI_UNIT ( .MILLI., .METRE. ) );
#1162 = ORIENTED_EDGE ( 'NONE', *, *, #2358, .F. ) ;
#1163 = DIRECTION ( 'NONE',  ( 0.0000000000000000000, -1.000000000000000000, 0.0000000000000000000 ) ) ;
#1164 = CARTESIAN_POINT ( 'NONE',  ( 0.3500000000000001443, -0.8000000000000001554, -0.4200000000000000955 ) ) ;
#1165 = AXIS2_PLACEMENT_3D ( 'NONE', #543, #413, #703 ) ;
#1166 = SURFACE_STYLE_USAGE ( .BOTH. , #4049 ) ;
#1167 = COLOUR_RGB ( '',0.7490196078431372584, 0.7490196078431372584, 0.7490196078431372584 ) ;
#1168 = CIRCLE ( 'NONE', #1358, 0.1499999999999999667 ) ;
#1169 = CARTESIAN_POINT ( 'NONE',  ( 0.3499999999999999223, -0.8000000000000000444, -0.3450000000000000844 ) ) ;
#1170 =( LENGTH_UNIT ( ) NAMED_UNIT ( * ) SI_UNIT ( .MILLI., .METRE. ) );
#1171 = CARTESIAN_POINT ( 'NONE',  ( -0.7499999999999998890, -0.6999999999999999556, -0.3450000000000000844 ) ) ;
#1172 = EDGE_CURVE ( 'NONE', #1264, #1379, #265, .T. ) ;
#1173 = VECTOR ( 'NONE', #2800, 1000.000000000000000 ) ;
#1174 = PRESENTATION_STYLE_ASSIGNMENT (( #3706 ) ) ;
#1175 = DIRECTION ( 'NONE',  ( 0.0000000000000000000, -1.000000000000000000, 0.0000000000000000000 ) ) ;
#1176 = FACE_BOUND ( 'NONE', #1130, .T. ) ;
#1177 = EDGE_CURVE ( 'NONE', #132, #2372, #848, .T. ) ;
#1178 = VERTEX_POINT ( 'NONE', #169 ) ;
#1179 = AXIS2_PLACEMENT_3D ( 'NONE', #1526, #1844, #3179 ) ;
#1180 = UNCERTAINTY_MEASURE_WITH_UNIT (LENGTH_MEASURE( 1.000000000000000082E-05 ), #840, 'distance_accuracy_value', 'NONE');
#1181 =( NAMED_UNIT ( * ) PLANE_ANGLE_UNIT ( ) SI_UNIT ( $, .RADIAN. ) );
#1182 = ORIENTED_EDGE ( 'NONE', *, *, #2065, .T. ) ;
#1183 = FILL_AREA_STYLE ('',( #932 ) ) ;
#1184 = COLOUR_RGB ( '',1.000000000000000000, 0.8235294117647058432, 0.2980392156862745057 ) ;
#1185 = CARTESIAN_POINT ( 'NONE',  ( -0.6749999999999998224, 0.5749999999999999556, -0.5100000000000000089 ) ) ;
#1186 = VERTEX_POINT ( 'NONE', #1491 ) ;
#1187 = CARTESIAN_POINT ( 'NONE',  ( -0.7749999999999991340, 0.6750000000000000444, -0.5200000000000000178 ) ) ;
#1188 = ORIENTED_EDGE ( 'NONE', *, *, #1200, .T. ) ;
#1189 = CARTESIAN_POINT ( 'NONE',  ( -0.8999999999999999112, -0.6999999999999999556, -0.4200000000000000955 ) ) ;
#1190 = UNCERTAINTY_MEASURE_WITH_UNIT (LENGTH_MEASURE( 1.000000000000000082E-05 ), #1813, 'distance_accuracy_value', 'NONE');
#1191 = DIRECTION ( 'NONE',  ( 0.0000000000000000000, 0.0000000000000000000, -1.000000000000000000 ) ) ;
#1192 = CARTESIAN_POINT ( 'NONE',  ( 0.9000000000000000222, 0.07499999999999999722, -0.3450000000000000289 ) ) ;
#1193 = COLOUR_RGB ( '',0.7490196078431372584, 0.7490196078431372584, 0.7490196078431372584 ) ;
#1194 = FACE_OUTER_BOUND ( 'NONE', #647, .T. ) ;
#1195 = AXIS2_PLACEMENT_3D ( 'NONE', #184, #2380, #1488 ) ;
#1196 = ADVANCED_FACE ( 'NONE', ( #4034 ), #3730, .F. ) ;
#1197 = DIRECTION ( 'NONE',  ( -0.0000000000000000000, 0.0000000000000000000, -1.000000000000000000 ) ) ;
#1198 = CARTESIAN_POINT ( 'NONE',  ( 0.3500000000000001443, -0.9677050983124845240, -0.4200000000000000955 ) ) ;
#1199 = VERTEX_POINT ( 'NONE', #3418 ) ;
#1200 = EDGE_CURVE ( 'NONE', #3422, #1243, #1826, .T. ) ;
#1201 = ORIENTED_EDGE ( 'NONE', *, *, #3710, .T. ) ;
#1202 =( NAMED_UNIT ( * ) PLANE_ANGLE_UNIT ( ) SI_UNIT ( $, .RADIAN. ) );
#1203 = EDGE_CURVE ( 'NONE', #2018, #3103, #4079, .T. ) ;
#1204 = DIRECTION ( 'NONE',  ( 1.445602896647339311E-15, 0.0000000000000000000, -1.000000000000000000 ) ) ;
#1205 = ORIENTED_EDGE ( 'NONE', *, *, #3879, .T. ) ;
#1206 = DIRECTION ( 'NONE',  ( 0.0000000000000000000, 0.0000000000000000000, -1.000000000000000000 ) ) ;
#1207 = PLANE ( 'NONE',  #2618 ) ;
#1208 = ORIENTED_EDGE ( 'NONE', *, *, #2633, .F. ) ;
#1209 = SURFACE_STYLE_USAGE ( .BOTH. , #2224 ) ;
#1210 = LINE ( 'NONE', #2489, #2774 ) ;
#1211 = FACE_OUTER_BOUND ( 'NONE', #3317, .T. ) ;
#1212 = PRESENTATION_STYLE_ASSIGNMENT (( #1234 ) ) ;
#1213 =( NAMED_UNIT ( * ) PLANE_ANGLE_UNIT ( ) SI_UNIT ( $, .RADIAN. ) );
#1214 = FILL_AREA_STYLE ('',( #2804 ) ) ;
#1215 = FACE_OUTER_BOUND ( 'NONE', #669, .T. ) ;
#1216 = LINE ( 'NONE', #1572, #1908 ) ;
#1217 = CARTESIAN_POINT ( 'NONE',  ( -0.1249999999999998335, -0.5749999999999992895, -0.5100000000000000089 ) ) ;
#1218 = MECHANICAL_DESIGN_GEOMETRIC_PRESENTATION_REPRESENTATION (  '', ( #3013 ), #2267 ) ;
#1219 = ORIENTED_EDGE ( 'NONE', *, *, #1115, .T. ) ;
#1220 = ORIENTED_EDGE ( 'NONE', *, *, #3472, .F. ) ;
#1221 = PRESENTATION_LAYER_ASSIGNMENT (  '', '', ( #2883 ) ) ;
#1222 = ORIENTED_EDGE ( 'NONE', *, *, #1636, .F. ) ;
#1223 = EDGE_CURVE ( 'NONE', #1917, #1028, #3753, .T. ) ;
#1224 = PRESENTATION_STYLE_ASSIGNMENT (( #1262 ) ) ;
#1225 = VECTOR ( 'NONE', #3655, 1000.000000000000000 ) ;
#1226 = EDGE_LOOP ( 'NONE', ( #534, #554, #919, #4080, #914, #359, #2502, #1433 ) ) ;
#1227 = DIRECTION ( 'NONE',  ( 0.0000000000000000000, -1.000000000000000000, 0.0000000000000000000 ) ) ;
#1228 = ORIENTED_EDGE ( 'NONE', *, *, #3993, .T. ) ;
#1229 = EDGE_CURVE ( 'NONE', #3446, #1186, #444, .T. ) ;
#1230 = SURFACE_SIDE_STYLE ('',( #1877 ) ) ;
#1231 = VECTOR ( 'NONE', #1312, 1000.000000000000000 ) ;
#1232 = UNCERTAINTY_MEASURE_WITH_UNIT (LENGTH_MEASURE( 1.000000000000000082E-05 ), #512, 'distance_accuracy_value', 'NONE');
#1233 = DIRECTION ( 'NONE',  ( 1.000000000000000000, 0.0000000000000000000, 0.0000000000000000000 ) ) ;
#1234 = SURFACE_STYLE_USAGE ( .BOTH. , #3815 ) ;
#1235 = CARTESIAN_POINT ( 'NONE',  ( 1.167705098312484147, 0.07499999999999999722, -0.3450000000000000289 ) ) ;
#1236 = VECTOR ( 'NONE', #4160, 1000.000000000000000 ) ;
#1237 = DIRECTION ( 'NONE',  ( 0.0000000000000000000, 0.0000000000000000000, 1.000000000000000000 ) ) ;
#1238 = PRESENTATION_LAYER_ASSIGNMENT (  '', '', ( #3034 ) ) ;
#1239 = CARTESIAN_POINT ( 'NONE',  ( 0.8750000000000003331, -0.5749999999999992895, -0.5200000000000000178 ) ) ;
#1240 = VECTOR ( 'NONE', #3450, 1000.000000000000000 ) ;
#1241 = ORIENTED_EDGE ( 'NONE', *, *, #2659, .F. ) ;
#1242 =( GEOMETRIC_REPRESENTATION_CONTEXT ( 3 ) GLOBAL_UNCERTAINTY_ASSIGNED_CONTEXT ( ( #1180 ) ) GLOBAL_UNIT_ASSIGNED_CONTEXT ( ( #840, #860, #1439 ) ) REPRESENTATION_CONTEXT ( 'NONE', 'WORKASPACE' ) );
#1243 = VERTEX_POINT ( 'NONE', #3051 ) ;
#1244 = ORIENTED_EDGE ( 'NONE', *, *, #818, .F. ) ;
#1245 =( GEOMETRIC_REPRESENTATION_CONTEXT ( 3 ) GLOBAL_UNCERTAINTY_ASSIGNED_CONTEXT ( ( #2848 ) ) GLOBAL_UNIT_ASSIGNED_CONTEXT ( ( #3575, #3870, #2607 ) ) REPRESENTATION_CONTEXT ( 'NONE', 'WORKASPACE' ) );
#1246 =( NAMED_UNIT ( * ) SI_UNIT ( $, .STERADIAN. ) SOLID_ANGLE_UNIT ( ) );
#1247 = AXIS2_PLACEMENT_3D ( 'NONE', #3340, #1724, #3979 ) ;
#1248 = EDGE_CURVE ( 'NONE', #4100, #3254, #1098, .T. ) ;
#1249 = ORIENTED_EDGE ( 'NONE', *, *, #2602, .F. ) ;
#1250 = FACE_OUTER_BOUND ( 'NONE', #4143, .T. ) ;
#1251 = CARTESIAN_POINT ( 'NONE',  ( -0.5749999999999997335, -0.5749999999999992895, -0.5100000000000000089 ) ) ;
#1252 = CARTESIAN_POINT ( 'NONE',  ( -0.2999999999999998779, -0.9677050983124845240, -0.4200000000000000955 ) ) ;
#1253 = DIRECTION ( 'NONE',  ( 0.0000000000000000000, 1.000000000000000000, 0.0000000000000000000 ) ) ;
#1254 = AXIS2_PLACEMENT_3D ( 'NONE', #1825, #3683, #2452 ) ;
#1255 = CARTESIAN_POINT ( 'NONE',  ( 0.7750000000000002442, 0.5749999999999999556, -0.5100000000000000089 ) ) ;
#1256 = FACE_OUTER_BOUND ( 'NONE', #2292, .T. ) ;
#1257 =( LENGTH_UNIT ( ) NAMED_UNIT ( * ) SI_UNIT ( .MILLI., .METRE. ) );
#1258 = AXIS2_PLACEMENT_3D ( 'NONE', #2610, #2288, #367 ) ;
#1259 = UNCERTAINTY_MEASURE_WITH_UNIT (LENGTH_MEASURE( 1.000000000000000082E-05 ), #590, 'distance_accuracy_value', 'NONE');
#1260 = DIRECTION ( 'NONE',  ( 1.000000000000000000, 0.0000000000000000000, 0.0000000000000000000 ) ) ;
#1261 = ORIENTED_EDGE ( 'NONE', *, *, #3244, .T. ) ;
#1262 = SURFACE_STYLE_USAGE ( .BOTH. , #3107 ) ;
#1263 = SURFACE_STYLE_FILL_AREA ( #2242 ) ;
#1264 = VERTEX_POINT ( 'NONE', #2029 ) ;
#1265 = ORIENTED_EDGE ( 'NONE', *, *, #1008, .T. ) ;
#1266 = UNCERTAINTY_MEASURE_WITH_UNIT (LENGTH_MEASURE( 1.000000000000000082E-05 ), #3090, 'distance_accuracy_value', 'NONE');
#1267 = ADVANCED_FACE ( 'NONE', ( #2377 ), #2738, .F. ) ;
#1268 = ORIENTED_EDGE ( 'NONE', *, *, #375, .F. ) ;
#1269 = DIRECTION ( 'NONE',  ( 1.000000000000000000, 0.0000000000000000000, 2.891205793294679805E-15 ) ) ;
#1270 = DIRECTION ( 'NONE',  ( 1.000000000000000000, 0.0000000000000000000, 0.0000000000000000000 ) ) ;
#1271 = FACE_OUTER_BOUND ( 'NONE', #4142, .T. ) ;
#1272 = PRESENTATION_STYLE_ASSIGNMENT (( #925 ) ) ;
#1273 = PRESENTATION_STYLE_ASSIGNMENT (( #326 ) ) ;
#1274 = ADVANCED_FACE ( 'NONE', ( #815 ), #3026, .T. ) ;
#1275 = SURFACE_SIDE_STYLE ('',( #3078 ) ) ;
#1276 = CARTESIAN_POINT ( 'NONE',  ( 1.167705098312484147, -0.07499999999999995559, -0.4200000000000000955 ) ) ;
#1277 = EDGE_CURVE ( 'NONE', #2735, #156, #2673, .T. ) ;
#1278 = AXIS2_PLACEMENT_3D ( 'NONE', #3318, #737, #1134 ) ;
#1279 = ORIENTED_EDGE ( 'NONE', *, *, #95, .T. ) ;
#1280 = ORIENTED_EDGE ( 'NONE', *, *, #3403, .T. ) ;
#1281 = AXIS2_PLACEMENT_3D ( 'NONE', #384, #1317, #369 ) ;
#1282 = ORIENTED_EDGE ( 'NONE', *, *, #3545, .T. ) ;
#1283 =( LENGTH_UNIT ( ) NAMED_UNIT ( * ) SI_UNIT ( .MILLI., .METRE. ) );
#1284 = VERTEX_POINT ( 'NONE', #2348 ) ;
#1285 = DIRECTION ( 'NONE',  ( -1.000000000000000000, 0.0000000000000000000, 0.0000000000000000000 ) ) ;
#1286 = MECHANICAL_DESIGN_GEOMETRIC_PRESENTATION_REPRESENTATION (  '', ( #2883 ), #3556 ) ;
#1287 = ORIENTED_EDGE ( 'NONE', *, *, #3682, .F. ) ;
#1288 = DIRECTION ( 'NONE',  ( -0.0000000000000000000, 1.000000000000000000, 0.0000000000000000000 ) ) ;
#1289 = VECTOR ( 'NONE', #2475, 1000.000000000000000 ) ;
#1290 = CARTESIAN_POINT ( 'NONE',  ( 0.1999999999999999556, -0.6999999999999999556, -0.3450000000000000289 ) ) ;
#1291 = CARTESIAN_POINT ( 'NONE',  ( -0.5749999999999997335, 0.5749999999999992895, -0.5100000000000000089 ) ) ;
#1292 = VECTOR ( 'NONE', #748, 1000.000000000000000 ) ;
#1293 = CARTESIAN_POINT ( 'NONE',  ( 0.7249999999999999778, 0.6750000000000000444, -0.01000000000000002623 ) ) ;
#1294 = COLOUR_RGB ( '',0.7490196078431372584, 0.7490196078431372584, 0.7490196078431372584 ) ;
#1295 = DIRECTION ( 'NONE',  ( 0.0000000000000000000, -1.000000000000000000, 0.0000000000000000000 ) ) ;
#1296 = ADVANCED_FACE ( 'NONE', ( #2692 ), #3302, .F. ) ;
#1297 = DIRECTION ( 'NONE',  ( 1.000000000000000000, 0.0000000000000000000, -0.0000000000000000000 ) ) ;
#1298 =( GEOMETRIC_REPRESENTATION_CONTEXT ( 3 ) GLOBAL_UNCERTAINTY_ASSIGNED_CONTEXT ( ( #2523 ) ) GLOBAL_UNIT_ASSIGNED_CONTEXT ( ( #1407, #1474, #3064 ) ) REPRESENTATION_CONTEXT ( 'NONE', 'WORKASPACE' ) );
#1299 = EDGE_CURVE ( 'NONE', #592, #1426, #427, .T. ) ;
#1300 = FACE_OUTER_BOUND ( 'NONE', #1739, .T. ) ;
#1301 = LINE ( 'NONE', #3586, #2401 ) ;
#1302 = EDGE_LOOP ( 'NONE', ( #353, #3358, #2580, #1049 ) ) ;
#1303 = VECTOR ( 'NONE', #1029, 1000.000000000000000 ) ;
#1304 = LINE ( 'NONE', #257, #1236 ) ;
#1305 = CARTESIAN_POINT ( 'NONE',  ( 0.3499999999999999223, -0.8000000000000000444, -0.3450000000000000844 ) ) ;
#1306 = ORIENTED_EDGE ( 'NONE', *, *, #1299, .T. ) ;
#1307 = PRESENTATION_STYLE_ASSIGNMENT (( #3903 ) ) ;
#1308 = VERTEX_POINT ( 'NONE', #770 ) ;
#1309 = DIRECTION ( 'NONE',  ( -0.0000000000000000000, 0.0000000000000000000, -1.000000000000000000 ) ) ;
#1310 = DIRECTION ( 'NONE',  ( -1.000000000000000000, 0.0000000000000000000, 0.0000000000000000000 ) ) ;
#1311 = PLANE ( 'NONE',  #1635 ) ;
#1312 = DIRECTION ( 'NONE',  ( -1.000000000000000000, 0.0000000000000000000, 0.0000000000000000000 ) ) ;
#1313 = MECHANICAL_DESIGN_GEOMETRIC_PRESENTATION_REPRESENTATION (  '', ( #495 ), #3658 ) ;
#1314 = PLANE ( 'NONE',  #3243 ) ;
#1315 = EDGE_CURVE ( 'NONE', #2849, #3200, #2073, .T. ) ;
#1316 = CARTESIAN_POINT ( 'NONE',  ( 0.7249999999999999778, 0.6750000000000000444, -0.01000000000000002623 ) ) ;
#1317 = DIRECTION ( 'NONE',  ( -0.0000000000000000000, 0.0000000000000000000, -1.000000000000000000 ) ) ;
#1318 = LINE ( 'NONE', #2596, #3707 ) ;
#1319 = ORIENTED_EDGE ( 'NONE', *, *, #1749, .F. ) ;
#1320 = ADVANCED_FACE ( 'NONE', ( #3005 ), #1472, .F. ) ;
#1321 = FACE_OUTER_BOUND ( 'NONE', #931, .T. ) ;
#1322 = CARTESIAN_POINT ( 'NONE',  ( 0.0000000000000000000, -0.6999999999999999556, -0.5200000000000000178 ) ) ;
#1323 = EDGE_LOOP ( 'NONE', ( #414, #1996, #1093, #3294 ) ) ;
#1324 = DIRECTION ( 'NONE',  ( -1.445602896647339508E-15, -1.567325801096383417E-31, 1.000000000000000000 ) ) ;
#1325 = ADVANCED_FACE ( 'NONE', ( #2665 ), #152, .F. ) ;
#1326 = ORIENTED_EDGE ( 'NONE', *, *, #625, .F. ) ;
#1327 =( LENGTH_UNIT ( ) NAMED_UNIT ( * ) SI_UNIT ( .MILLI., .METRE. ) );
#1328 = DIRECTION ( 'NONE',  ( 0.0000000000000000000, -1.000000000000000000, 0.0000000000000000000 ) ) ;
#1329 = LINE ( 'NONE', #3610, #3117 ) ;
#1330 = UNCERTAINTY_MEASURE_WITH_UNIT (LENGTH_MEASURE( 1.000000000000000082E-05 ), #3729, 'distance_accuracy_value', 'NONE');
#1331 = CARTESIAN_POINT ( 'NONE',  ( -0.7749999999999991340, 0.6750000000000000444, -0.5100000000000000089 ) ) ;
#1332 = LINE ( 'NONE', #348, #1848 ) ;
#1333 = DIRECTION ( 'NONE',  ( -0.0000000000000000000, 0.0000000000000000000, -1.000000000000000000 ) ) ;
#1334 = ORIENTED_EDGE ( 'NONE', *, *, #3347, .T. ) ;
#1335 = VERTEX_POINT ( 'NONE', #1431 ) ;
#1336 = DIRECTION ( 'NONE',  ( 1.000000000000000000, 0.0000000000000000000, 0.0000000000000000000 ) ) ;
#1337 = ORIENTED_EDGE ( 'NONE', *, *, #3621, .T. ) ;
#1338 = FILL_AREA_STYLE ('',( #2299 ) ) ;
#1339 = AXIS2_PLACEMENT_3D ( 'NONE', #3571, #321, #649 ) ;
#1340 = ORIENTED_EDGE ( 'NONE', *, *, #3946, .F. ) ;
#1341 = CARTESIAN_POINT ( 'NONE',  ( -0.6750000000000004885, -0.6750000000000000444, -0.5100000000000000089 ) ) ;
#1342 = LINE ( 'NONE', #4183, #2499 ) ;
#1343 = EDGE_CURVE ( 'NONE', #855, #2332, #2406, .T. ) ;
#1344 = EDGE_LOOP ( 'NONE', ( #2128, #1601, #1763, #3127 ) ) ;
#1345 = CARTESIAN_POINT ( 'NONE',  ( 0.7749999999999996891, -0.6750000000000000444, -0.5100000000000000089 ) ) ;
#1346 = DIRECTION ( 'NONE',  ( 0.0000000000000000000, 0.0000000000000000000, -1.000000000000000000 ) ) ;
#1347 = AXIS2_PLACEMENT_3D ( 'NONE', #1322, #3900, #2912 ) ;
#1348 = CARTESIAN_POINT ( 'NONE',  ( -0.02499999999999983485, -0.5749999999999999556, -0.5200000000000000178 ) ) ;
#1349 = AXIS2_PLACEMENT_3D ( 'NONE', #390, #99, #1405 ) ;
#1350 = FILL_AREA_STYLE ('',( #41 ) ) ;
#1351 = SURFACE_SIDE_STYLE ('',( #3873 ) ) ;
#1352 =( GEOMETRIC_REPRESENTATION_CONTEXT ( 3 ) GLOBAL_UNCERTAINTY_ASSIGNED_CONTEXT ( ( #1736 ) ) GLOBAL_UNIT_ASSIGNED_CONTEXT ( ( #4075, #1213, #1591 ) ) REPRESENTATION_CONTEXT ( 'NONE', 'WORKASPACE' ) );
#1353 = COLOUR_RGB ( '',0.7490196078431372584, 0.7490196078431372584, 0.7490196078431372584 ) ;
#1354 = FILL_AREA_STYLE_COLOUR ( '', #4141 ) ;
#1355 = FILL_AREA_STYLE ('',( #1401 ) ) ;
#1356 = VERTEX_POINT ( 'NONE', #1453 ) ;
#1357 = AXIS2_PLACEMENT_3D ( 'NONE', #2603, #12, #1978 ) ;
#1358 = AXIS2_PLACEMENT_3D ( 'NONE', #4157, #851, #3420 ) ;
#1359 = LINE ( 'NONE', #706, #2639 ) ;
#1360 = CARTESIAN_POINT ( 'NONE',  ( 0.0000000000000000000, -0.6999999999999999556, -0.5200000000000000178 ) ) ;
#1361 = ORIENTED_EDGE ( 'NONE', *, *, #4028, .T. ) ;
#1362 = VECTOR ( 'NONE', #1631, 1000.000000000000000 ) ;
#1363 = DIRECTION ( 'NONE',  ( -0.0000000000000000000, 0.0000000000000000000, -1.000000000000000000 ) ) ;
#1364 = ADVANCED_FACE ( 'NONE', ( #1787 ), #1086, .F. ) ;
#1365 = COLOUR_RGB ( '',0.7490196078431372584, 0.7490196078431372584, 0.7490196078431372584 ) ;
#1366 = ORIENTED_EDGE ( 'NONE', *, *, #3755, .T. ) ;
#1367 = PLANE ( 'NONE',  #1139 ) ;
#1368 = SURFACE_STYLE_USAGE ( .BOTH. , #3850 ) ;
#1369 = VERTEX_POINT ( 'NONE', #2317 ) ;
#1370 =( NAMED_UNIT ( * ) PLANE_ANGLE_UNIT ( ) SI_UNIT ( $, .RADIAN. ) );
#1371 = EDGE_CURVE ( 'NONE', #2332, #3652, #3838, .T. ) ;
#1372 =( GEOMETRIC_REPRESENTATION_CONTEXT ( 3 ) GLOBAL_UNCERTAINTY_ASSIGNED_CONTEXT ( ( #1232 ) ) GLOBAL_UNIT_ASSIGNED_CONTEXT ( ( #512, #4004, #1480 ) ) REPRESENTATION_CONTEXT ( 'NONE', 'WORKASPACE' ) );
#1373 = DIRECTION ( 'NONE',  ( 0.0000000000000000000, 1.000000000000000000, 0.0000000000000000000 ) ) ;
#1374 = LINE ( 'NONE', #2030, #2042 ) ;
#1375 = AXIS2_PLACEMENT_3D ( 'NONE', #774, #1804, #1124 ) ;
#1376 =( NAMED_UNIT ( * ) SI_UNIT ( $, .STERADIAN. ) SOLID_ANGLE_UNIT ( ) );
#1377 = PLANE ( 'NONE',  #2414 ) ;
#1378 = CARTESIAN_POINT ( 'NONE',  ( 0.0000000000000000000, 0.0000000000000000000, 0.0000000000000000000 ) ) ;
#1379 = VERTEX_POINT ( 'NONE', #2081 ) ;
#1380 = LINE ( 'NONE', #3970, #2104 ) ;
#1381 = DIRECTION ( 'NONE',  ( 0.0000000000000000000, -1.000000000000000000, 0.0000000000000000000 ) ) ;
#1382 = EDGE_LOOP ( 'NONE', ( #2566, #1812, #197, #567 ) ) ;
#1383 = CARTESIAN_POINT ( 'NONE',  ( -0.8749999999999997780, 0.5749999999999992895, -0.5100000000000000089 ) ) ;
#1384 = CIRCLE ( 'NONE', #3464, 0.1000000000000000472 ) ;
#1385 = ORIENTED_EDGE ( 'NONE', *, *, #670, .F. ) ;
#1386 = PRESENTATION_STYLE_ASSIGNMENT (( #805 ) ) ;
#1387 = CARTESIAN_POINT ( 'NONE',  ( -0.7749999999999991340, -0.6750000000000000444, -0.5200000000000000178 ) ) ;
#1388 = ORIENTED_EDGE ( 'NONE', *, *, #3682, .T. ) ;
#1389 = EDGE_CURVE ( 'NONE', #1918, #778, #4018, .T. ) ;
#1390 = CARTESIAN_POINT ( 'NONE',  ( -0.7249999999999999778, -0.5250000000000000222, 0.0000000000000000000 ) ) ;
#1391 = SURFACE_STYLE_USAGE ( .BOTH. , #3239 ) ;
#1392 = CARTESIAN_POINT ( 'NONE',  ( -0.8749999999999998890, 0.5250000000000000222, 0.0000000000000000000 ) ) ;
#1393 = CARTESIAN_POINT ( 'NONE',  ( 0.9000000000000000222, 0.0000000000000000000, -0.5200000000000000178 ) ) ;
#1394 = LINE ( 'NONE', #3939, #55 ) ;
#1395 = EDGE_CURVE ( 'NONE', #1060, #3528, #1893, .T. ) ;
#1396 = CARTESIAN_POINT ( 'NONE',  ( 0.3500000000000001443, -0.8000000000000000444, -0.4200000000000000955 ) ) ;
#1397 = FACE_OUTER_BOUND ( 'NONE', #118, .T. ) ;
#1398 = DIRECTION ( 'NONE',  ( 0.0000000000000000000, 5.421010862427524142E-16, -1.000000000000000000 ) ) ;
#1399 =( NAMED_UNIT ( * ) PLANE_ANGLE_UNIT ( ) SI_UNIT ( $, .RADIAN. ) );
#1400 = EDGE_CURVE ( 'NONE', #1917, #1806, #3333, .T. ) ;
#1401 = FILL_AREA_STYLE_COLOUR ( '', #2100 ) ;
#1402 = ORIENTED_EDGE ( 'NONE', *, *, #979, .T. ) ;
#1403 =( NAMED_UNIT ( * ) SI_UNIT ( $, .STERADIAN. ) SOLID_ANGLE_UNIT ( ) );
#1404 = PRODUCT_DEFINITION_SHAPE ( 'NONE', 'NONE',  #1127 ) ;
#1405 = DIRECTION ( 'NONE',  ( 0.0000000000000000000, -1.000000000000000000, 0.0000000000000000000 ) ) ;
#1406 = ORIENTED_EDGE ( 'NONE', *, *, #3212, .T. ) ;
#1407 =( LENGTH_UNIT ( ) NAMED_UNIT ( * ) SI_UNIT ( .MILLI., .METRE. ) );
#1408 = ORIENTED_EDGE ( 'NONE', *, *, #2937, .F. ) ;
#1409 = SURFACE_SIDE_STYLE ('',( #4001 ) ) ;
#1410 = VERTEX_POINT ( 'NONE', #459 ) ;
#1411 = STYLED_ITEM ( 'NONE', ( #2320 ), #854 ) ;
#1412 = CARTESIAN_POINT ( 'NONE',  ( 0.9000000000000000222, -0.07499999999999999722, -0.3450000000000000844 ) ) ;
#1413 = DIRECTION ( 'NONE',  ( 0.0000000000000000000, 1.000000000000000000, 0.0000000000000000000 ) ) ;
#1414 = SURFACE_SIDE_STYLE ('',( #3938 ) ) ;
#1415 = LINE ( 'NONE', #1073, #4173 ) ;
#1416 = LINE ( 'NONE', #141, #730 ) ;
#1417 = VECTOR ( 'NONE', #4024, 1000.000000000000000 ) ;
#1418 =( NAMED_UNIT ( * ) SI_UNIT ( $, .STERADIAN. ) SOLID_ANGLE_UNIT ( ) );
#1419 = DIRECTION ( 'NONE',  ( 1.807003620809174188E-15, 0.0000000000000000000, -1.000000000000000000 ) ) ;
#1420 = EDGE_CURVE ( 'NONE', #691, #1308, #1761, .T. ) ;
#1421 = AXIS2_PLACEMENT_3D ( 'NONE', #3015, #3618, #2707 ) ;
#1422 = EDGE_CURVE ( 'NONE', #3152, #1677, #3715, .T. ) ;
#1423 =( NAMED_UNIT ( * ) PLANE_ANGLE_UNIT ( ) SI_UNIT ( $, .RADIAN. ) );
#1424 = SURFACE_STYLE_USAGE ( .BOTH. , #3638 ) ;
#1425 = VECTOR ( 'NONE', #2053, 1000.000000000000000 ) ;
#1426 = VERTEX_POINT ( 'NONE', #2122 ) ;
#1427 = AXIS2_PLACEMENT_3D ( 'NONE', #3797, #1570, #889 ) ;
#1428 = EDGE_CURVE ( 'NONE', #2856, #1243, #3401, .T. ) ;
#1429 = LINE ( 'NONE', #2643, #2505 ) ;
#1430 = COLOUR_RGB ( '',0.7490196078431372584, 0.7490196078431372584, 0.7490196078431372584 ) ;
#1431 = CARTESIAN_POINT ( 'NONE',  ( -0.2999999999999998779, -0.8000000000000000444, -0.4200000000000000955 ) ) ;
#1432 = EDGE_LOOP ( 'NONE', ( #2041, #3360, #3785, #1744 ) ) ;
#1433 = ORIENTED_EDGE ( 'NONE', *, *, #1343, .T. ) ;
#1434 = DIRECTION ( 'NONE',  ( 0.0000000000000000000, -1.000000000000000000, 0.0000000000000000000 ) ) ;
#1435 = STYLED_ITEM ( 'NONE', ( #339 ), #3666 ) ;
#1436 = ORIENTED_EDGE ( 'NONE', *, *, #804, .T. ) ;
#1437 = DIRECTION ( 'NONE',  ( 0.0000000000000000000, 0.0000000000000000000, 1.000000000000000000 ) ) ;
#1438 = CARTESIAN_POINT ( 'NONE',  ( 0.8749999999999998890, 0.5250000000000000222, -0.01000000000000002623 ) ) ;
#1439 =( NAMED_UNIT ( * ) SI_UNIT ( $, .STERADIAN. ) SOLID_ANGLE_UNIT ( ) );
#1440 = AXIS2_PLACEMENT_3D ( 'NONE', #768, #3363, #2468 ) ;
#1441 = FACE_OUTER_BOUND ( 'NONE', #1449, .T. ) ;
#1442 = DIRECTION ( 'NONE',  ( 0.0000000000000000000, 1.000000000000000000, 1.807003620809174632E-16 ) ) ;
#1443 = STYLED_ITEM ( 'NONE', ( #2539 ), #3238 ) ;
#1444 = CARTESIAN_POINT ( 'NONE',  ( 0.9000000000000000222, 0.07499999999999999722, -0.3450000000000000289 ) ) ;
#1445 = EDGE_CURVE ( 'NONE', #1741, #215, #1415, .T. ) ;
#1446 = STYLED_ITEM ( 'NONE', ( #2050 ), #391 ) ;
#1447 = PRESENTATION_STYLE_ASSIGNMENT (( #2678 ) ) ;
#1448 = CARTESIAN_POINT ( 'NONE',  ( -0.7749999999999991340, -0.6750000000000000444, -0.5100000000000000089 ) ) ;
#1449 = EDGE_LOOP ( 'NONE', ( #4109, #4016, #3213, #1182 ) ) ;
#1450 = EDGE_CURVE ( 'NONE', #3331, #2393, #4008, .T. ) ;
#1451 = UNCERTAINTY_MEASURE_WITH_UNIT (LENGTH_MEASURE( 1.000000000000000082E-05 ), #2024, 'distance_accuracy_value', 'NONE');
#1452 = DIRECTION ( 'NONE',  ( 0.0000000000000000000, 0.0000000000000000000, 1.000000000000000000 ) ) ;
#1453 = CARTESIAN_POINT ( 'NONE',  ( -0.8500000000000000888, -0.8000000000000001554, -0.09999999999999999167 ) ) ;
#1454 = AXIS2_PLACEMENT_3D ( 'NONE', #1531, #2076, #449 ) ;
#1455 = ORIENTED_EDGE ( 'NONE', *, *, #248, .T. ) ;
#1456 = PLANE ( 'NONE',  #13 ) ;
#1457 = VECTOR ( 'NONE', #293, 1000.000000000000000 ) ;
#1458 = VERTEX_POINT ( 'NONE', #2378 ) ;
#1459 = FACE_OUTER_BOUND ( 'NONE', #2083, .T. ) ;
#1460 = DIRECTION ( 'NONE',  ( 0.0000000000000000000, 0.0000000000000000000, -1.000000000000000000 ) ) ;
#1461 = ORIENTED_EDGE ( 'NONE', *, *, #3008, .F. ) ;
#1462 = COLOUR_RGB ( '',0.7921568627450980005, 0.8196078431372548767, 0.9333333333333333481 ) ;
#1463 = EDGE_CURVE ( 'NONE', #1741, #2124, #1953, .T. ) ;
#1464 = PLANE ( 'NONE',  #3928 ) ;
#1465 =( NAMED_UNIT ( * ) SI_UNIT ( $, .STERADIAN. ) SOLID_ANGLE_UNIT ( ) );
#1466 = DIRECTION ( 'NONE',  ( -0.0000000000000000000, 0.0000000000000000000, -1.000000000000000000 ) ) ;
#1467 =( NAMED_UNIT ( * ) SI_UNIT ( $, .STERADIAN. ) SOLID_ANGLE_UNIT ( ) );
#1468 = PLANE ( 'NONE',  #1041 ) ;
#1469 = DIRECTION ( 'NONE',  ( 0.0000000000000000000, -1.000000000000000000, -0.0000000000000000000 ) ) ;
#1470 = VERTEX_POINT ( 'NONE', #428 ) ;
#1471 = PRESENTATION_STYLE_ASSIGNMENT (( #3995 ) ) ;
#1472 = PLANE ( 'NONE',  #3362 ) ;
#1473 = VERTEX_POINT ( 'NONE', #2445 ) ;
#1474 =( NAMED_UNIT ( * ) PLANE_ANGLE_UNIT ( ) SI_UNIT ( $, .RADIAN. ) );
#1475 = ADVANCED_FACE ( 'NONE', ( #1776 ), #474, .F. ) ;
#1476 = PLANE ( 'NONE',  #3440 ) ;
#1477 = ORIENTED_EDGE ( 'NONE', *, *, #2581, .T. ) ;
#1478 = CARTESIAN_POINT ( 'NONE',  ( -0.6750000000000004885, -0.6750000000000000444, -0.5100000000000000089 ) ) ;
#1479 = ORIENTED_EDGE ( 'NONE', *, *, #1577, .T. ) ;
#1480 =( NAMED_UNIT ( * ) SI_UNIT ( $, .STERADIAN. ) SOLID_ANGLE_UNIT ( ) );
#1481 = PLANE ( 'NONE',  #1020 ) ;
#1482 =( NAMED_UNIT ( * ) PLANE_ANGLE_UNIT ( ) SI_UNIT ( $, .RADIAN. ) );
#1483 = EDGE_CURVE ( 'NONE', #2956, #605, #3656, .T. ) ;
#1484 = VECTOR ( 'NONE', #3153, 1000.000000000000000 ) ;
#1485 = UNCERTAINTY_MEASURE_WITH_UNIT (LENGTH_MEASURE( 1.000000000000000082E-05 ), #2383, 'distance_accuracy_value', 'NONE');
#1486 =( NAMED_UNIT ( * ) PLANE_ANGLE_UNIT ( ) SI_UNIT ( $, .RADIAN. ) );
#1487 = SURFACE_STYLE_FILL_AREA ( #164 ) ;
#1488 = DIRECTION ( 'NONE',  ( 0.0000000000000000000, 1.000000000000000000, 3.614007241618348278E-16 ) ) ;
#1489 = COLOUR_RGB ( '',1.000000000000000000, 1.000000000000000000, 1.000000000000000000 ) ;
#1490 = PRESENTATION_LAYER_ASSIGNMENT (  '', '', ( #2022 ) ) ;
#1491 = CARTESIAN_POINT ( 'NONE',  ( 0.1999999999999999556, -0.6999999999999999556, -0.3450000000000000289 ) ) ;
#1492 = EDGE_LOOP ( 'NONE', ( #3559, #3929, #1954, #3355 ) ) ;
#1493 = FILL_AREA_STYLE_COLOUR ( '', #138 ) ;
#1494 = STYLED_ITEM ( 'NONE', ( #2111 ), #1320 ) ;
#1495 = EDGE_LOOP ( 'NONE', ( #1436, #2834, #2561, #857, #974, #2891, #1549, #897 ) ) ;
#1496 = AXIS2_PLACEMENT_3D ( 'NONE', #1621, #36, #3548 ) ;
#1497 =( NAMED_UNIT ( * ) PLANE_ANGLE_UNIT ( ) SI_UNIT ( $, .RADIAN. ) );
#1498 = EDGE_LOOP ( 'NONE', ( #400, #2667, #1406, #2935 ) ) ;
#1499 =( NAMED_UNIT ( * ) PLANE_ANGLE_UNIT ( ) SI_UNIT ( $, .RADIAN. ) );
#1500 = DIRECTION ( 'NONE',  ( 0.0000000000000000000, -1.000000000000000000, 0.0000000000000000000 ) ) ;
#1501 = VERTEX_POINT ( 'NONE', #140 ) ;
#1502 = LINE ( 'NONE', #1772, #1595 ) ;
#1503 = LINE ( 'NONE', #2051, #2836 ) ;
#1504 = STYLED_ITEM ( 'NONE', ( #1793 ), #2447 ) ;
#1505 = EDGE_CURVE ( 'NONE', #1552, #1501, #3412, .T. ) ;
#1506 = VECTOR ( 'NONE', #1324, 1000.000000000000000 ) ;
#1507 = COLOUR_RGB ( '',0.7490196078431372584, 0.7490196078431372584, 0.7490196078431372584 ) ;
#1508 = LINE ( 'NONE', #560, #2786 ) ;
#1509 =( NAMED_UNIT ( * ) PLANE_ANGLE_UNIT ( ) SI_UNIT ( $, .RADIAN. ) );
#1510 = LINE ( 'NONE', #1567, #2501 ) ;
#1511 = CARTESIAN_POINT ( 'NONE',  ( -1.000000000000000000, -0.6500000000000001332, -0.09999999999999999167 ) ) ;
#1512 = ADVANCED_FACE ( 'NONE', ( #1441 ), #771, .F. ) ;
#1513 = PLANE ( 'NONE',  #1195 ) ;
#1514 = ORIENTED_EDGE ( 'NONE', *, *, #3119, .F. ) ;
#1515 = AXIS2_PLACEMENT_3D ( 'NONE', #1543, #2130, #3432 ) ;
#1516 = UNCERTAINTY_MEASURE_WITH_UNIT (LENGTH_MEASURE( 1.000000000000000082E-05 ), #795, 'distance_accuracy_value', 'NONE');
#1517 = ORIENTED_EDGE ( 'NONE', *, *, #3601, .F. ) ;
#1518 = LINE ( 'NONE', #2460, #911 ) ;
#1519 = SURFACE_SIDE_STYLE ('',( #3134 ) ) ;
#1520 = ORIENTED_EDGE ( 'NONE', *, *, #972, .T. ) ;
#1521 = FILL_AREA_STYLE_COLOUR ( '', #2490 ) ;
#1522 = CARTESIAN_POINT ( 'NONE',  ( -0.7499999999999998890, -0.8000000000000001554, -0.4200000000000000955 ) ) ;
#1523 = ORIENTED_EDGE ( 'NONE', *, *, #251, .F. ) ;
#1524 = AXIS2_PLACEMENT_3D ( 'NONE', #3940, #1682, #1297 ) ;
#1525 = DIRECTION ( 'NONE',  ( 1.000000000000000000, 0.0000000000000000000, 0.0000000000000000000 ) ) ;
#1526 = CARTESIAN_POINT ( 'NONE',  ( -0.7749999999999991340, -0.6750000000000000444, -0.5100000000000000089 ) ) ;
#1527 = CARTESIAN_POINT ( 'NONE',  ( 1.000000000000000000, 0.7999999999999999334, 0.0000000000000000000 ) ) ;
#1528 = FILL_AREA_STYLE ('',( #2842 ) ) ;
#1529 = CIRCLE ( 'NONE', #1258, 0.1000000000000000472 ) ;
#1530 = CARTESIAN_POINT ( 'NONE',  ( -0.3000000000000000444, -0.6999999999999999556, -0.3450000000000000289 ) ) ;
#1531 = CARTESIAN_POINT ( 'NONE',  ( -0.7749999999999999112, -0.5749999999999999556, -0.5200000000000000178 ) ) ;
#1532 = EDGE_CURVE ( 'NONE', #2278, #3561, #1756, .T. ) ;
#1533 =( NAMED_UNIT ( * ) PLANE_ANGLE_UNIT ( ) SI_UNIT ( $, .RADIAN. ) );
#1534 = ORIENTED_EDGE ( 'NONE', *, *, #1395, .T. ) ;
#1535 = ADVANCED_FACE ( 'NONE', ( #497 ), #816, .F. ) ;
#1536 = ORIENTED_EDGE ( 'NONE', *, *, #3968, .F. ) ;
#1537 = EDGE_LOOP ( 'NONE', ( #573, #2615, #3926, #34 ) ) ;
#1538 = DIRECTION ( 'NONE',  ( 1.000000000000000000, 0.0000000000000000000, 1.807003620809174583E-15 ) ) ;
#1539 = ORIENTED_EDGE ( 'NONE', *, *, #350, .T. ) ;
#1540 = DIRECTION ( 'NONE',  ( 1.445602896647339311E-15, 0.0000000000000000000, -1.000000000000000000 ) ) ;
#1541 = CARTESIAN_POINT ( 'NONE',  ( -0.5749999999999997335, 0.5749999999999992895, -0.5200000000000000178 ) ) ;
#1542 = LINE ( 'NONE', #3469, #4122 ) ;
#1543 = CARTESIAN_POINT ( 'NONE',  ( -0.7749999999999999112, -0.5749999999999999556, -0.5200000000000000178 ) ) ;
#1544 = DIRECTION ( 'NONE',  ( 0.0000000000000000000, -1.000000000000000000, 0.0000000000000000000 ) ) ;
#1545 = CARTESIAN_POINT ( 'NONE',  ( -0.4500000000000000111, -0.8000000000000000444, -0.3450000000000000289 ) ) ;
#1546 = CARTESIAN_POINT ( 'NONE',  ( -0.7249999999999999778, 0.6750000000000000444, -0.01000000000000002623 ) ) ;
#1547 =( NAMED_UNIT ( * ) PLANE_ANGLE_UNIT ( ) SI_UNIT ( $, .RADIAN. ) );
#1548 = PRESENTATION_LAYER_ASSIGNMENT (  '', '', ( #3013 ) ) ;
#1549 = ORIENTED_EDGE ( 'NONE', *, *, #210, .T. ) ;
#1550 = EDGE_CURVE ( 'NONE', #2623, #3721, #2802, .T. ) ;
#1551 = UNCERTAINTY_MEASURE_WITH_UNIT (LENGTH_MEASURE( 1.000000000000000082E-05 ), #88, 'distance_accuracy_value', 'NONE');
#1552 = VERTEX_POINT ( 'NONE', #617 ) ;
#1553 = PRESENTATION_LAYER_ASSIGNMENT (  '', '', ( #325 ) ) ;
#1554 = ORIENTED_EDGE ( 'NONE', *, *, #2091, .F. ) ;
#1555 = FILL_AREA_STYLE_COLOUR ( '', #1462 ) ;
#1556 = ADVANCED_FACE ( 'NONE', ( #1902, #4094 ), #862, .F. ) ;
#1557 = COLOUR_RGB ( '',0.7490196078431372584, 0.7490196078431372584, 0.7490196078431372584 ) ;
#1558 = ORIENTED_EDGE ( 'NONE', *, *, #511, .T. ) ;
#1559 = SURFACE_STYLE_USAGE ( .BOTH. , #3174 ) ;
#1560 = ORIENTED_EDGE ( 'NONE', *, *, #1604, .T. ) ;
#1561 =( NAMED_UNIT ( * ) PLANE_ANGLE_UNIT ( ) SI_UNIT ( $, .RADIAN. ) );
#1562 = VECTOR ( 'NONE', #1288, 1000.000000000000000 ) ;
#1563 = STYLED_ITEM ( 'NONE', ( #844 ), #2416 ) ;
#1564 = AXIS2_PLACEMENT_3D ( 'NONE', #1608, #3817, #3455 ) ;
#1565 = CARTESIAN_POINT ( 'NONE',  ( -0.7749999999999991340, 0.6750000000000000444, -0.5100000000000000089 ) ) ;
#1566 = FILL_AREA_STYLE ('',( #228 ) ) ;
#1567 = CARTESIAN_POINT ( 'NONE',  ( -0.02499999999999915831, 0.6750000000000000444, -0.5200000000000000178 ) ) ;
#1568 = COLOUR_RGB ( '',1.000000000000000000, 1.000000000000000000, 1.000000000000000000 ) ;
#1569 = VECTOR ( 'NONE', #3434, 1000.000000000000000 ) ;
#1570 = DIRECTION ( 'NONE',  ( 0.0000000000000000000, 0.0000000000000000000, -1.000000000000000000 ) ) ;
#1571 = FILL_AREA_STYLE_COLOUR ( '', #678 ) ;
#1572 = CARTESIAN_POINT ( 'NONE',  ( 0.1999999999999999556, -0.8000000000000000444, -0.3450000000000000289 ) ) ;
#1573 = PRESENTATION_LAYER_ASSIGNMENT (  '', '', ( #3109 ) ) ;
#1574 = ADVANCED_FACE ( 'NONE', ( #923 ), #2470, .F. ) ;
#1575 =( GEOMETRIC_REPRESENTATION_CONTEXT ( 3 ) GLOBAL_UNCERTAINTY_ASSIGNED_CONTEXT ( ( #1266 ) ) GLOBAL_UNIT_ASSIGNED_CONTEXT ( ( #3090, #3025, #137 ) ) REPRESENTATION_CONTEXT ( 'NONE', 'WORKASPACE' ) );
#1576 = PRESENTATION_LAYER_ASSIGNMENT (  '', '', ( #2844 ) ) ;
#1577 = EDGE_CURVE ( 'NONE', #2525, #732, #305, .T. ) ;
#1578 = ORIENTED_EDGE ( 'NONE', *, *, #3553, .F. ) ;
#1579 = VERTEX_POINT ( 'NONE', #2820 ) ;
#1580 =( GEOMETRIC_REPRESENTATION_CONTEXT ( 3 ) GLOBAL_UNCERTAINTY_ASSIGNED_CONTEXT ( ( #3189 ) ) GLOBAL_UNIT_ASSIGNED_CONTEXT ( ( #2415, #180, #160 ) ) REPRESENTATION_CONTEXT ( 'NONE', 'WORKASPACE' ) );
#1581 = CARTESIAN_POINT ( 'NONE',  ( -0.6750000000000004885, -0.6750000000000000444, -0.5200000000000000178 ) ) ;
#1582 = VECTOR ( 'NONE', #1437, 1000.000000000000000 ) ;
#1583 = EDGE_LOOP ( 'NONE', ( #1771, #1895, #3192, #2118 ) ) ;
#1584 = LINE ( 'NONE', #4108, #1149 ) ;
#1585 = EDGE_CURVE ( 'NONE', #3422, #1199, #1607, .T. ) ;
#1586 = VERTEX_POINT ( 'NONE', #1590 ) ;
#1587 = CARTESIAN_POINT ( 'NONE',  ( -0.6750000000000004885, 0.6750000000000000444, -0.5200000000000000178 ) ) ;
#1588 = EDGE_LOOP ( 'NONE', ( #3627, #2995, #2620, #3524 ) ) ;
#1589 = DIRECTION ( 'NONE',  ( 0.0000000000000000000, 1.000000000000000000, 0.0000000000000000000 ) ) ;
#1590 = CARTESIAN_POINT ( 'NONE',  ( 0.7749999999999996891, -0.6750000000000000444, -0.5200000000000000178 ) ) ;
#1591 =( NAMED_UNIT ( * ) SI_UNIT ( $, .STERADIAN. ) SOLID_ANGLE_UNIT ( ) );
#1592 = EDGE_CURVE ( 'NONE', #3484, #1579, #4112, .T. ) ;
#1593 =( GEOMETRIC_REPRESENTATION_CONTEXT ( 3 ) GLOBAL_UNCERTAINTY_ASSIGNED_CONTEXT ( ( #2921 ) ) GLOBAL_UNIT_ASSIGNED_CONTEXT ( ( #824, #498, #2117 ) ) REPRESENTATION_CONTEXT ( 'NONE', 'WORKASPACE' ) );
#1594 = SURFACE_SIDE_STYLE ('',( #596 ) ) ;
#1595 = VECTOR ( 'NONE', #3088, 1000.000000000000000 ) ;
#1596 = DIRECTION ( 'NONE',  ( -0.0000000000000000000, 0.0000000000000000000, -1.000000000000000000 ) ) ;
#1597 = PRESENTATION_LAYER_ASSIGNMENT (  '', '', ( #1715 ) ) ;
#1598 = DIRECTION ( 'NONE',  ( 0.0000000000000000000, -1.000000000000000000, 0.0000000000000000000 ) ) ;
#1599 = ORIENTED_EDGE ( 'NONE', *, *, #1505, .T. ) ;
#1600 =( NAMED_UNIT ( * ) SI_UNIT ( $, .STERADIAN. ) SOLID_ANGLE_UNIT ( ) );
#1601 = ORIENTED_EDGE ( 'NONE', *, *, #646, .T. ) ;
#1602 =( NAMED_UNIT ( * ) PLANE_ANGLE_UNIT ( ) SI_UNIT ( $, .RADIAN. ) );
#1603 =( NAMED_UNIT ( * ) PLANE_ANGLE_UNIT ( ) SI_UNIT ( $, .RADIAN. ) );
#1604 = EDGE_CURVE ( 'NONE', #2915, #1651, #1880, .T. ) ;
#1605 = ORIENTED_EDGE ( 'NONE', *, *, #1585, .T. ) ;
#1606 = LINE ( 'NONE', #3570, #3188 ) ;
#1607 = LINE ( 'NONE', #594, #1957 ) ;
#1608 = CARTESIAN_POINT ( 'NONE',  ( -0.8999999999999999112, -0.9677050983124845240, -0.4200000000000000955 ) ) ;
#1609 = ADVANCED_FACE ( 'NONE', ( #4152 ), #3518, .T. ) ;
#1610 = CIRCLE ( 'NONE', #2681, 0.1000000000000000472 ) ;
#1611 = CYLINDRICAL_SURFACE ( 'NONE', #395, 0.1499999999999999112 ) ;
#1612 = ORIENTED_EDGE ( 'NONE', *, *, #2237, .T. ) ;
#1613 = AXIS2_PLACEMENT_3D ( 'NONE', #2141, #3427, #532 ) ;
#1614 =( NAMED_UNIT ( * ) PLANE_ANGLE_UNIT ( ) SI_UNIT ( $, .RADIAN. ) );
#1615 = VECTOR ( 'NONE', #782, 1000.000000000000000 ) ;
#1616 = DIRECTION ( 'NONE',  ( 0.0000000000000000000, -1.000000000000000000, 0.0000000000000000000 ) ) ;
#1617 = ORIENTED_EDGE ( 'NONE', *, *, #1145, .T. ) ;
#1618 = LINE ( 'NONE', #3566, #2359 ) ;
#1619 = AXIS2_PLACEMENT_3D ( 'NONE', #3632, #4029, #2719 ) ;
#1620 = ORIENTED_EDGE ( 'NONE', *, *, #1731, .T. ) ;
#1621 = CARTESIAN_POINT ( 'NONE',  ( 0.9000000000000000222, -0.07499999999999999722, -0.3450000000000000844 ) ) ;
#1622 = AXIS2_PLACEMENT_3D ( 'NONE', #1748, #3679, #1729 ) ;
#1623 = ADVANCED_FACE ( 'NONE', ( #2148 ), #2940, .F. ) ;
#1624 = SURFACE_STYLE_FILL_AREA ( #984 ) ;
#1625 = FILL_AREA_STYLE ('',( #1005 ) ) ;
#1626 = FACE_OUTER_BOUND ( 'NONE', #881, .T. ) ;
#1627 = PRESENTATION_LAYER_ASSIGNMENT (  '', '', ( #3843 ) ) ;
#1628 =( LENGTH_UNIT ( ) NAMED_UNIT ( * ) SI_UNIT ( .MILLI., .METRE. ) );
#1629 = AXIS2_PLACEMENT_3D ( 'NONE', #1390, #1678, #2280 ) ;
#1630 = EDGE_CURVE ( 'NONE', #2223, #3175, #1013, .T. ) ;
#1631 = DIRECTION ( 'NONE',  ( 0.0000000000000000000, -1.000000000000000000, 0.0000000000000000000 ) ) ;
#1632 = VECTOR ( 'NONE', #217, 1000.000000000000000 ) ;
#1633 = VECTOR ( 'NONE', #3544, 1000.000000000000000 ) ;
#1634 = FILL_AREA_STYLE_COLOUR ( '', #2790 ) ;
#1635 = AXIS2_PLACEMENT_3D ( 'NONE', #1007, #715, #2283 ) ;
#1636 = EDGE_CURVE ( 'NONE', #3652, #2018, #3259, .T. ) ;
#1637 = CARTESIAN_POINT ( 'NONE',  ( -0.3000000000000000444, -0.6999999999999999556, -0.3450000000000000289 ) ) ;
#1638 = ORIENTED_EDGE ( 'NONE', *, *, #2906, .T. ) ;
#1639 = FACE_OUTER_BOUND ( 'NONE', #4181, .T. ) ;
#1640 = AXIS2_PLACEMENT_3D ( 'NONE', #17, #403, #3262 ) ;
#1641 = ORIENTED_EDGE ( 'NONE', *, *, #1652, .F. ) ;
#1642 = VERTEX_POINT ( 'NONE', #3869 ) ;
#1643 = LINE ( 'NONE', #304, #1669 ) ;
#1644 = DIRECTION ( 'NONE',  ( 0.0000000000000000000, 1.000000000000000000, -0.0000000000000000000 ) ) ;
#1645 = CARTESIAN_POINT ( 'NONE',  ( -0.8999999999999999112, -0.8000000000000001554, -0.3450000000000000289 ) ) ;
#1646 = LINE ( 'NONE', #3600, #1362 ) ;
#1647 = PRESENTATION_STYLE_ASSIGNMENT (( #2329 ) ) ;
#1648 =( NAMED_UNIT ( * ) SI_UNIT ( $, .STERADIAN. ) SOLID_ANGLE_UNIT ( ) );
#1649 = COLOUR_RGB ( '',0.7490196078431372584, 0.7490196078431372584, 0.7490196078431372584 ) ;
#1650 = CARTESIAN_POINT ( 'NONE',  ( 0.7749999999999996891, -0.6750000000000000444, -0.5200000000000000178 ) ) ;
#1651 = VERTEX_POINT ( 'NONE', #2895 ) ;
#1652 = EDGE_CURVE ( 'NONE', #2545, #3168, #1342, .T. ) ;
#1653 = DIRECTION ( 'NONE',  ( -0.0000000000000000000, 1.000000000000000000, 0.0000000000000000000 ) ) ;
#1654 = ORIENTED_EDGE ( 'NONE', *, *, #388, .T. ) ;
#1655 = CARTESIAN_POINT ( 'NONE',  ( 0.8749999999999997780, -0.5250000000000000222, -0.01000000000000002623 ) ) ;
#1656 = VERTEX_POINT ( 'NONE', #2588 ) ;
#1657 = CARTESIAN_POINT ( 'NONE',  ( -0.7499999999999998890, -0.9677050983124845240, -0.3450000000000000844 ) ) ;
#1658 = CARTESIAN_POINT ( 'NONE',  ( 0.7750000000000002442, -0.5749999999999999556, -0.5200000000000000178 ) ) ;
#1659 = ORIENTED_EDGE ( 'NONE', *, *, #3069, .F. ) ;
#1660 = DIRECTION ( 'NONE',  ( -0.0000000000000000000, 1.000000000000000000, 0.0000000000000000000 ) ) ;
#1661 = DIRECTION ( 'NONE',  ( 0.0000000000000000000, 0.0000000000000000000, -1.000000000000000000 ) ) ;
#1662 = CARTESIAN_POINT ( 'NONE',  ( -0.8999999999999999112, -0.8000000000000001554, -0.4200000000000000955 ) ) ;
#1663 = CARTESIAN_POINT ( 'NONE',  ( -0.7249999999999999778, -0.6750000000000000444, 0.0000000000000000000 ) ) ;
#1664 = PRESENTATION_STYLE_ASSIGNMENT (( #1015 ) ) ;
#1665 = FACE_OUTER_BOUND ( 'NONE', #1432, .T. ) ;
#1666 = PLANE ( 'NONE',  #3568 ) ;
#1667 = ORIENTED_EDGE ( 'NONE', *, *, #3599, .T. ) ;
#1668 = EDGE_CURVE ( 'NONE', #61, #286, #635, .T. ) ;
#1669 = VECTOR ( 'NONE', #2227, 1000.000000000000000 ) ;
#1670 = CARTESIAN_POINT ( 'NONE',  ( 0.7749999999999996891, -0.6750000000000000444, -0.5100000000000000089 ) ) ;
#1671 = VERTEX_POINT ( 'NONE', #2875 ) ;
#1672 = PRESENTATION_LAYER_ASSIGNMENT (  '', '', ( #1824 ) ) ;
#1673 = PLANE ( 'NONE',  #4059 ) ;
#1674 = ORIENTED_EDGE ( 'NONE', *, *, #2, .F. ) ;
#1675 = CYLINDRICAL_SURFACE ( 'NONE', #1278, 0.1499999999999999667 ) ;
#1676 = DIRECTION ( 'NONE',  ( 1.000000000000000000, 0.0000000000000000000, 0.0000000000000000000 ) ) ;
#1677 = VERTEX_POINT ( 'NONE', #3215 ) ;
#1678 = DIRECTION ( 'NONE',  ( 0.0000000000000000000, 0.0000000000000000000, 1.000000000000000000 ) ) ;
#1679 = DIRECTION ( 'NONE',  ( 0.0000000000000000000, 1.000000000000000000, 0.0000000000000000000 ) ) ;
#1680 = AXIS2_PLACEMENT_3D ( 'NONE', #2982, #2068, #3697 ) ;
#1681 = AXIS2_PLACEMENT_3D ( 'NONE', #2682, #3971, #3644 ) ;
#1682 = DIRECTION ( 'NONE',  ( 0.0000000000000000000, -1.000000000000000000, -0.0000000000000000000 ) ) ;
#1683 = CARTESIAN_POINT ( 'NONE',  ( -0.7749999999999998002, 0.5749999999999999556, -0.5100000000000000089 ) ) ;
#1684 =( LENGTH_UNIT ( ) NAMED_UNIT ( * ) SI_UNIT ( .MILLI., .METRE. ) );
#1685 = COLOUR_RGB ( '',0.7490196078431372584, 0.7490196078431372584, 0.7490196078431372584 ) ;
#1686 = MECHANICAL_DESIGN_GEOMETRIC_PRESENTATION_REPRESENTATION (  '', ( #1959 ), #3623 ) ;
#1687 = VECTOR ( 'NONE', #247, 1000.000000000000000 ) ;
#1688 =( LENGTH_UNIT ( ) NAMED_UNIT ( * ) SI_UNIT ( .MILLI., .METRE. ) );
#1689 = CIRCLE ( 'NONE', #135, 0.1000000000000000472 ) ;
#1690 = ORIENTED_EDGE ( 'NONE', *, *, #2675, .T. ) ;
#1691 = PRESENTATION_LAYER_ASSIGNMENT (  '', '', ( #2432 ) ) ;
#1692 = VECTOR ( 'NONE', #1363, 1000.000000000000000 ) ;
#1693 = AXIS2_PLACEMENT_3D ( 'NONE', #4017, #3061, #171 ) ;
#1694 = EDGE_CURVE ( 'NONE', #3131, #296, #2321, .T. ) ;
#1695 = LINE ( 'NONE', #1084, #2832 ) ;
#1696 = ORIENTED_EDGE ( 'NONE', *, *, #1708, .T. ) ;
#1697 = MECHANICAL_DESIGN_GEOMETRIC_PRESENTATION_REPRESENTATION (  '', ( #3177 ), #2438 ) ;
#1698 = DIRECTION ( 'NONE',  ( 1.000000000000000000, 0.0000000000000000000, 0.0000000000000000000 ) ) ;
#1699 = EDGE_CURVE ( 'NONE', #1379, #3149, #2261, .T. ) ;
#1700 = AXIS2_PLACEMENT_3D ( 'NONE', #2448, #2785, #4055 ) ;
#1701 = EDGE_CURVE ( 'NONE', #215, #2810, #3897, .T. ) ;
#1702 = ORIENTED_EDGE ( 'NONE', *, *, #388, .F. ) ;
#1703 = ORIENTED_EDGE ( 'NONE', *, *, #1727, .T. ) ;
#1704 = LINE ( 'NONE', #713, #278 ) ;
#1705 = CYLINDRICAL_SURFACE ( 'NONE', #1640, 0.1000000000000000472 ) ;
#1706 = CARTESIAN_POINT ( 'NONE',  ( -0.6750000000000004885, 0.6750000000000000444, -0.5100000000000000089 ) ) ;
#1707 = PRESENTATION_LAYER_ASSIGNMENT (  '', '', ( #1446 ) ) ;
#1708 = EDGE_CURVE ( 'NONE', #1552, #3331, #799, .T. ) ;
#1709 =( NAMED_UNIT ( * ) SI_UNIT ( $, .STERADIAN. ) SOLID_ANGLE_UNIT ( ) );
#1710 = LINE ( 'NONE', #3284, #820 ) ;
#1711 = PLANE ( 'NONE',  #624 ) ;
#1712 = CARTESIAN_POINT ( 'NONE',  ( -0.6750000000000004885, -0.6750000000000000444, -0.5200000000000000178 ) ) ;
#1713 = ORIENTED_EDGE ( 'NONE', *, *, #1422, .T. ) ;
#1714 = COLOUR_RGB ( '',0.7921568627450980005, 0.8196078431372548767, 0.9333333333333333481 ) ;
#1715 = STYLED_ITEM ( 'NONE', ( #3132 ), #3733 ) ;
#1716 = DIRECTION ( 'NONE',  ( -1.084202172485504311E-16, 1.000000000000000000, 0.0000000000000000000 ) ) ;
#1717 = SURFACE_SIDE_STYLE ('',( #4039 ) ) ;
#1718 = ORIENTED_EDGE ( 'NONE', *, *, #4156, .F. ) ;
#1719 = PLANE ( 'NONE',  #3732 ) ;
#1720 = VECTOR ( 'NONE', #3098, 1000.000000000000000 ) ;
#1721 = ORIENTED_EDGE ( 'NONE', *, *, #2072, .F. ) ;
#1722 = CARTESIAN_POINT ( 'NONE',  ( -0.7749999999999998002, 0.5749999999999999556, -0.5100000000000000089 ) ) ;
#1723 = EDGE_LOOP ( 'NONE', ( #2480, #3296, #2894, #3698 ) ) ;
#1725 = ADVANCED_FACE ( 'NONE', ( #3608 ), #674, .T. ) ;
#1724 = DIRECTION ( 'NONE',  ( -1.084202172485504311E-16, 1.000000000000000000, 0.0000000000000000000 ) ) ;
#1726 = DIRECTION ( 'NONE',  ( 0.0000000000000000000, 0.0000000000000000000, 1.000000000000000000 ) ) ;
#1727 = EDGE_CURVE ( 'NONE', #2869, #736, #3884, .T. ) ;
#1728 =( LENGTH_UNIT ( ) NAMED_UNIT ( * ) SI_UNIT ( .MILLI., .METRE. ) );
#1729 = DIRECTION ( 'NONE',  ( 0.0000000000000000000, -1.000000000000000000, 0.0000000000000000000 ) ) ;
#1730 = CARTESIAN_POINT ( 'NONE',  ( -0.6749999999999998224, -0.5749999999999999556, -0.5100000000000000089 ) ) ;
#1731 = EDGE_CURVE ( 'NONE', #3859, #899, #1982, .T. ) ;
#1732 = DIRECTION ( 'NONE',  ( 0.0000000000000000000, 1.000000000000000000, 0.0000000000000000000 ) ) ;
#1733 = DIRECTION ( 'NONE',  ( 0.0000000000000000000, 0.0000000000000000000, 1.000000000000000000 ) ) ;
#1734 = CARTESIAN_POINT ( 'NONE',  ( -0.4500000000000000111, -0.8000000000000001554, -0.3450000000000000289 ) ) ;
#1735 = EDGE_LOOP ( 'NONE', ( #612, #51, #1159, #1703 ) ) ;
#1736 = UNCERTAINTY_MEASURE_WITH_UNIT (LENGTH_MEASURE( 1.000000000000000082E-05 ), #4075, 'distance_accuracy_value', 'NONE');
#1737 = FILL_AREA_STYLE_COLOUR ( '', #272 ) ;
#1738 = DIRECTION ( 'NONE',  ( 0.0000000000000000000, -1.000000000000000000, 0.0000000000000000000 ) ) ;
#1739 = EDGE_LOOP ( 'NONE', ( #764, #935, #2179, #777 ) ) ;
#1740 = FILL_AREA_STYLE ('',( #33 ) ) ;
#1741 = VERTEX_POINT ( 'NONE', #2961 ) ;
#1742 = CARTESIAN_POINT ( 'NONE',  ( -0.5749999999999997335, -0.5749999999999992895, -0.5200000000000000178 ) ) ;
#1743 = CARTESIAN_POINT ( 'NONE',  ( -0.7499999999999998890, -0.6999999999999999556, -0.3450000000000000844 ) ) ;
#1744 = ORIENTED_EDGE ( 'NONE', *, *, #4104, .T. ) ;
#1745 = DIRECTION ( 'NONE',  ( -0.7071067811865474617, 0.7071067811865474617, 0.0000000000000000000 ) ) ;
#1746 = LINE ( 'NONE', #1438, #2368 ) ;
#1747 = DIRECTION ( 'NONE',  ( 0.0000000000000000000, -1.000000000000000000, 0.0000000000000000000 ) ) ;
#1748 = CARTESIAN_POINT ( 'NONE',  ( 0.7249999999999999778, 0.5250000000000000222, 0.0000000000000000000 ) ) ;
#1749 = EDGE_CURVE ( 'NONE', #3079, #1458, #62, .T. ) ;
#1750 = COLOUR_RGB ( '',0.7490196078431372584, 0.7490196078431372584, 0.7490196078431372584 ) ;
#1751 = LINE ( 'NONE', #1122, #3918 ) ;
#1752 = MECHANICAL_DESIGN_GEOMETRIC_PRESENTATION_REPRESENTATION (  '', ( #3560 ), #1152 ) ;
#1753 = EDGE_CURVE ( 'NONE', #296, #2956, #3046, .T. ) ;
#1754 = FILL_AREA_STYLE ('',( #3373 ) ) ;
#1755 = FILL_AREA_STYLE_COLOUR ( '', #1489 ) ;
#1756 = CIRCLE ( 'NONE', #2419, 0.1000000000000000472 ) ;
#1757 = EDGE_LOOP ( 'NONE', ( #1783, #82, #2477, #2140 ) ) ;
#1758 = PRESENTATION_LAYER_ASSIGNMENT (  '', '', ( #3368 ) ) ;
#1759 = ADVANCED_FACE ( 'NONE', ( #2341 ), #3408, .T. ) ;
#1760 = DIRECTION ( 'NONE',  ( -1.807003620809175125E-16, -0.0000000000000000000, -1.000000000000000000 ) ) ;
#1761 = LINE ( 'NONE', #1129, #200 ) ;
#1762 = AXIS2_PLACEMENT_3D ( 'NONE', #2541, #930, #2253 ) ;
#1763 = ORIENTED_EDGE ( 'NONE', *, *, #3288, .T. ) ;
#1764 =( LENGTH_UNIT ( ) NAMED_UNIT ( * ) SI_UNIT ( .MILLI., .METRE. ) );
#1765 = VECTOR ( 'NONE', #245, 1000.000000000000000 ) ;
#1766 = AXIS2_PLACEMENT_3D ( 'NONE', #2996, #3252, #54 ) ;
#1767 = EDGE_LOOP ( 'NONE', ( #3731, #1517, #31, #3274 ) ) ;
#1768 = LINE ( 'NONE', #3045, #2334 ) ;
#1769 = CARTESIAN_POINT ( 'NONE',  ( -0.4499999999999999001, -0.6999999999999999556, -0.4200000000000000955 ) ) ;
#1770 = VECTOR ( 'NONE', #656, 1000.000000000000000 ) ;
#1771 = ORIENTED_EDGE ( 'NONE', *, *, #1930, .T. ) ;
#1772 = CARTESIAN_POINT ( 'NONE',  ( 0.1999999999999999556, -0.8000000000000000444, -0.3450000000000000289 ) ) ;
#1773 = CARTESIAN_POINT ( 'NONE',  ( -0.7249999999999999778, 0.5250000000000000222, 0.0000000000000000000 ) ) ;
#1774 =( GEOMETRIC_REPRESENTATION_CONTEXT ( 3 ) GLOBAL_UNCERTAINTY_ASSIGNED_CONTEXT ( ( #1123 ) ) GLOBAL_UNIT_ASSIGNED_CONTEXT ( ( #2379, #3705, #1418 ) ) REPRESENTATION_CONTEXT ( 'NONE', 'WORKASPACE' ) );
#1775 = FILL_AREA_STYLE ('',( #3982 ) ) ;
#1776 = FACE_OUTER_BOUND ( 'NONE', #2004, .T. ) ;
#1777 = VECTOR ( 'NONE', #3346, 1000.000000000000000 ) ;
#1778 =( LENGTH_UNIT ( ) NAMED_UNIT ( * ) SI_UNIT ( .MILLI., .METRE. ) );
#1779 = PRESENTATION_STYLE_ASSIGNMENT (( #3681 ) ) ;
#1780 = CIRCLE ( 'NONE', #841, 0.1000000000000000472 ) ;
#1781 = SURFACE_SIDE_STYLE ('',( #432 ) ) ;
#1782 = DIRECTION ( 'NONE',  ( 1.000000000000000000, 0.0000000000000000000, 0.0000000000000000000 ) ) ;
#1783 = ORIENTED_EDGE ( 'NONE', *, *, #566, .T. ) ;
#1784 = ADVANCED_FACE ( 'NONE', ( #3650 ), #2084, .T. ) ;
#1785 = UNCERTAINTY_MEASURE_WITH_UNIT (LENGTH_MEASURE( 1.000000000000000082E-05 ), #3007, 'distance_accuracy_value', 'NONE');
#1786 = CARTESIAN_POINT ( 'NONE',  ( -0.7499999999999998890, -0.8000000000000000444, -0.4200000000000000955 ) ) ;
#1787 = FACE_OUTER_BOUND ( 'NONE', #693, .T. ) ;
#1788 = PRESENTATION_LAYER_ASSIGNMENT (  '', '', ( #3802 ) ) ;
#1789 = ORIENTED_EDGE ( 'NONE', *, *, #70, .F. ) ;
#1790 = FILL_AREA_STYLE ('',( #2102 ) ) ;
#1791 = EDGE_CURVE ( 'NONE', #605, #4061, #3720, .T. ) ;
#1792 = VECTOR ( 'NONE', #1197, 1000.000000000000000 ) ;
#1793 = PRESENTATION_STYLE_ASSIGNMENT (( #4065 ) ) ;
#1794 = EDGE_LOOP ( 'NONE', ( #2322, #707, #1082, #1388 ) ) ;
#1795 = DIRECTION ( 'NONE',  ( -0.0000000000000000000, 0.0000000000000000000, -1.000000000000000000 ) ) ;
#1796 = DIRECTION ( 'NONE',  ( -1.000000000000000000, 0.0000000000000000000, 1.807003620809174139E-16 ) ) ;
#1797 = ORIENTED_EDGE ( 'NONE', *, *, #501, .T. ) ;
#1798 = AXIS2_PLACEMENT_3D ( 'NONE', #1056, #73, #1732 ) ;
#1799 = FACE_OUTER_BOUND ( 'NONE', #2106, .T. ) ;
#1800 = FACE_OUTER_BOUND ( 'NONE', #2243, .T. ) ;
#1801 = SURFACE_SIDE_STYLE ('',( #2071 ) ) ;
#1802 = SURFACE_SIDE_STYLE ('',( #2324 ) ) ;
#1803 = FILL_AREA_STYLE_COLOUR ( '', #1365 ) ;
#1804 = DIRECTION ( 'NONE',  ( 0.0000000000000000000, 0.0000000000000000000, 1.000000000000000000 ) ) ;
#1805 = DIRECTION ( 'NONE',  ( 0.0000000000000000000, 0.0000000000000000000, -1.000000000000000000 ) ) ;
#1806 = VERTEX_POINT ( 'NONE', #3977 ) ;
#1807 = FILL_AREA_STYLE ('',( #1493 ) ) ;
#1808 = UNCERTAINTY_MEASURE_WITH_UNIT (LENGTH_MEASURE( 1.000000000000000082E-05 ), #3228, 'distance_accuracy_value', 'NONE');
#1809 = EDGE_CURVE ( 'NONE', #956, #1090, #3431, .T. ) ;
#1810 = ORIENTED_EDGE ( 'NONE', *, *, #3601, .T. ) ;
#1811 = DIRECTION ( 'NONE',  ( 1.000000000000000000, 0.0000000000000000000, 0.0000000000000000000 ) ) ;
#1812 = ORIENTED_EDGE ( 'NONE', *, *, #2784, .F. ) ;
#1813 =( LENGTH_UNIT ( ) NAMED_UNIT ( * ) SI_UNIT ( .MILLI., .METRE. ) );
#1814 = DIRECTION ( 'NONE',  ( 1.000000000000000000, 1.084202172485504434E-16, 0.0000000000000000000 ) ) ;
#1815 = ORIENTED_EDGE ( 'NONE', *, *, #3885, .T. ) ;
#1816 = CARTESIAN_POINT ( 'NONE',  ( -0.4499999999999999001, -0.8000000000000000444, -0.4200000000000000955 ) ) ;
#1817 = SURFACE_STYLE_USAGE ( .BOTH. , #3070 ) ;
#1818 = VECTOR ( 'NONE', #3214, 1000.000000000000000 ) ;
#1819 = UNCERTAINTY_MEASURE_WITH_UNIT (LENGTH_MEASURE( 1.000000000000000082E-05 ), #179, 'distance_accuracy_value', 'NONE');
#1820 = DIRECTION ( 'NONE',  ( 0.0000000000000000000, 1.000000000000000000, 0.0000000000000000000 ) ) ;
#1821 = DIRECTION ( 'NONE',  ( -1.000000000000000000, 0.0000000000000000000, 0.0000000000000000000 ) ) ;
#1822 = FACE_OUTER_BOUND ( 'NONE', #1064, .T. ) ;
#1823 = FACE_OUTER_BOUND ( 'NONE', #1116, .T. ) ;
#1824 = STYLED_ITEM ( 'NONE', ( #3558 ), #1031 ) ;
#1825 = CARTESIAN_POINT ( 'NONE',  ( 1.000000000000000000, 0.7999999999999999334, 0.0000000000000000000 ) ) ;
#1826 = LINE ( 'NONE', #1198, #2423 ) ;
#1827 = EDGE_LOOP ( 'NONE', ( #4102, #1871, #1921, #3665 ) ) ;
#1828 = COLOUR_RGB ( '',0.7490196078431372584, 0.7490196078431372584, 0.7490196078431372584 ) ;
#1829 = PRESENTATION_LAYER_ASSIGNMENT (  '', '', ( #3433 ) ) ;
#1831 = ORIENTED_EDGE ( 'NONE', *, *, #1428, .F. ) ;
#1830 = VECTOR ( 'NONE', #1845, 1000.000000000000000 ) ;
#1832 =( LENGTH_UNIT ( ) NAMED_UNIT ( * ) SI_UNIT ( .MILLI., .METRE. ) );
#1833 = MECHANICAL_DESIGN_GEOMETRIC_PRESENTATION_REPRESENTATION (  '', ( #2032 ), #3842 ) ;
#1834 = LINE ( 'NONE', #3110, #3904 ) ;
#1835 = ORIENTED_EDGE ( 'NONE', *, *, #3839, .T. ) ;
#1836 = PRESENTATION_STYLE_ASSIGNMENT (( #2485 ) ) ;
#1837 = CARTESIAN_POINT ( 'NONE',  ( -1.000000000000000000, -0.8000000000000001554, -0.5200000000000000178 ) ) ;
#1838 = ORIENTED_EDGE ( 'NONE', *, *, #8, .F. ) ;
#1839 =( NAMED_UNIT ( * ) SI_UNIT ( $, .STERADIAN. ) SOLID_ANGLE_UNIT ( ) );
#1840 = CARTESIAN_POINT ( 'NONE',  ( -0.8749999999999997780, -0.5749999999999992895, -0.5100000000000000089 ) ) ;
#1841 = EDGE_CURVE ( 'NONE', #2217, #252, #1135, .T. ) ;
#1842 = PRESENTATION_LAYER_ASSIGNMENT (  '', '', ( #2434 ) ) ;
#1843 =( GEOMETRIC_REPRESENTATION_CONTEXT ( 3 ) GLOBAL_UNCERTAINTY_ASSIGNED_CONTEXT ( ( #521 ) ) GLOBAL_UNIT_ASSIGNED_CONTEXT ( ( #1257, #3206, #3774 ) ) REPRESENTATION_CONTEXT ( 'NONE', 'WORKASPACE' ) );
#1844 = DIRECTION ( 'NONE',  ( 0.0000000000000000000, -1.000000000000000000, 0.0000000000000000000 ) ) ;
#1845 = DIRECTION ( 'NONE',  ( 1.000000000000000000, 1.084202172485504434E-16, -1.807003620809174385E-16 ) ) ;
#1846 = CARTESIAN_POINT ( 'NONE',  ( 0.8749999999999998890, 0.5250000000000000222, -0.01000000000000002623 ) ) ;
#1847 = CARTESIAN_POINT ( 'NONE',  ( -1.000000000000000000, 0.7999999999999999334, 0.0000000000000000000 ) ) ;
#1848 = VECTOR ( 'NONE', #3942, 1000.000000000000000 ) ;
#1849 = EDGE_CURVE ( 'NONE', #156, #2436, #4110, .T. ) ;
#1850 = VECTOR ( 'NONE', #3298, 1000.000000000000000 ) ;
#1851 = STYLED_ITEM ( 'NONE', ( #2590 ), #3316 ) ;
#1852 = CARTESIAN_POINT ( 'NONE',  ( -0.7499999999999998890, -0.6999999999999999556, -0.4200000000000000955 ) ) ;
#1853 = ORIENTED_EDGE ( 'NONE', *, *, #1884, .T. ) ;
#1854 = ORIENTED_EDGE ( 'NONE', *, *, #1299, .F. ) ;
#1855 = ORIENTED_EDGE ( 'NONE', *, *, #2616, .T. ) ;
#1856 = CIRCLE ( 'NONE', #757, 0.1499999999999999667 ) ;
#1857 = SURFACE_STYLE_USAGE ( .BOTH. , #1519 ) ;
#1858 = ORIENTED_EDGE ( 'NONE', *, *, #733, .F. ) ;
#1859 = CARTESIAN_POINT ( 'NONE',  ( -0.7749999999999991340, -0.6750000000000000444, -0.5100000000000000089 ) ) ;
#1860 =( NAMED_UNIT ( * ) PLANE_ANGLE_UNIT ( ) SI_UNIT ( $, .RADIAN. ) );
#1861 = ORIENTED_EDGE ( 'NONE', *, *, #1277, .F. ) ;
#1862 =( LENGTH_UNIT ( ) NAMED_UNIT ( * ) SI_UNIT ( .MILLI., .METRE. ) );
#1863 = UNCERTAINTY_MEASURE_WITH_UNIT (LENGTH_MEASURE( 1.000000000000000082E-05 ), #1993, 'distance_accuracy_value', 'NONE');
#1864 = LINE ( 'NONE', #262, #3048 ) ;
#1865 = PRESENTATION_STYLE_ASSIGNMENT (( #2803 ) ) ;
#1866 = EDGE_CURVE ( 'NONE', #2384, #3475, #3338, .T. ) ;
#1867 = FILL_AREA_STYLE_COLOUR ( '', #1157 ) ;
#1868 = SURFACE_STYLE_FILL_AREA ( #3144 ) ;
#1869 = EDGE_CURVE ( 'NONE', #286, #500, #3357, .T. ) ;
#1870 = EDGE_LOOP ( 'NONE', ( #1891, #3012, #3813, #1536, #2109, #258, #1340, #1110 ) ) ;
#1871 = ORIENTED_EDGE ( 'NONE', *, *, #2358, .T. ) ;
#1872 = VERTEX_POINT ( 'NONE', #84 ) ;
#1873 =( LENGTH_UNIT ( ) NAMED_UNIT ( * ) SI_UNIT ( .MILLI., .METRE. ) );
#1874 = ORIENTED_EDGE ( 'NONE', *, *, #2616, .F. ) ;
#1875 = SURFACE_STYLE_FILL_AREA ( #3084 ) ;
#1876 = ORIENTED_EDGE ( 'NONE', *, *, #818, .T. ) ;
#1877 = SURFACE_STYLE_FILL_AREA ( #4133 ) ;
#1878 = VECTOR ( 'NONE', #1598, 1000.000000000000000 ) ;
#1879 = LINE ( 'NONE', #3723, #75 ) ;
#1880 = LINE ( 'NONE', #1252, #2564 ) ;
#1881 = SURFACE_SIDE_STYLE ('',( #578 ) ) ;
#1882 = CARTESIAN_POINT ( 'NONE',  ( -0.1249999999999998890, 0.5749999999999991784, -0.5100000000000000089 ) ) ;
#1883 = CYLINDRICAL_SURFACE ( 'NONE', #4177, 0.1000000000000000472 ) ;
#1884 = EDGE_CURVE ( 'NONE', #641, #895, #2392, .T. ) ;
#1885 = MECHANICAL_DESIGN_GEOMETRIC_PRESENTATION_REPRESENTATION (  '', ( #3828 ), #1144 ) ;
#1886 = ORIENTED_EDGE ( 'NONE', *, *, #3312, .F. ) ;
#1887 = VECTOR ( 'NONE', #3489, 1000.000000000000000 ) ;
#1888 = UNCERTAINTY_MEASURE_WITH_UNIT (LENGTH_MEASURE( 1.000000000000000082E-05 ), #898, 'distance_accuracy_value', 'NONE');
#1889 = ORIENTED_EDGE ( 'NONE', *, *, #3165, .F. ) ;
#1890 = VECTOR ( 'NONE', #3810, 1000.000000000000000 ) ;
#1891 = ORIENTED_EDGE ( 'NONE', *, *, #1930, .F. ) ;
#1892 = EDGE_CURVE ( 'NONE', #1178, #3235, #3673, .T. ) ;
#1893 = CIRCLE ( 'NONE', #943, 0.1000000000000000472 ) ;
#1894 = PRESENTATION_STYLE_ASSIGNMENT (( #2270 ) ) ;
#1895 = ORIENTED_EDGE ( 'NONE', *, *, #3037, .F. ) ;
#1896 = CARTESIAN_POINT ( 'NONE',  ( 0.3500000000000001443, -0.8000000000000000444, -0.4200000000000000955 ) ) ;
#1897 = ORIENTED_EDGE ( 'NONE', *, *, #4149, .T. ) ;
#1898 =( GEOMETRIC_REPRESENTATION_CONTEXT ( 3 ) GLOBAL_UNCERTAINTY_ASSIGNED_CONTEXT ( ( #1451 ) ) GLOBAL_UNIT_ASSIGNED_CONTEXT ( ( #2024, #3278, #710 ) ) REPRESENTATION_CONTEXT ( 'NONE', 'WORKASPACE' ) );
#1899 = COLOUR_RGB ( '',0.7490196078431372584, 0.7490196078431372584, 0.7490196078431372584 ) ;
#1900 = ORIENTED_EDGE ( 'NONE', *, *, #2980, .F. ) ;
#1901 = CARTESIAN_POINT ( 'NONE',  ( 0.1999999999999999556, -0.6999999999999999556, -0.3450000000000000289 ) ) ;
#1902 = FACE_BOUND ( 'NONE', #3875, .T. ) ;
#1903 = DIRECTION ( 'NONE',  ( 1.000000000000000000, 0.0000000000000000000, 0.0000000000000000000 ) ) ;
#1904 = COLOUR_RGB ( '',0.7490196078431372584, 0.7490196078431372584, 0.7490196078431372584 ) ;
#1905 = CIRCLE ( 'NONE', #3508, 0.09999999999999999167 ) ;
#1906 = PLANE ( 'NONE',  #2976 ) ;
#1907 = PRESENTATION_LAYER_ASSIGNMENT (  '', '', ( #271 ) ) ;
#1908 = VECTOR ( 'NONE', #3853, 1000.000000000000000 ) ;
#1909 = LINE ( 'NONE', #3187, #1457 ) ;
#1910 = COLOUR_RGB ( '',0.7490196078431372584, 0.7490196078431372584, 0.7490196078431372584 ) ;
#1911 = PRESENTATION_LAYER_ASSIGNMENT (  '', '', ( #3994 ) ) ;
#1912 = ORIENTED_EDGE ( 'NONE', *, *, #3993, .F. ) ;
#1913 = ORIENTED_EDGE ( 'NONE', *, *, #1791, .F. ) ;
#1914 = EDGE_CURVE ( 'NONE', #3737, #896, #3954, .T. ) ;
#1915 = CIRCLE ( 'NONE', #1515, 0.09999999999999999167 ) ;
#1916 = FACE_OUTER_BOUND ( 'NONE', #3016, .T. ) ;
#1917 = VERTEX_POINT ( 'NONE', #467 ) ;
#1918 = VERTEX_POINT ( 'NONE', #1769 ) ;
#1919 = EDGE_CURVE ( 'NONE', #2097, #3422, #2486, .T. ) ;
#1920 = PRESENTATION_LAYER_ASSIGNMENT (  '', '', ( #3055 ) ) ;
#1921 = ORIENTED_EDGE ( 'NONE', *, *, #2119, .T. ) ;
#1922 = CARTESIAN_POINT ( 'NONE',  ( -0.7249999999999999778, -0.5250000000000000222, -0.01000000000000002623 ) ) ;
#1923 = LINE ( 'NONE', #2206, #1687 ) ;
#1924 = DIRECTION ( 'NONE',  ( 0.0000000000000000000, 0.0000000000000000000, 1.000000000000000000 ) ) ;
#1925 = VECTOR ( 'NONE', #3404, 1000.000000000000000 ) ;
#1926 = FACE_OUTER_BOUND ( 'NONE', #3592, .T. ) ;
#1927 =( LENGTH_UNIT ( ) NAMED_UNIT ( * ) SI_UNIT ( .MILLI., .METRE. ) );
#1928 = PLANE ( 'NONE',  #3171 ) ;
#1929 = ORIENTED_EDGE ( 'NONE', *, *, #705, .F. ) ;
#1930 = EDGE_CURVE ( 'NONE', #3168, #3859, #2495, .T. ) ;
#1931 = CARTESIAN_POINT ( 'NONE',  ( 0.8750000000000003331, -0.5749999999999992895, -0.5200000000000000178 ) ) ;
#1932 = CARTESIAN_POINT ( 'NONE',  ( 0.7249999999999999778, 0.6750000000000000444, -0.01000000000000002623 ) ) ;
#1933 = ORIENTED_EDGE ( 'NONE', *, *, #2831, .F. ) ;
#1934 = CARTESIAN_POINT ( 'NONE',  ( 0.8750000000000003331, 0.5749999999999999556, -0.5100000000000000089 ) ) ;
#1935 = VERTEX_POINT ( 'NONE', #2835 ) ;
#1936 = DIRECTION ( 'NONE',  ( 0.0000000000000000000, 1.000000000000000000, 0.0000000000000000000 ) ) ;
#1937 = CARTESIAN_POINT ( 'NONE',  ( -0.6749999999999998224, -0.5749999999999999556, -0.5200000000000000178 ) ) ;
#1938 = CLOSED_SHELL ( 'NONE', ( #2077, #1320, #236, #2138, #2730, #2540 ) ) ;
#1939 = SURFACE_STYLE_USAGE ( .BOTH. , #66 ) ;
#1940 = DIRECTION ( 'NONE',  ( 0.0000000000000000000, 1.000000000000000000, 0.0000000000000000000 ) ) ;
#1941 = DIRECTION ( 'NONE',  ( 0.0000000000000000000, -1.000000000000000000, 0.0000000000000000000 ) ) ;
#1942 = ADVANCED_FACE ( 'NONE', ( #3742 ), #2546, .T. ) ;
#1943 = LINE ( 'NONE', #3221, #1231 ) ;
#1944 = DIRECTION ( 'NONE',  ( 0.0000000000000000000, 0.0000000000000000000, 1.000000000000000000 ) ) ;
#1945 = AXIS2_PLACEMENT_3D ( 'NONE', #2733, #4023, #3696 ) ;
#1946 = DIRECTION ( 'NONE',  ( 0.0000000000000000000, 1.000000000000000000, 1.807003620809174632E-16 ) ) ;
#1947 = EDGE_LOOP ( 'NONE', ( #2663, #3587, #3426, #3803 ) ) ;
#1948 = SURFACE_STYLE_FILL_AREA ( #1974 ) ;
#1949 = VECTOR ( 'NONE', #3384, 1000.000000000000000 ) ;
#1950 = SURFACE_STYLE_USAGE ( .BOTH. , #3273 ) ;
#1951 = ORIENTED_EDGE ( 'NONE', *, *, #1115, .F. ) ;
#1952 = SURFACE_SIDE_STYLE ('',( #645 ) ) ;
#1953 = CIRCLE ( 'NONE', #1622, 0.1499999999999999667 ) ;
#1954 = ORIENTED_EDGE ( 'NONE', *, *, #2310, .F. ) ;
#1955 =( NAMED_UNIT ( * ) SI_UNIT ( $, .STERADIAN. ) SOLID_ANGLE_UNIT ( ) );
#1956 = DIRECTION ( 'NONE',  ( 0.0000000000000000000, 1.000000000000000000, 0.0000000000000000000 ) ) ;
#1957 = VECTOR ( 'NONE', #288, 1000.000000000000000 ) ;
#1958 = PRESENTATION_STYLE_ASSIGNMENT (( #1391 ) ) ;
#1959 = STYLED_ITEM ( 'NONE', ( #1865 ), #2327 ) ;
#1960 =( NAMED_UNIT ( * ) PLANE_ANGLE_UNIT ( ) SI_UNIT ( $, .RADIAN. ) );
#1961 = EDGE_CURVE ( 'NONE', #1656, #2604, #4068, .T. ) ;
#1962 = PRESENTATION_LAYER_ASSIGNMENT (  '', '', ( #1504 ) ) ;
#1963 = PLANE ( 'NONE',  #2428 ) ;
#1964 = VECTOR ( 'NONE', #3991, 1000.000000000000000 ) ;
#1965 = DIRECTION ( 'NONE',  ( 0.0000000000000000000, 0.0000000000000000000, 1.000000000000000000 ) ) ;
#1966 = EDGE_CURVE ( 'NONE', #3270, #2975, #588, .T. ) ;
#1967 = FILL_AREA_STYLE_COLOUR ( '', #1649 ) ;
#1968 = MECHANICAL_DESIGN_GEOMETRIC_PRESENTATION_REPRESENTATION (  '', ( #2896 ), #2360 ) ;
#1969 = LINE ( 'NONE', #3920, #3193 ) ;
#1970 =( NAMED_UNIT ( * ) PLANE_ANGLE_UNIT ( ) SI_UNIT ( $, .RADIAN. ) );
#1971 = FACE_OUTER_BOUND ( 'NONE', #3311, .T. ) ;
#1972 = ORIENTED_EDGE ( 'NONE', *, *, #3836, .T. ) ;
#1973 =( GEOMETRIC_REPRESENTATION_CONTEXT ( 3 ) GLOBAL_UNCERTAINTY_ASSIGNED_CONTEXT ( ( #189 ) ) GLOBAL_UNIT_ASSIGNED_CONTEXT ( ( #2346, #1960, #986 ) ) REPRESENTATION_CONTEXT ( 'NONE', 'WORKASPACE' ) );
#1974 = FILL_AREA_STYLE ('',( #3480 ) ) ;
#1975 = DIRECTION ( 'NONE',  ( 0.0000000000000000000, -1.000000000000000000, 0.0000000000000000000 ) ) ;
#1976 = PRESENTATION_LAYER_ASSIGNMENT (  '', '', ( #3640 ) ) ;
#1977 = ORIENTED_EDGE ( 'NONE', *, *, #3378, .T. ) ;
#1978 = DIRECTION ( 'NONE',  ( 9.427844978134833759E-17, 1.000000000000000000, 0.0000000000000000000 ) ) ;
#1979 = VECTOR ( 'NONE', #2469, 1000.000000000000000 ) ;
#1980 = ORIENTED_EDGE ( 'NONE', *, *, #3219, .F. ) ;
#1981 = LINE ( 'NONE', #3258, #1818 ) ;
#1982 = LINE ( 'NONE', #1048, #3297 ) ;
#1983 = VERTEX_POINT ( 'NONE', #1541 ) ;
#1984 = FACE_OUTER_BOUND ( 'NONE', #3896, .T. ) ;
#1985 = DIRECTION ( 'NONE',  ( 0.0000000000000000000, 0.0000000000000000000, 1.000000000000000000 ) ) ;
#1986 =( GEOMETRIC_REPRESENTATION_CONTEXT ( 3 ) GLOBAL_UNCERTAINTY_ASSIGNED_CONTEXT ( ( #3004 ) ) GLOBAL_UNIT_ASSIGNED_CONTEXT ( ( #661, #74, #1376 ) ) REPRESENTATION_CONTEXT ( 'NONE', 'WORKASPACE' ) );
#1987 = ADVANCED_FACE ( 'NONE', ( #1250 ), #1207, .F. ) ;
#1988 = SURFACE_SIDE_STYLE ('',( #1010 ) ) ;
#1989 = DIRECTION ( 'NONE',  ( 0.0000000000000000000, 0.0000000000000000000, 1.000000000000000000 ) ) ;
#1990 = DIRECTION ( 'NONE',  ( -1.000000000000000000, 0.0000000000000000000, 0.0000000000000000000 ) ) ;
#1991 = EDGE_CURVE ( 'NONE', #3716, #241, #2529, .T. ) ;
#1992 = DIRECTION ( 'NONE',  ( 0.0000000000000000000, 0.0000000000000000000, 1.000000000000000000 ) ) ;
#1993 =( LENGTH_UNIT ( ) NAMED_UNIT ( * ) SI_UNIT ( .MILLI., .METRE. ) );
#1994 =( GEOMETRIC_REPRESENTATION_CONTEXT ( 3 ) GLOBAL_UNCERTAINTY_ASSIGNED_CONTEXT ( ( #3476 ) ) GLOBAL_UNIT_ASSIGNED_CONTEXT ( ( #3017, #1131, #3423 ) ) REPRESENTATION_CONTEXT ( 'NONE', 'WORKASPACE' ) );
#1995 = DIRECTION ( 'NONE',  ( -1.000000000000000000, 0.0000000000000000000, 0.0000000000000000000 ) ) ;
#1996 = ORIENTED_EDGE ( 'NONE', *, *, #1315, .F. ) ;
#1997 =( NAMED_UNIT ( * ) SI_UNIT ( $, .STERADIAN. ) SOLID_ANGLE_UNIT ( ) );
#1998 = FILL_AREA_STYLE_COLOUR ( '', #652 ) ;
#1999 = ORIENTED_EDGE ( 'NONE', *, *, #251, .T. ) ;
#2000 =( NAMED_UNIT ( * ) SI_UNIT ( $, .STERADIAN. ) SOLID_ANGLE_UNIT ( ) );
#2001 = ORIENTED_EDGE ( 'NONE', *, *, #2072, .T. ) ;
#2002 = FACE_OUTER_BOUND ( 'NONE', #3503, .T. ) ;
#2003 = DIRECTION ( 'NONE',  ( -0.0000000000000000000, 0.0000000000000000000, -1.000000000000000000 ) ) ;
#2004 = EDGE_LOOP ( 'NONE', ( #2825, #1667, #695, #2193 ) ) ;
#2005 = LINE ( 'NONE', #40, #2712 ) ;
#2006 = CARTESIAN_POINT ( 'NONE',  ( 0.2000000000000000944, -0.6999999999999999556, -0.4200000000000000955 ) ) ;
#2007 = CARTESIAN_POINT ( 'NONE',  ( -0.8749999999999998890, 0.5250000000000000222, 0.0000000000000000000 ) ) ;
#2008 = DIRECTION ( 'NONE',  ( 0.0000000000000000000, 1.000000000000000000, 0.0000000000000000000 ) ) ;
#2009 = DIRECTION ( 'NONE',  ( -1.000000000000000000, 0.0000000000000000000, 0.0000000000000000000 ) ) ;
#2010 = EDGE_CURVE ( 'NONE', #3446, #605, #1584, .T. ) ;
#2011 = DIRECTION ( 'NONE',  ( 0.0000000000000000000, 1.000000000000000000, 0.0000000000000000000 ) ) ;
#2012 = SURFACE_STYLE_USAGE ( .BOTH. , #3602 ) ;
#2013 = ORIENTED_EDGE ( 'NONE', *, *, #947, .T. ) ;
#2014 = EDGE_CURVE ( 'NONE', #2614, #3168, #900, .T. ) ;
#2015 = PRESENTATION_LAYER_ASSIGNMENT (  '', '', ( #255 ) ) ;
#2016 = DIRECTION ( 'NONE',  ( -2.891205793294679805E-15, 0.0000000000000000000, 1.000000000000000000 ) ) ;
#2017 =( NAMED_UNIT ( * ) PLANE_ANGLE_UNIT ( ) SI_UNIT ( $, .RADIAN. ) );
#2018 = VERTEX_POINT ( 'NONE', #3113 ) ;
#2019 = STYLED_ITEM ( 'NONE', ( #2133 ), #1088 ) ;
#2020 = LINE ( 'NONE', #3292, #1506 ) ;
#2021 = EDGE_CURVE ( 'NONE', #2959, #2143, #3085, .T. ) ;
#2022 = STYLED_ITEM ( 'NONE', ( #3067 ), #1759 ) ;
#2023 = EDGE_LOOP ( 'NONE', ( #4043, #4130, #487, #64 ) ) ;
#2024 =( LENGTH_UNIT ( ) NAMED_UNIT ( * ) SI_UNIT ( .MILLI., .METRE. ) );
#2025 = ORIENTED_EDGE ( 'NONE', *, *, #3805, .T. ) ;
#2026 = LINE ( 'NONE', #3628, #1303 ) ;
#2027 = AXIS2_PLACEMENT_3D ( 'NONE', #3763, #243, #4089 ) ;
#2028 = VECTOR ( 'NONE', #3996, 1000.000000000000000 ) ;
#2029 = CARTESIAN_POINT ( 'NONE',  ( 0.7249999999999999778, -0.6750000000000000444, -0.01000000000000002623 ) ) ;
#2030 = CARTESIAN_POINT ( 'NONE',  ( 1.000000000000000000, -0.07499999999999999722, -0.3450000000000000844 ) ) ;
#2031 = STYLED_ITEM ( 'NONE', ( #3366 ), #1535 ) ;
#2032 = STYLED_ITEM ( 'NONE', ( #3351 ), #236 ) ;
#2033 = SURFACE_STYLE_USAGE ( .BOTH. , #3286 ) ;
#2035 = FACE_OUTER_BOUND ( 'NONE', #2809, .T. ) ;
#2034 = STYLED_ITEM ( 'NONE', ( #3151 ), #2418 ) ;
#2036 = ORIENTED_EDGE ( 'NONE', *, *, #1668, .T. ) ;
#2037 = PRESENTATION_LAYER_ASSIGNMENT (  '', '', ( #892 ) ) ;
#2038 =( NAMED_UNIT ( * ) PLANE_ANGLE_UNIT ( ) SI_UNIT ( $, .RADIAN. ) );
#2039 =( LENGTH_UNIT ( ) NAMED_UNIT ( * ) SI_UNIT ( .MILLI., .METRE. ) );
#2040 = EDGE_CURVE ( 'NONE', #3781, #132, #2464, .T. ) ;
#2041 = ORIENTED_EDGE ( 'NONE', *, *, #760, .T. ) ;
#2042 = VECTOR ( 'NONE', #2924, 1000.000000000000000 ) ;
#2043 = PRESENTATION_STYLE_ASSIGNMENT (( #734 ) ) ;
#2044 = PRESENTATION_LAYER_ASSIGNMENT (  '', '', ( #1443 ) ) ;
#2045 = ORIENTED_EDGE ( 'NONE', *, *, #1991, .T. ) ;
#2046 = CARTESIAN_POINT ( 'NONE',  ( -0.4500000000000000111, -0.6999999999999999556, -0.3450000000000000289 ) ) ;
#2047 = CARTESIAN_POINT ( 'NONE',  ( 0.1999999999999999556, -0.8000000000000000444, -0.3450000000000000289 ) ) ;
#2048 = ADVANCED_FACE ( 'NONE', ( #2222 ), #3483, .F. ) ;
#2049 = ORIENTED_EDGE ( 'NONE', *, *, #375, .T. ) ;
#2050 = PRESENTATION_STYLE_ASSIGNMENT (( #766 ) ) ;
#2051 = CARTESIAN_POINT ( 'NONE',  ( 1.000000000000000000, -0.07499999999999999722, -0.3450000000000000844 ) ) ;
#2052 = CARTESIAN_POINT ( 'NONE',  ( -0.6750000000000004885, 0.6750000000000000444, -0.5100000000000000089 ) ) ;
#2053 = DIRECTION ( 'NONE',  ( -2.891205793294679805E-15, 0.0000000000000000000, 1.000000000000000000 ) ) ;
#2054 = FACE_OUTER_BOUND ( 'NONE', #3615, .T. ) ;
#2055 = DIRECTION ( 'NONE',  ( 0.0000000000000000000, -1.000000000000000000, 0.0000000000000000000 ) ) ;
#2056 = LINE ( 'NONE', #146, #2585 ) ;
#2057 = FACE_OUTER_BOUND ( 'NONE', #3565, .T. ) ;
#2058 = FACE_OUTER_BOUND ( 'NONE', #673, .T. ) ;
#2059 = ORIENTED_EDGE ( 'NONE', *, *, #3755, .F. ) ;
#2060 =( GEOMETRIC_REPRESENTATION_CONTEXT ( 3 ) GLOBAL_UNCERTAINTY_ASSIGNED_CONTEXT ( ( #273 ) ) GLOBAL_UNIT_ASSIGNED_CONTEXT ( ( #1832, #1202, #1246 ) ) REPRESENTATION_CONTEXT ( 'NONE', 'WORKASPACE' ) );
#2061 = SURFACE_STYLE_FILL_AREA ( #755 ) ;
#2062 = CARTESIAN_POINT ( 'NONE',  ( -0.02499999999999983485, -0.5749999999999999556, -0.5200000000000000178 ) ) ;
#2063 = ORIENTED_EDGE ( 'NONE', *, *, #3765, .F. ) ;
#2064 =( NAMED_UNIT ( * ) SI_UNIT ( $, .STERADIAN. ) SOLID_ANGLE_UNIT ( ) );
#2065 = EDGE_CURVE ( 'NONE', #4100, #218, #2184, .T. ) ;
#2066 = VERTEX_POINT ( 'NONE', #3210 ) ;
#2067 = CARTESIAN_POINT ( 'NONE',  ( -0.02499999999999983485, -0.5749999999999999556, -0.5100000000000000089 ) ) ;
#2068 = DIRECTION ( 'NONE',  ( 0.0000000000000000000, 0.0000000000000000000, -1.000000000000000000 ) ) ;
#2069 = ORIENTED_EDGE ( 'NONE', *, *, #2237, .F. ) ;
#2070 = CARTESIAN_POINT ( 'NONE',  ( -0.8999999999999999112, -0.8000000000000000444, -0.3450000000000000289 ) ) ;
#2071 = SURFACE_STYLE_FILL_AREA ( #3745 ) ;
#2072 = EDGE_CURVE ( 'NONE', #1806, #4106, #3878, .T. ) ;
#2073 = LINE ( 'NONE', #2052, #725 ) ;
#2074 = DIRECTION ( 'NONE',  ( 0.0000000000000000000, 0.0000000000000000000, 1.000000000000000000 ) ) ;
#2075 = SURFACE_STYLE_USAGE ( .BOTH. , #183 ) ;
#2076 = DIRECTION ( 'NONE',  ( 0.0000000000000000000, 0.0000000000000000000, 1.000000000000000000 ) ) ;
#2077 = ADVANCED_FACE ( 'NONE', ( #3511 ), #629, .F. ) ;
#2078 = FACE_OUTER_BOUND ( 'NONE', #2195, .T. ) ;
#2079 = PLANE ( 'NONE',  #136 ) ;
#2080 = ORIENTED_EDGE ( 'NONE', *, *, #2, .T. ) ;
#2081 = CARTESIAN_POINT ( 'NONE',  ( 0.8749999999999997780, -0.5250000000000000222, -0.01000000000000002623 ) ) ;
#2082 = VERTEX_POINT ( 'NONE', #2619 ) ;
#2083 = EDGE_LOOP ( 'NONE', ( #240, #1718, #3382, #1306 ) ) ;
#2084 = PLANE ( 'NONE',  #2752 ) ;
#2085 = ORIENTED_EDGE ( 'NONE', *, *, #1630, .F. ) ;
#2086 = COLOUR_RGB ( '',0.7490196078431372584, 0.7490196078431372584, 0.7490196078431372584 ) ;
#2087 = PRESENTATION_STYLE_ASSIGNMENT (( #513 ) ) ;
#2088 = CARTESIAN_POINT ( 'NONE',  ( 0.1999999999999999556, -0.6999999999999999556, -0.3450000000000000289 ) ) ;
#2089 = SURFACE_STYLE_FILL_AREA ( #4053 ) ;
#2090 = AXIS2_PLACEMENT_3D ( 'NONE', #3154, #533, #1500 ) ;
#2091 = EDGE_CURVE ( 'NONE', #3254, #855, #45, .T. ) ;
#2092 = CARTESIAN_POINT ( 'NONE',  ( -0.8500000000000000888, -0.8000000000000001554, -0.09999999999999999167 ) ) ;
#2093 = FILL_AREA_STYLE_COLOUR ( '', #92 ) ;
#2094 = DIRECTION ( 'NONE',  ( 1.000000000000000000, 0.0000000000000000000, -1.807003620809174385E-16 ) ) ;
#2095 = CARTESIAN_POINT ( 'NONE',  ( -0.8999999999999999112, -0.9677050983124845240, -0.3450000000000000289 ) ) ;
#2096 = ADVANCED_FACE ( 'NONE', ( #1639 ), #336, .T. ) ;
#2097 = VERTEX_POINT ( 'NONE', #1305 ) ;
#2098 = MECHANICAL_DESIGN_GEOMETRIC_PRESENTATION_REPRESENTATION (  '', ( #1563 ), #1352 ) ;
#2099 =( NAMED_UNIT ( * ) SI_UNIT ( $, .STERADIAN. ) SOLID_ANGLE_UNIT ( ) );
#2100 = COLOUR_RGB ( '',1.000000000000000000, 1.000000000000000000, 1.000000000000000000 ) ;
#2101 = VERTEX_POINT ( 'NONE', #2562 ) ;
#2102 = FILL_AREA_STYLE_COLOUR ( '', #2727 ) ;
#2103 = VECTOR ( 'NONE', #4148, 1000.000000000000000 ) ;
#2104 = VECTOR ( 'NONE', #3642, 1000.000000000000000 ) ;
#2105 = DIRECTION ( 'NONE',  ( 1.000000000000000000, 0.0000000000000000000, 0.0000000000000000000 ) ) ;
#2106 = EDGE_LOOP ( 'NONE', ( #3646, #2134, #3135, #1479 ) ) ;
#2107 = FACE_OUTER_BOUND ( 'NONE', #3740, .T. ) ;
#2108 = CARTESIAN_POINT ( 'NONE',  ( -0.5749999999999997335, -0.5749999999999992895, -0.5100000000000000089 ) ) ;
#2109 = ORIENTED_EDGE ( 'NONE', *, *, #1701, .F. ) ;
#2110 = DIRECTION ( 'NONE',  ( 0.0000000000000000000, 0.0000000000000000000, 1.000000000000000000 ) ) ;
#2111 = PRESENTATION_STYLE_ASSIGNMENT (( #2397 ) ) ;
#2112 =( NAMED_UNIT ( * ) SI_UNIT ( $, .STERADIAN. ) SOLID_ANGLE_UNIT ( ) );
#2113 = SURFACE_STYLE_USAGE ( .BOTH. , #1802 ) ;
#2114 = VECTOR ( 'NONE', #2110, 1000.000000000000000 ) ;
#2115 = SURFACE_STYLE_FILL_AREA ( #3031 ) ;
#2116 = EDGE_CURVE ( 'NONE', #4106, #61, #192, .T. ) ;
#2117 =( NAMED_UNIT ( * ) SI_UNIT ( $, .STERADIAN. ) SOLID_ANGLE_UNIT ( ) );
#2118 = ORIENTED_EDGE ( 'NONE', *, *, #1652, .T. ) ;
#2119 = EDGE_CURVE ( 'NONE', #2097, #2789, #2644, .T. ) ;
#2120 = UNCERTAINTY_MEASURE_WITH_UNIT (LENGTH_MEASURE( 1.000000000000000082E-05 ), #1873, 'distance_accuracy_value', 'NONE');
#2121 = CARTESIAN_POINT ( 'NONE',  ( -0.3000000000000000444, -0.8000000000000000444, -0.3450000000000000289 ) ) ;
#2122 = CARTESIAN_POINT ( 'NONE',  ( 0.7749999999999996891, 0.6750000000000000444, -0.5100000000000000089 ) ) ;
#2123 = VECTOR ( 'NONE', #1398, 1000.000000000000000 ) ;
#2124 = VERTEX_POINT ( 'NONE', #4162 ) ;
#2125 = LINE ( 'NONE', #3973, #1925 ) ;
#2126 = ORIENTED_EDGE ( 'NONE', *, *, #2955, .T. ) ;
#2127 = DIRECTION ( 'NONE',  ( 0.0000000000000000000, 1.000000000000000000, 0.0000000000000000000 ) ) ;
#2128 = ORIENTED_EDGE ( 'NONE', *, *, #1420, .F. ) ;
#2129 = CARTESIAN_POINT ( 'NONE',  ( -0.8999999999999999112, -0.6999999999999999556, -0.3450000000000000289 ) ) ;
#2130 = DIRECTION ( 'NONE',  ( 0.0000000000000000000, 0.0000000000000000000, -1.000000000000000000 ) ) ;
#2131 = LINE ( 'NONE', #1235, #128 ) ;
#2132 =( NAMED_UNIT ( * ) PLANE_ANGLE_UNIT ( ) SI_UNIT ( $, .RADIAN. ) );
#2133 = PRESENTATION_STYLE_ASSIGNMENT (( #775 ) ) ;
#2134 = ORIENTED_EDGE ( 'NONE', *, *, #994, .T. ) ;
#2135 = ADVANCED_FACE ( 'NONE', ( #372 ), #2635, .F. ) ;
#2136 = CARTESIAN_POINT ( 'NONE',  ( -0.8749999999999998890, -0.5749999999999992895, -0.5100000000000000089 ) ) ;
#2137 = ORIENTED_EDGE ( 'NONE', *, *, #447, .T. ) ;
#2138 = ADVANCED_FACE ( 'NONE', ( #1926 ), #19, .F. ) ;
#2139 = SURFACE_SIDE_STYLE ('',( #3465 ) ) ;
#2140 = ORIENTED_EDGE ( 'NONE', *, *, #1109, .T. ) ;
#2141 = CARTESIAN_POINT ( 'NONE',  ( 0.2000000000000000944, -0.6999999999999999556, -0.4200000000000000955 ) ) ;
#2142 = DIRECTION ( 'NONE',  ( -0.0000000000000000000, 0.0000000000000000000, -1.000000000000000000 ) ) ;
#2143 = VERTEX_POINT ( 'NONE', #1645 ) ;
#2144 = EDGE_CURVE ( 'NONE', #568, #2829, #3282, .T. ) ;
#2145 = CARTESIAN_POINT ( 'NONE',  ( 1.167705098312484147, -0.07499999999999999722, -0.3450000000000000844 ) ) ;
#2146 = UNCERTAINTY_MEASURE_WITH_UNIT (LENGTH_MEASURE( 1.000000000000000082E-05 ), #2569, 'distance_accuracy_value', 'NONE');
#2147 = DIRECTION ( 'NONE',  ( 0.0000000000000000000, 0.0000000000000000000, 1.000000000000000000 ) ) ;
#2148 = FACE_OUTER_BOUND ( 'NONE', #3778, .T. ) ;
#2149 = CARTESIAN_POINT ( 'NONE',  ( 0.2000000000000000944, -0.8000000000000000444, -0.4200000000000000955 ) ) ;
#2150 = DIRECTION ( 'NONE',  ( -0.0000000000000000000, 0.0000000000000000000, -1.000000000000000000 ) ) ;
#2151 = COLOUR_RGB ( '',0.7921568627450980005, 0.8196078431372548767, 0.9333333333333333481 ) ;
#2152 = VECTOR ( 'NONE', #2773, 1000.000000000000000 ) ;
#2153 = PRESENTATION_STYLE_ASSIGNMENT (( #2496 ) ) ;
#2154 = DIRECTION ( 'NONE',  ( -0.0000000000000000000, 1.000000000000000000, 0.0000000000000000000 ) ) ;
#2155 = ORIENTED_EDGE ( 'NONE', *, *, #2366, .F. ) ;
#2156 = VECTOR ( 'NONE', #2431, 1000.000000000000000 ) ;
#2157 = STYLED_ITEM ( 'NONE', ( #1212 ), #1556 ) ;
#2159 = ORIENTED_EDGE ( 'NONE', *, *, #3757, .T. ) ;
#2158 =( GEOMETRIC_REPRESENTATION_CONTEXT ( 3 ) GLOBAL_UNCERTAINTY_ASSIGNED_CONTEXT ( ( #2744 ) ) GLOBAL_UNIT_ASSIGNED_CONTEXT ( ( #3633, #406, #1709 ) ) REPRESENTATION_CONTEXT ( 'NONE', 'WORKASPACE' ) );
#2160 = AXIS2_PLACEMENT_3D ( 'NONE', #2833, #977, #642 ) ;
#2161 = MECHANICAL_DESIGN_GEOMETRIC_PRESENTATION_REPRESENTATION (  '', ( #56 ), #660 ) ;
#2162 = EDGE_CURVE ( 'NONE', #1586, #1935, #2901, .T. ) ;
#2163 = CARTESIAN_POINT ( 'NONE',  ( -0.4499999999999999001, -0.8000000000000001554, -0.4200000000000000955 ) ) ;
#2164 = ORIENTED_EDGE ( 'NONE', *, *, #350, .F. ) ;
#2165 = DIRECTION ( 'NONE',  ( 0.0000000000000000000, 0.0000000000000000000, 1.000000000000000000 ) ) ;
#2166 = DIRECTION ( 'NONE',  ( 0.0000000000000000000, -1.000000000000000000, 0.0000000000000000000 ) ) ;
#2167 = ORIENTED_EDGE ( 'NONE', *, *, #368, .F. ) ;
#2168 = CARTESIAN_POINT ( 'NONE',  ( -0.8999999999999999112, -0.9677050983124845240, -0.4200000000000000955 ) ) ;
#2169 = VECTOR ( 'NONE', #134, 1000.000000000000000 ) ;
#2170 = EDGE_CURVE ( 'NONE', #421, #3789, #2285, .T. ) ;
#2171 = PLANE ( 'NONE',  #614 ) ;
#2172 = CARTESIAN_POINT ( 'NONE',  ( 0.9000000000000000222, -0.07499999999999999722, -0.3450000000000000844 ) ) ;
#2173 = DIRECTION ( 'NONE',  ( 2.891205793294680594E-15, 0.0000000000000000000, -1.000000000000000000 ) ) ;
#2174 = CARTESIAN_POINT ( 'NONE',  ( -0.8749999999999997780, -0.5250000000000000222, -0.01000000000000002623 ) ) ;
#2175 = AXIS2_PLACEMENT_3D ( 'NONE', #4115, #1237, #3205 ) ;
#2176 = FILL_AREA_STYLE_COLOUR ( '', #2309 ) ;
#2177 = EDGE_LOOP ( 'NONE', ( #959, #3844, #4046, #3639 ) ) ;
#2178 = ORIENTED_EDGE ( 'NONE', *, *, #1966, .F. ) ;
#2179 = ORIENTED_EDGE ( 'NONE', *, *, #60, .F. ) ;
#2180 = EDGE_CURVE ( 'NONE', #2735, #61, #3579, .T. ) ;
#2181 = CIRCLE ( 'NONE', #2656, 0.1499999999999999667 ) ;
#2182 = FILL_AREA_STYLE ('',( #1158 ) ) ;
#2183 = ORIENTED_EDGE ( 'NONE', *, *, #230, .T. ) ;
#2184 = LINE ( 'NONE', #1932, #526 ) ;
#2185 = VERTEX_POINT ( 'NONE', #3264 ) ;
#2186 = LINE ( 'NONE', #3138, #1765 ) ;
#2187 = AXIS2_PLACEMENT_3D ( 'NONE', #2865, #866, #249 ) ;
#2188 = EDGE_CURVE ( 'NONE', #2342, #1090, #3917, .T. ) ;
#2189 = LINE ( 'NONE', #593, #150 ) ;
#2190 = DIRECTION ( 'NONE',  ( 1.445602896647339311E-15, 0.0000000000000000000, -1.000000000000000000 ) ) ;
#2191 = PRESENTATION_LAYER_ASSIGNMENT (  '', '', ( #4012 ) ) ;
#2192 =( LENGTH_UNIT ( ) NAMED_UNIT ( * ) SI_UNIT ( .MILLI., .METRE. ) );
#2193 = ORIENTED_EDGE ( 'NONE', *, *, #1592, .T. ) ;
#2194 = ADVANCED_FACE ( 'NONE', ( #620 ), #1963, .T. ) ;
#2195 = EDGE_LOOP ( 'NONE', ( #3539, #3999, #3466, #2137 ) ) ;
#2196 = ORIENTED_EDGE ( 'NONE', *, *, #2457, .F. ) ;
#2197 =( NAMED_UNIT ( * ) SI_UNIT ( $, .STERADIAN. ) SOLID_ANGLE_UNIT ( ) );
#2198 = ORIENTED_EDGE ( 'NONE', *, *, #2389, .T. ) ;
#2199 = PRESENTATION_STYLE_ASSIGNMENT (( #1559 ) ) ;
#2200 = EDGE_LOOP ( 'NONE', ( #356, #1249, #631, #468 ) ) ;
#2201 = DIRECTION ( 'NONE',  ( -0.7071067811865474617, 0.7071067811865474617, 0.0000000000000000000 ) ) ;
#2202 = ORIENTED_EDGE ( 'NONE', *, *, #479, .T. ) ;
#2203 = LINE ( 'NONE', #227, #2979 ) ;
#2204 = DIRECTION ( 'NONE',  ( -1.000000000000000000, 0.0000000000000000000, 0.0000000000000000000 ) ) ;
#2205 = DIRECTION ( 'NONE',  ( 0.0000000000000000000, 0.0000000000000000000, -1.000000000000000000 ) ) ;
#2206 = CARTESIAN_POINT ( 'NONE',  ( 0.9000000000000000222, 0.07499999999999999722, -0.3450000000000000289 ) ) ;
#2207 = FACE_BOUND ( 'NONE', #3443, .T. ) ;
#2208 = DIRECTION ( 'NONE',  ( 0.0000000000000000000, -1.000000000000000000, 0.0000000000000000000 ) ) ;
#2209 = VECTOR ( 'NONE', #4088, 1000.000000000000000 ) ;
#2210 = SURFACE_STYLE_USAGE ( .BOTH. , #1275 ) ;
#2211 = EDGE_CURVE ( 'NONE', #3235, #913, #3975, .T. ) ;
#2212 = SURFACE_SIDE_STYLE ('',( #2824 ) ) ;
#2213 = EDGE_CURVE ( 'NONE', #132, #2959, #2251, .T. ) ;
#2214 = UNCERTAINTY_MEASURE_WITH_UNIT (LENGTH_MEASURE( 1.000000000000000082E-05 ), #2570, 'distance_accuracy_value', 'NONE');
#2215 = FACE_OUTER_BOUND ( 'NONE', #3385, .T. ) ;
#2216 = COLOUR_RGB ( '',0.7490196078431372584, 0.7490196078431372584, 0.7490196078431372584 ) ;
#2217 = VERTEX_POINT ( 'NONE', #3536 ) ;
#2218 = FILL_AREA_STYLE_COLOUR ( '', #2385 ) ;
#2219 = VECTOR ( 'NONE', #1072, 1000.000000000000000 ) ;
#2220 = SURFACE_STYLE_USAGE ( .BOTH. , #933 ) ;
#2221 = ORIENTED_EDGE ( 'NONE', *, *, #3197, .F. ) ;
#2222 = FACE_OUTER_BOUND ( 'NONE', #1323, .T. ) ;
#2223 = VERTEX_POINT ( 'NONE', #2943 ) ;
#2224 = SURFACE_SIDE_STYLE ('',( #3513 ) ) ;
#2225 = VECTOR ( 'NONE', #655, 1000.000000000000000 ) ;
#2226 = ORIENTED_EDGE ( 'NONE', *, *, #702, .T. ) ;
#2227 = DIRECTION ( 'NONE',  ( 0.0000000000000000000, 1.000000000000000000, 0.0000000000000000000 ) ) ;
#2228 =( NAMED_UNIT ( * ) SI_UNIT ( $, .STERADIAN. ) SOLID_ANGLE_UNIT ( ) );
#2229 = STYLED_ITEM ( 'NONE', ( #3194 ), #2540 ) ;
#2230 =( GEOMETRIC_REPRESENTATION_CONTEXT ( 3 ) GLOBAL_UNCERTAINTY_ASSIGNED_CONTEXT ( ( #1485 ) ) GLOBAL_UNIT_ASSIGNED_CONTEXT ( ( #2383, #752, #385 ) ) REPRESENTATION_CONTEXT ( 'NONE', 'WORKASPACE' ) );
#2231 = FILL_AREA_STYLE ('',( #3773 ) ) ;
#2232 = DIRECTION ( 'NONE',  ( 0.0000000000000000000, 1.000000000000000000, 0.0000000000000000000 ) ) ;
#2233 = PRESENTATION_LAYER_ASSIGNMENT (  '', '', ( #2638 ) ) ;
#2234 = VECTOR ( 'NONE', #1336, 1000.000000000000000 ) ;
#2235 = DIRECTION ( 'NONE',  ( -1.000000000000000000, 0.0000000000000000000, 1.807003620809174632E-16 ) ) ;
#2236 =( LENGTH_UNIT ( ) NAMED_UNIT ( * ) SI_UNIT ( .MILLI., .METRE. ) );
#2237 = EDGE_CURVE ( 'NONE', #2666, #3270, #1943, .T. ) ;
#2238 = AXIS2_PLACEMENT_3D ( 'NONE', #638, #1346, #1940 ) ;
#2239 = LINE ( 'NONE', #3224, #4121 ) ;
#2240 = ORIENTED_EDGE ( 'NONE', *, *, #539, .T. ) ;
#2241 = VECTOR ( 'NONE', #2374, 1000.000000000000000 ) ;
#2242 = FILL_AREA_STYLE ('',( #2544 ) ) ;
#2243 = EDGE_LOOP ( 'NONE', ( #3164, #3035, #1831, #3478 ) ) ;
#2244 = ORIENTED_EDGE ( 'NONE', *, *, #2703, .F. ) ;
#2245 = DIRECTION ( 'NONE',  ( 0.0000000000000000000, 0.0000000000000000000, 1.000000000000000000 ) ) ;
#2246 = DIRECTION ( 'NONE',  ( 0.0000000000000000000, 0.0000000000000000000, -1.000000000000000000 ) ) ;
#2247 = PLANE ( 'NONE',  #2830 ) ;
#2248 = FILL_AREA_STYLE_COLOUR ( '', #2971 ) ;
#2249 = UNCERTAINTY_MEASURE_WITH_UNIT (LENGTH_MEASURE( 1.000000000000000082E-05 ), #1684, 'distance_accuracy_value', 'NONE');
#2250 = VECTOR ( 'NONE', #2851, 1000.000000000000000 ) ;
#2251 = LINE ( 'NONE', #1662, #800 ) ;
#2252 = STYLED_ITEM ( 'NONE', ( #4033 ), #3906 ) ;
#2253 = DIRECTION ( 'NONE',  ( 1.000000000000000000, 0.0000000000000000000, 0.0000000000000000000 ) ) ;
#2254 = EDGE_LOOP ( 'NONE', ( #584, #3477, #1188, #1477 ) ) ;
#2255 = ADVANCED_FACE ( 'NONE', ( #2592 ), #988, .F. ) ;
#2256 = EDGE_LOOP ( 'NONE', ( #1539, #3867, #3439, #3603 ) ) ;
#2257 = UNCERTAINTY_MEASURE_WITH_UNIT (LENGTH_MEASURE( 1.000000000000000082E-05 ), #1778, 'distance_accuracy_value', 'NONE');
#2258 =( LENGTH_UNIT ( ) NAMED_UNIT ( * ) SI_UNIT ( .MILLI., .METRE. ) );
#2259 = ORIENTED_EDGE ( 'NONE', *, *, #1991, .F. ) ;
#2260 = DIRECTION ( 'NONE',  ( 0.0000000000000000000, -1.000000000000000000, 0.0000000000000000000 ) ) ;
#2261 = LINE ( 'NONE', #4166, #1562 ) ;
#2262 = EDGE_CURVE ( 'NONE', #3270, #377, #1416, .T. ) ;
#2263 = LINE ( 'NONE', #677, #3043 ) ;
#2264 = SURFACE_STYLE_USAGE ( .BOTH. , #2308 ) ;
#2265 = DIRECTION ( 'NONE',  ( 0.0000000000000000000, 1.000000000000000000, 0.0000000000000000000 ) ) ;
#2266 = SURFACE_SIDE_STYLE ('',( #991 ) ) ;
#2267 =( GEOMETRIC_REPRESENTATION_CONTEXT ( 3 ) GLOBAL_UNCERTAINTY_ASSIGNED_CONTEXT ( ( #1190 ) ) GLOBAL_UNIT_ASSIGNED_CONTEXT ( ( #1813, #1499, #835 ) ) REPRESENTATION_CONTEXT ( 'NONE', 'WORKASPACE' ) );
#2268 = ORIENTED_EDGE ( 'NONE', *, *, #566, .F. ) ;
#2269 = ORIENTED_EDGE ( 'NONE', *, *, #2482, .F. ) ;
#2270 = SURFACE_STYLE_USAGE ( .BOTH. , #313 ) ;
#2271 = AXIS2_PLACEMENT_3D ( 'NONE', #2007, #1034, #310 ) ;
#2272 = PRESENTATION_STYLE_ASSIGNMENT (( #1950 ) ) ;
#2273 = ORIENTED_EDGE ( 'NONE', *, *, #2274, .F. ) ;
#2274 = EDGE_CURVE ( 'NONE', #178, #3743, #1394, .T. ) ;
#2275 = VERTEX_POINT ( 'NONE', #1141 ) ;
#2276 = CARTESIAN_POINT ( 'NONE',  ( 0.8750000000000003331, 0.5749999999999999556, -0.5100000000000000089 ) ) ;
#2277 = CARTESIAN_POINT ( 'NONE',  ( 0.2000000000000000944, -0.6999999999999999556, -0.4200000000000000955 ) ) ;
#2278 = VERTEX_POINT ( 'NONE', #718 ) ;
#2279 = AXIS2_PLACEMENT_3D ( 'NONE', #1192, #886, #2204 ) ;
#2280 = DIRECTION ( 'NONE',  ( 0.0000000000000000000, -1.000000000000000000, -0.0000000000000000000 ) ) ;
#2281 = VECTOR ( 'NONE', #3490, 1000.000000000000000 ) ;
#2282 = MECHANICAL_DESIGN_GEOMETRIC_PRESENTATION_REPRESENTATION (  '', ( #2630 ), #801 ) ;
#2283 = DIRECTION ( 'NONE',  ( 0.0000000000000000000, -1.000000000000000000, 0.0000000000000000000 ) ) ;
#2284 = STYLED_ITEM ( 'NONE', ( #3604 ), #2577 ) ;
#2285 = LINE ( 'NONE', #949, #2694 ) ;
#2286 = DIRECTION ( 'NONE',  ( 0.0000000000000000000, 0.0000000000000000000, -1.000000000000000000 ) ) ;
#2287 = COLOUR_RGB ( '',1.000000000000000000, 1.000000000000000000, 1.000000000000000000 ) ;
#2288 = DIRECTION ( 'NONE',  ( 0.0000000000000000000, 0.0000000000000000000, -1.000000000000000000 ) ) ;
#2289 = VECTOR ( 'NONE', #1452, 1000.000000000000000 ) ;
#2290 = VECTOR ( 'NONE', #2352, 1000.000000000000000 ) ;
#2291 = PRESENTATION_STYLE_ASSIGNMENT (( #351 ) ) ;
#2292 = EDGE_LOOP ( 'NONE', ( #1690, #1222, #2315, #392 ) ) ;
#2293 = ORIENTED_EDGE ( 'NONE', *, *, #1445, .T. ) ;
#2294 = VECTOR ( 'NONE', #2399, 1000.000000000000000 ) ;
#2295 = CARTESIAN_POINT ( 'NONE',  ( -0.7249999999999999778, 0.5250000000000000222, -0.01000000000000002623 ) ) ;
#2296 = STYLED_ITEM ( 'NONE', ( #2688 ), #3421 ) ;
#2297 = ORIENTED_EDGE ( 'NONE', *, *, #2333, .F. ) ;
#2298 = ADVANCED_FACE ( 'NONE', ( #2721 ), #2421, .F. ) ;
#2299 = FILL_AREA_STYLE_COLOUR ( '', #3108 ) ;
#2300 = MECHANICAL_DESIGN_GEOMETRIC_PRESENTATION_REPRESENTATION (  '', ( #2647 ), #3794 ) ;
#2301 = ORIENTED_EDGE ( 'NONE', *, *, #1630, .T. ) ;
#2302 = CARTESIAN_POINT ( 'NONE',  ( -0.6749999999999998224, -0.5749999999999999556, -0.5100000000000000089 ) ) ;
#2303 = CARTESIAN_POINT ( 'NONE',  ( -0.02499999999999984873, 0.5749999999999999556, -0.5200000000000000178 ) ) ;
#2304 = ORIENTED_EDGE ( 'NONE', *, *, #1483, .F. ) ;
#2305 = ADVANCED_FACE ( 'NONE', ( #1053 ), #475, .F. ) ;
#2306 = CARTESIAN_POINT ( 'NONE',  ( -1.000000000000000000, -0.6500000000000001332, 0.0000000000000000000 ) ) ;
#2307 = DIRECTION ( 'NONE',  ( -0.0000000000000000000, 0.0000000000000000000, -1.000000000000000000 ) ) ;
#2308 = SURFACE_SIDE_STYLE ('',( #1009 ) ) ;
#2309 = COLOUR_RGB ( '',0.7490196078431372584, 0.7490196078431372584, 0.7490196078431372584 ) ;
#2310 = EDGE_CURVE ( 'NONE', #2066, #2915, #3072, .T. ) ;
#2311 = DIRECTION ( 'NONE',  ( 0.0000000000000000000, 1.000000000000000000, 0.0000000000000000000 ) ) ;
#2312 = FACE_OUTER_BOUND ( 'NONE', #2977, .T. ) ;
#2313 =( GEOMETRIC_REPRESENTATION_CONTEXT ( 3 ) GLOBAL_UNCERTAINTY_ASSIGNED_CONTEXT ( ( #945 ) ) GLOBAL_UNIT_ASSIGNED_CONTEXT ( ( #2236, #1533, #4140 ) ) REPRESENTATION_CONTEXT ( 'NONE', 'WORKASPACE' ) );
#2314 = ADVANCED_FACE ( 'NONE', ( #2054 ), #3680, .F. ) ;
#2315 = ORIENTED_EDGE ( 'NONE', *, *, #1371, .F. ) ;
#2316 = LINE ( 'NONE', #3924, #2764 ) ;
#2317 = CARTESIAN_POINT ( 'NONE',  ( 0.8749999999999998890, -0.5250000000000000222, 0.0000000000000000000 ) ) ;
#2318 = CARTESIAN_POINT ( 'NONE',  ( -0.4500000000000000111, -0.6999999999999999556, -0.3450000000000000289 ) ) ;
#2319 = VERTEX_POINT ( 'NONE', #3180 ) ;
#2320 = PRESENTATION_STYLE_ASSIGNMENT (( #3607 ) ) ;
#2321 = LINE ( 'NONE', #2277, #658 ) ;
#2322 = ORIENTED_EDGE ( 'NONE', *, *, #3312, .T. ) ;
#2323 = CARTESIAN_POINT ( 'NONE',  ( 0.7750000000000002442, 0.5749999999999999556, -0.5200000000000000178 ) ) ;
#2324 = SURFACE_STYLE_FILL_AREA ( #3657 ) ;
#2325 = DIRECTION ( 'NONE',  ( 0.0000000000000000000, 0.0000000000000000000, -1.000000000000000000 ) ) ;
#2326 = DIRECTION ( 'NONE',  ( 0.0000000000000000000, -1.000000000000000000, 0.0000000000000000000 ) ) ;
#2327 = MANIFOLD_SOLID_BREP ( 'Boss-Extrude5[1]', #1938 ) ;
#2328 = EDGE_CURVE ( 'NONE', #2393, #3923, #3770, .T. ) ;
#2329 = SURFACE_STYLE_USAGE ( .BOTH. , #2594 ) ;
#2330 = CYLINDRICAL_SURFACE ( 'NONE', #1281, 0.1499999999999999667 ) ;
#2331 = LINE ( 'NONE', #2662, #1019 ) ;
#2332 = VERTEX_POINT ( 'NONE', #4113 ) ;
#2333 = EDGE_CURVE ( 'NONE', #218, #3764, #2755, .T. ) ;
#2334 = VECTOR ( 'NONE', #2960, 1000.000000000000000 ) ;
#2335 = SURFACE_STYLE_USAGE ( .BOTH. , #3290 ) ;
#2336 = VERTEX_POINT ( 'NONE', #3454 ) ;
#2337 = VECTOR ( 'NONE', #2165, 1000.000000000000000 ) ;
#2338 = DIRECTION ( 'NONE',  ( 0.0000000000000000000, -1.000000000000000000, 0.0000000000000000000 ) ) ;
#2339 = ORIENTED_EDGE ( 'NONE', *, *, #3499, .T. ) ;
#2340 = SURFACE_STYLE_FILL_AREA ( #1047 ) ;
#2341 = FACE_OUTER_BOUND ( 'NONE', #2388, .T. ) ;
#2342 = VERTEX_POINT ( 'NONE', #229 ) ;
#2343 = CARTESIAN_POINT ( 'NONE',  ( -0.7749999999999998002, 0.5749999999999999556, -0.5200000000000000178 ) ) ;
#2344 = CARTESIAN_POINT ( 'NONE',  ( -0.8999999999999999112, -0.6999999999999999556, -0.3450000000000000289 ) ) ;
#2345 =( GEOMETRIC_REPRESENTATION_CONTEXT ( 3 ) GLOBAL_UNCERTAINTY_ASSIGNED_CONTEXT ( ( #3332 ) ) GLOBAL_UNIT_ASSIGNED_CONTEXT ( ( #3230, #3862, #3527 ) ) REPRESENTATION_CONTEXT ( 'NONE', 'WORKASPACE' ) );
#2346 =( LENGTH_UNIT ( ) NAMED_UNIT ( * ) SI_UNIT ( .MILLI., .METRE. ) );
#2347 =( GEOMETRIC_REPRESENTATION_CONTEXT ( 3 ) GLOBAL_UNCERTAINTY_ASSIGNED_CONTEXT ( ( #2456 ) ) GLOBAL_UNIT_ASSIGNED_CONTEXT ( ( #2039, #2017, #3669 ) ) REPRESENTATION_CONTEXT ( 'NONE', 'WORKASPACE' ) );
#2348 = CARTESIAN_POINT ( 'NONE',  ( 1.000000000000000000, -0.07499999999999999722, -0.3450000000000000844 ) ) ;
#2349 = FILL_AREA_STYLE_COLOUR ( '', #2760 ) ;
#2350 = CARTESIAN_POINT ( 'NONE',  ( -0.2999999999999998779, -0.8000000000000000444, -0.4200000000000000955 ) ) ;
#2351 = VECTOR ( 'NONE', #1985, 1000.000000000000000 ) ;
#2352 = DIRECTION ( 'NONE',  ( -2.356961244533708132E-17, 1.000000000000000000, 0.0000000000000000000 ) ) ;
#2353 = DIRECTION ( 'NONE',  ( -1.000000000000000000, -0.0000000000000000000, -1.807003620809174878E-16 ) ) ;
#2354 = DIRECTION ( 'NONE',  ( -0.0000000000000000000, 0.0000000000000000000, -1.000000000000000000 ) ) ;
#2356 = SURFACE_STYLE_FILL_AREA ( #1080 ) ;
#2355 = COLOUR_RGB ( '',0.7490196078431372584, 0.7490196078431372584, 0.7490196078431372584 ) ;
#2357 = ORIENTED_EDGE ( 'NONE', *, *, #3621, .F. ) ;
#2358 = EDGE_CURVE ( 'NONE', #587, #2097, #3816, .T. ) ;
#2359 = VECTOR ( 'NONE', #374, 1000.000000000000000 ) ;
#2360 =( GEOMETRIC_REPRESENTATION_CONTEXT ( 3 ) GLOBAL_UNCERTAINTY_ASSIGNED_CONTEXT ( ( #3101 ) ) GLOBAL_UNIT_ASSIGNED_CONTEXT ( ( #18, #3936, #3957 ) ) REPRESENTATION_CONTEXT ( 'NONE', 'WORKASPACE' ) );
#2361 = UNCERTAINTY_MEASURE_WITH_UNIT (LENGTH_MEASURE( 1.000000000000000082E-05 ), #1170, 'distance_accuracy_value', 'NONE');
#2362 = PLANE ( 'NONE',  #1766 ) ;
#2363 = SURFACE_STYLE_USAGE ( .BOTH. , #1717 ) ;
#2364 = VERTEX_POINT ( 'NONE', #3095 ) ;
#2365 = STYLED_ITEM ( 'NONE', ( #443 ), #2882 ) ;
#2366 = EDGE_CURVE ( 'NONE', #1470, #3379, #2131, .T. ) ;
#2367 = CARTESIAN_POINT ( 'NONE',  ( -0.5749999999999997335, 0.5749999999999992895, -0.5100000000000000089 ) ) ;
#2368 = VECTOR ( 'NONE', #1726, 1000.000000000000000 ) ;
#2369 = VERTEX_POINT ( 'NONE', #2149 ) ;
#2370 = CARTESIAN_POINT ( 'NONE',  ( 0.7750000000000002442, 0.5749999999999999556, -0.5200000000000000178 ) ) ;
#2371 = FILL_AREA_STYLE ('',( #738 ) ) ;
#2372 = VERTEX_POINT ( 'NONE', #206 ) ;
#2373 = EDGE_CURVE ( 'NONE', #3175, #592, #1510, .T. ) ;
#2374 = DIRECTION ( 'NONE',  ( 1.000000000000000000, 0.0000000000000000000, 0.0000000000000000000 ) ) ;
#2375 = FACE_OUTER_BOUND ( 'NONE', #852, .T. ) ;
#2376 = SURFACE_SIDE_STYLE ('',( #1138 ) ) ;
#2377 = FACE_OUTER_BOUND ( 'NONE', #173, .T. ) ;
#2378 = CARTESIAN_POINT ( 'NONE',  ( -0.7749999999999991340, 0.6750000000000000444, -0.5100000000000000089 ) ) ;
#2379 =( LENGTH_UNIT ( ) NAMED_UNIT ( * ) SI_UNIT ( .MILLI., .METRE. ) );
#2380 = DIRECTION ( 'NONE',  ( 0.0000000000000000000, 3.614007241618348278E-16, -1.000000000000000000 ) ) ;
#2381 = DIRECTION ( 'NONE',  ( 1.000000000000000000, 0.0000000000000000000, 0.0000000000000000000 ) ) ;
#2382 = CARTESIAN_POINT ( 'NONE',  ( -0.02499999999999913056, 0.6750000000000000444, -0.5200000000000000178 ) ) ;
#2383 =( LENGTH_UNIT ( ) NAMED_UNIT ( * ) SI_UNIT ( .MILLI., .METRE. ) );
#2384 = VERTEX_POINT ( 'NONE', #1171 ) ;
#2385 = COLOUR_RGB ( '',0.7921568627450980005, 0.8196078431372548767, 0.9333333333333333481 ) ;
#2386 =( LENGTH_UNIT ( ) NAMED_UNIT ( * ) SI_UNIT ( .MILLI., .METRE. ) );
#2387 = CARTESIAN_POINT ( 'NONE',  ( -0.8749999999999997780, 0.5250000000000000222, -0.01000000000000002623 ) ) ;
#2388 = EDGE_LOOP ( 'NONE', ( #170, #2059, #2085, #250 ) ) ;
#2389 = EDGE_CURVE ( 'NONE', #3200, #1983, #659, .T. ) ;
#2390 = ORIENTED_EDGE ( 'NONE', *, *, #298, .T. ) ;
#2391 = SURFACE_STYLE_FILL_AREA ( #83 ) ;
#2392 = LINE ( 'NONE', #2108, #1949 ) ;
#2393 = VERTEX_POINT ( 'NONE', #2446 ) ;
#2394 = CARTESIAN_POINT ( 'NONE',  ( -0.7249999999999999778, 0.5250000000000000222, -0.01000000000000002623 ) ) ;
#2395 = LINE ( 'NONE', #3341, #827 ) ;
#2396 = EDGE_CURVE ( 'NONE', #296, #3446, #3796, .T. ) ;
#2397 = SURFACE_STYLE_USAGE ( .BOTH. , #1414 ) ;
#2398 = CARTESIAN_POINT ( 'NONE',  ( 0.3499999999999999223, -0.8000000000000000444, -0.3450000000000000844 ) ) ;
#2399 = DIRECTION ( 'NONE',  ( 0.0000000000000000000, 0.0000000000000000000, 1.000000000000000000 ) ) ;
#2400 = SURFACE_SIDE_STYLE ('',( #4011 ) ) ;
#2401 = VECTOR ( 'NONE', #1995, 1000.000000000000000 ) ;
#2402 = PLANE ( 'NONE',  #3437 ) ;
#2403 = EDGE_LOOP ( 'NONE', ( #2198, #3178, #3402, #570 ) ) ;
#2404 = UNCERTAINTY_MEASURE_WITH_UNIT (LENGTH_MEASURE( 1.000000000000000082E-05 ), #572, 'distance_accuracy_value', 'NONE');
#2405 = CARTESIAN_POINT ( 'NONE',  ( -0.02499999999999913056, 0.6750000000000000444, -0.5100000000000000089 ) ) ;
#2406 = LINE ( 'NONE', #2387, #3772 ) ;
#2407 = ORIENTED_EDGE ( 'NONE', *, *, #2551, .F. ) ;
#2408 = PRESENTATION_LAYER_ASSIGNMENT (  '', '', ( #1411 ) ) ;
#2409 = PLANE ( 'NONE',  #3507 ) ;
#2410 = ORIENTED_EDGE ( 'NONE', *, *, #1866, .T. ) ;
#2411 = DIRECTION ( 'NONE',  ( -1.000000000000000000, 0.0000000000000000000, -1.445602896647339311E-15 ) ) ;
#2412 =( NAMED_UNIT ( * ) PLANE_ANGLE_UNIT ( ) SI_UNIT ( $, .RADIAN. ) );
#2413 = ORIENTED_EDGE ( 'NONE', *, *, #1809, .T. ) ;
#2414 = AXIS2_PLACEMENT_3D ( 'NONE', #662, #2949, #723 ) ;
#2415 =( LENGTH_UNIT ( ) NAMED_UNIT ( * ) SI_UNIT ( .MILLI., .METRE. ) );
#2416 = MANIFOLD_SOLID_BREP ( 'Boss-Extrude4', #4099 ) ;
#2417 = SURFACE_STYLE_USAGE ( .BOTH. , #1801 ) ;
#2418 = ADVANCED_FACE ( 'NONE', ( #1271 ), #4153, .F. ) ;
#2419 = AXIS2_PLACEMENT_3D ( 'NONE', #445, #515, #3094 ) ;
#2420 = DIRECTION ( 'NONE',  ( 0.0000000000000000000, 0.0000000000000000000, 1.000000000000000000 ) ) ;
#2421 = CYLINDRICAL_SURFACE ( 'NONE', #1014, 0.09999999999999999167 ) ;
#2422 = AXIS2_PLACEMENT_3D ( 'NONE', #2295, #314, #1975 ) ;
#2423 = VECTOR ( 'NONE', #2154, 1000.000000000000000 ) ;
#2424 = CARTESIAN_POINT ( 'NONE',  ( -0.8999999999999999112, -0.8000000000000000444, -0.4200000000000000955 ) ) ;
#2425 = CARTESIAN_POINT ( 'NONE',  ( -0.7249999999999999778, -0.6750000000000000444, -0.01000000000000002623 ) ) ;
#2426 = VECTOR ( 'NONE', #2003, 1000.000000000000000 ) ;
#2427 = ORIENTED_EDGE ( 'NONE', *, *, #3249, .F. ) ;
#2428 = AXIS2_PLACEMENT_3D ( 'NONE', #3207, #1295, #2574 ) ;
#2429 = CARTESIAN_POINT ( 'NONE',  ( -0.3000000000000000444, -0.6999999999999999556, -0.3450000000000000289 ) ) ;
#2430 = MECHANICAL_DESIGN_GEOMETRIC_PRESENTATION_REPRESENTATION (  '', ( #3843 ), #2568 ) ;
#2431 = DIRECTION ( 'NONE',  ( 0.0000000000000000000, -1.000000000000000000, 0.0000000000000000000 ) ) ;
#2432 = STYLED_ITEM ( 'NONE', ( #776 ), #231 ) ;
#2433 = VERTEX_POINT ( 'NONE', #4105 ) ;
#2434 = STYLED_ITEM ( 'NONE', ( #613 ), #3529 ) ;
#2435 = CIRCLE ( 'NONE', #401, 0.1000000000000000472 ) ;
#2436 = VERTEX_POINT ( 'NONE', #3784 ) ;
#2437 = CARTESIAN_POINT ( 'NONE',  ( 0.8749999999999998890, -0.5250000000000000222, -0.01000000000000002623 ) ) ;
#2438 =( GEOMETRIC_REPRESENTATION_CONTEXT ( 3 ) GLOBAL_UNCERTAINTY_ASSIGNED_CONTEXT ( ( #2257 ) ) GLOBAL_UNIT_ASSIGNED_CONTEXT ( ( #1778, #2132, #4032 ) ) REPRESENTATION_CONTEXT ( 'NONE', 'WORKASPACE' ) );
#2439 = EDGE_LOOP ( 'NONE', ( #3619, #3761, #1560, #434 ) ) ;
#2440 = CARTESIAN_POINT ( 'NONE',  ( -0.7499999999999998890, -0.6999999999999999556, -0.3450000000000000844 ) ) ;
#2441 = SURFACE_STYLE_FILL_AREA ( #3701 ) ;
#2442 =( GEOMETRIC_REPRESENTATION_CONTEXT ( 3 ) GLOBAL_UNCERTAINTY_ASSIGNED_CONTEXT ( ( #3820 ) ) GLOBAL_UNIT_ASSIGNED_CONTEXT ( ( #4139, #2877, #3456 ) ) REPRESENTATION_CONTEXT ( 'NONE', 'WORKASPACE' ) );
#2443 = UNCERTAINTY_MEASURE_WITH_UNIT (LENGTH_MEASURE( 1.000000000000000082E-05 ), #1327, 'distance_accuracy_value', 'NONE');
#2444 = DIRECTION ( 'NONE',  ( 1.000000000000000000, 0.0000000000000000000, 0.0000000000000000000 ) ) ;
#2445 = CARTESIAN_POINT ( 'NONE',  ( -0.6750000000000004885, 0.6750000000000000444, -0.5100000000000000089 ) ) ;
#2446 = CARTESIAN_POINT ( 'NONE',  ( -0.6750000000000004885, -0.6750000000000000444, -0.5100000000000000089 ) ) ;
#2447 = ADVANCED_FACE ( 'NONE', ( #2507 ), #2409, .F. ) ;
#2448 = CARTESIAN_POINT ( 'NONE',  ( 0.7750000000000002442, -0.5749999999999999556, -0.5100000000000000089 ) ) ;
#2449 = SURFACE_SIDE_STYLE ('',( #2115 ) ) ;
#2450 = VECTOR ( 'NONE', #1745, 1000.000000000000114 ) ;
#2451 = ADVANCED_FACE ( 'NONE', ( #530 ), #1476, .F. ) ;
#2452 = DIRECTION ( 'NONE',  ( 0.0000000000000000000, -1.000000000000000000, 0.0000000000000000000 ) ) ;
#2453 = DIRECTION ( 'NONE',  ( 1.000000000000000000, 0.0000000000000000000, 0.0000000000000000000 ) ) ;
#2454 = ORIENTED_EDGE ( 'NONE', *, *, #2857, .T. ) ;
#2455 = AXIS2_PLACEMENT_3D ( 'NONE', #3349, #519, #1175 ) ;
#2456 = UNCERTAINTY_MEASURE_WITH_UNIT (LENGTH_MEASURE( 1.000000000000000082E-05 ), #2039, 'distance_accuracy_value', 'NONE');
#2457 = EDGE_CURVE ( 'NONE', #2497, #1586, #470, .T. ) ;
#2458 = CARTESIAN_POINT ( 'NONE',  ( 1.000000000000000000, 0.7999999999999999334, 0.0000000000000000000 ) ) ;
#2459 = ORIENTED_EDGE ( 'NONE', *, *, #1668, .F. ) ;
#2460 = CARTESIAN_POINT ( 'NONE',  ( -0.5749999999999997335, 0.5749999999999999556, -0.5100000000000000089 ) ) ;
#2461 = DIRECTION ( 'NONE',  ( 0.0000000000000000000, 1.000000000000000000, 0.0000000000000000000 ) ) ;
#2462 = ORIENTED_EDGE ( 'NONE', *, *, #2703, .T. ) ;
#2463 = DIRECTION ( 'NONE',  ( -1.000000000000000000, 0.0000000000000000000, 0.0000000000000000000 ) ) ;
#2464 = LINE ( 'NONE', #1522, #1890 ) ;
#2465 = VERTEX_POINT ( 'NONE', #3425 ) ;
#2466 = MECHANICAL_DESIGN_GEOMETRIC_PRESENTATION_REPRESENTATION (  '', ( #2591 ), #628 ) ;
#2467 =( NAMED_UNIT ( * ) SI_UNIT ( $, .STERADIAN. ) SOLID_ANGLE_UNIT ( ) );
#2468 = DIRECTION ( 'NONE',  ( -1.000000000000000000, -1.084202172485504311E-16, 0.0000000000000000000 ) ) ;
#2469 = DIRECTION ( 'NONE',  ( -0.0000000000000000000, 1.000000000000000000, 0.0000000000000000000 ) ) ;
#2470 = PLANE ( 'NONE',  #2279 ) ;
#2471 = SURFACE_STYLE_FILL_AREA ( #3725 ) ;
#2472 = PLANE ( 'NONE',  #1165 ) ;
#2473 = CARTESIAN_POINT ( 'NONE',  ( 1.000000000000000000, -0.7999999999999999334, 0.0000000000000000000 ) ) ;
#2474 = CARTESIAN_POINT ( 'NONE',  ( -0.8749999999999997780, -0.5749999999999992895, -0.5100000000000000089 ) ) ;
#2475 = DIRECTION ( 'NONE',  ( 1.000000000000000000, 0.0000000000000000000, 0.0000000000000000000 ) ) ;
#2476 = UNCERTAINTY_MEASURE_WITH_UNIT (LENGTH_MEASURE( 1.000000000000000082E-05 ), #2192, 'distance_accuracy_value', 'NONE');
#2477 = ORIENTED_EDGE ( 'NONE', *, *, #210, .F. ) ;
#2478 = EDGE_CURVE ( 'NONE', #2849, #3672, #1689, .T. ) ;
#2479 = EDGE_CURVE ( 'NONE', #2369, #2956, #1834, .T. ) ;
#2480 = ORIENTED_EDGE ( 'NONE', *, *, #579, .T. ) ;
#2481 = DIRECTION ( 'NONE',  ( 0.0000000000000000000, -1.000000000000000000, 0.0000000000000000000 ) ) ;
#2482 = EDGE_CURVE ( 'NONE', #252, #2487, #4086, .T. ) ;
#2483 = CARTESIAN_POINT ( 'NONE',  ( -1.000000000000000000, 0.7999999999999999334, 0.0000000000000000000 ) ) ;
#2484 = VERTEX_POINT ( 'NONE', #2163 ) ;
#2485 = SURFACE_STYLE_USAGE ( .BOTH. , #571 ) ;
#2486 = LINE ( 'NONE', #1896, #3162 ) ;
#2487 = VERTEX_POINT ( 'NONE', #916 ) ;
#2488 = CARTESIAN_POINT ( 'NONE',  ( 1.000000000000000000, 0.07499999999999999722, -0.3450000000000000289 ) ) ;
#2489 = CARTESIAN_POINT ( 'NONE',  ( -0.3000000000000000444, -0.9677050983124845240, -0.3450000000000000289 ) ) ;
#2490 = COLOUR_RGB ( '',0.7921568627450980005, 0.8196078431372548767, 0.9333333333333333481 ) ;
#2491 = LINE ( 'NONE', #2819, #3196 ) ;
#2492 = SURFACE_STYLE_USAGE ( .BOTH. , #4095 ) ;
#2493 = DIRECTION ( 'NONE',  ( -1.000000000000000000, 0.0000000000000000000, 0.0000000000000000000 ) ) ;
#2494 = LINE ( 'NONE', #967, #1089 ) ;
#2495 = CIRCLE ( 'NONE', #2090, 0.1499999999999999667 ) ;
#2496 = SURFACE_STYLE_USAGE ( .BOTH. , #2212 ) ;
#2497 = VERTEX_POINT ( 'NONE', #1931 ) ;
#2498 = VECTOR ( 'NONE', #2354, 1000.000000000000000 ) ;
#2499 = VECTOR ( 'NONE', #1309, 1000.000000000000000 ) ;
#2500 = EDGE_CURVE ( 'NONE', #500, #956, #4145, .T. ) ;
#2502 = ORIENTED_EDGE ( 'NONE', *, *, #2091, .T. ) ;
#2501 = VECTOR ( 'NONE', #1903, 1000.000000000000000 ) ;
#2503 = ORIENTED_EDGE ( 'NONE', *, *, #908, .F. ) ;
#2504 = COLOUR_RGB ( '',1.000000000000000000, 0.8235294117647058432, 0.2980392156862745057 ) ;
#2505 = VECTOR ( 'NONE', #3898, 1000.000000000000000 ) ;
#2506 = COLOUR_RGB ( '',0.7490196078431372584, 0.7490196078431372584, 0.7490196078431372584 ) ;
#2507 = FACE_OUTER_BOUND ( 'NONE', #510, .T. ) ;
#2508 = EDGE_LOOP ( 'NONE', ( #780, #1815, #2226, #221 ) ) ;
#2509 = LINE ( 'NONE', #176, #868 ) ;
#2510 = DIRECTION ( 'NONE',  ( 2.891205793294680594E-15, 3.134651602192768586E-31, -1.000000000000000000 ) ) ;
#2511 = EDGE_CURVE ( 'NONE', #2484, #1579, #1304, .T. ) ;
#2512 = ORIENTED_EDGE ( 'NONE', *, *, #2170, .F. ) ;
#2513 = MECHANICAL_DESIGN_GEOMETRIC_PRESENTATION_REPRESENTATION (  '', ( #1435 ), #1298 ) ;
#2514 = CARTESIAN_POINT ( 'NONE',  ( -1.000000000000000000, -0.8000000000000001554, 0.0000000000000000000 ) ) ;
#2515 = CARTESIAN_POINT ( 'NONE',  ( -0.8749999999999998890, -0.5749999999999992895, -0.5100000000000000089 ) ) ;
#2516 = DIRECTION ( 'NONE',  ( 0.0000000000000000000, 1.000000000000000000, 0.0000000000000000000 ) ) ;
#2517 = ADVANCED_FACE ( 'NONE', ( #1321 ), #3877, .T. ) ;
#2518 = SURFACE_SIDE_STYLE ('',( #944 ) ) ;
#2519 = MECHANICAL_DESIGN_GEOMETRIC_PRESENTATION_REPRESENTATION (  '', ( #3578 ), #2709 ) ;
#2520 = CARTESIAN_POINT ( 'NONE',  ( -0.8749999999999997780, -0.5749999999999992895, -0.5100000000000000089 ) ) ;
#2521 = MECHANICAL_DESIGN_GEOMETRIC_PRESENTATION_REPRESENTATION (  '', ( #1446 ), #1372 ) ;
#2522 = ORIENTED_EDGE ( 'NONE', *, *, #1699, .F. ) ;
#2523 = UNCERTAINTY_MEASURE_WITH_UNIT (LENGTH_MEASURE( 1.000000000000000082E-05 ), #1407, 'distance_accuracy_value', 'NONE');
#2524 = ORIENTED_EDGE ( 'NONE', *, *, #653, .T. ) ;
#2525 = VERTEX_POINT ( 'NONE', #3509 ) ;
#2526 = LINE ( 'NONE', #2768, #3661 ) ;
#2527 = PLANE ( 'NONE',  #394 ) ;
#2528 = ORIENTED_EDGE ( 'NONE', *, *, #686, .T. ) ;
#2529 = LINE ( 'NONE', #1837, #119 ) ;
#2530 = ORIENTED_EDGE ( 'NONE', *, *, #1223, .T. ) ;
#2531 = APPLICATION_CONTEXT ( 'automotive_design' ) ;
#2532 = LINE ( 'NONE', #3811, #2103 ) ;
#2533 = ADVANCED_FACE ( 'NONE', ( #299 ), #335, .F. ) ;
#2534 = LINE ( 'NONE', #2781, #285 ) ;
#2535 =( NAMED_UNIT ( * ) SI_UNIT ( $, .STERADIAN. ) SOLID_ANGLE_UNIT ( ) );
#2536 = CARTESIAN_POINT ( 'NONE',  ( -0.7249999999999999778, 0.6750000000000000444, 0.0000000000000000000 ) ) ;
#2537 = AXIS2_PLACEMENT_3D ( 'NONE', #701, #1076, #2353 ) ;
#2538 = CARTESIAN_POINT ( 'NONE',  ( 1.000000000000000000, 0.7999999999999999334, -0.5200000000000000178 ) ) ;
#2539 = PRESENTATION_STYLE_ASSIGNMENT (( #307 ) ) ;
#2540 = ADVANCED_FACE ( 'NONE', ( #1916 ), #2527, .F. ) ;
#2541 = CARTESIAN_POINT ( 'NONE',  ( -0.02499999999999913056, -0.6750000000000000444, -0.5100000000000000089 ) ) ;
#2542 = ORIENTED_EDGE ( 'NONE', *, *, #121, .T. ) ;
#2543 = DIRECTION ( 'NONE',  ( -1.807003620809174583E-15, 0.0000000000000000000, 1.000000000000000000 ) ) ;
#2544 = FILL_AREA_STYLE_COLOUR ( '', #1904 ) ;
#2545 = VERTEX_POINT ( 'NONE', #122 ) ;
#2546 = PLANE ( 'NONE',  #2027 ) ;
#2547 = ORIENTED_EDGE ( 'NONE', *, *, #3765, .T. ) ;
#2548 = CARTESIAN_POINT ( 'NONE',  ( -0.1249999999999998335, -0.5749999999999992895, -0.5200000000000000178 ) ) ;
#2549 = ORIENTED_EDGE ( 'NONE', *, *, #276, .T. ) ;
#2550 = DIRECTION ( 'NONE',  ( 0.0000000000000000000, -1.000000000000000000, 0.0000000000000000000 ) ) ;
#2551 = EDGE_CURVE ( 'NONE', #2975, #3716, #1429, .T. ) ;
#2552 = FACE_OUTER_BOUND ( 'NONE', #2254, .T. ) ;
#2553 = FACE_OUTER_BOUND ( 'NONE', #2403, .T. ) ;
#2554 = LINE ( 'NONE', #4078, #2726 ) ;
#2555 = MECHANICAL_DESIGN_GEOMETRIC_PRESENTATION_REPRESENTATION (  '', ( #2019 ), #1081 ) ;
#2556 = LINE ( 'NONE', #370, #666 ) ;
#2557 = AXIS2_PLACEMENT_3D ( 'NONE', #10, #3589, #690 ) ;
#2558 = ORIENTED_EDGE ( 'NONE', *, *, #3819, .F. ) ;
#2559 = VECTOR ( 'NONE', #1099, 1000.000000000000000 ) ;
#2560 = DIRECTION ( 'NONE',  ( 0.0000000000000000000, 0.0000000000000000000, 1.000000000000000000 ) ) ;
#2561 = ORIENTED_EDGE ( 'NONE', *, *, #2478, .T. ) ;
#2562 = CARTESIAN_POINT ( 'NONE',  ( 0.8749999999999998890, 0.5250000000000000222, 0.0000000000000000000 ) ) ;
#2563 = CARTESIAN_POINT ( 'NONE',  ( -0.02499999999999914096, -0.6750000000000000444, -0.5200000000000000178 ) ) ;
#2564 = VECTOR ( 'NONE', #2860, 1000.000000000000000 ) ;
#2565 = CIRCLE ( 'NONE', #1427, 0.1000000000000000472 ) ;
#2566 = ORIENTED_EDGE ( 'NONE', *, *, #670, .T. ) ;
#2567 = FILL_AREA_STYLE_COLOUR ( '', #1685 ) ;
#2568 =( GEOMETRIC_REPRESENTATION_CONTEXT ( 3 ) GLOBAL_UNCERTAINTY_ASSIGNED_CONTEXT ( ( #4062 ) ) GLOBAL_UNIT_ASSIGNED_CONTEXT ( ( #3542, #9, #2197 ) ) REPRESENTATION_CONTEXT ( 'NONE', 'WORKASPACE' ) );
#2569 =( LENGTH_UNIT ( ) NAMED_UNIT ( * ) SI_UNIT ( .MILLI., .METRE. ) );
#2570 =( LENGTH_UNIT ( ) NAMED_UNIT ( * ) SI_UNIT ( .MILLI., .METRE. ) );
#2571 = FACE_OUTER_BOUND ( 'NONE', #2586, .T. ) ;
#2572 = AXIS2_PLACEMENT_3D ( 'NONE', #871, #1760, #151 ) ;
#2573 = EDGE_CURVE ( 'NONE', #2761, #377, #1695, .T. ) ;
#2574 = DIRECTION ( 'NONE',  ( 1.000000000000000000, 0.0000000000000000000, 0.0000000000000000000 ) ) ;
#2575 = VECTOR ( 'NONE', #72, 1000.000000000000000 ) ;
#2576 = EDGE_CURVE ( 'NONE', #3409, #1284, #2316, .T. ) ;
#2577 = ADVANCED_FACE ( 'NONE', ( #3668 ), #2362, .F. ) ;
#2578 = CARTESIAN_POINT ( 'NONE',  ( 0.7249999999999999778, -0.5250000000000000222, 0.0000000000000000000 ) ) ;
#2579 = DIRECTION ( 'NONE',  ( 0.0000000000000000000, 0.0000000000000000000, 1.000000000000000000 ) ) ;
#2580 = ORIENTED_EDGE ( 'NONE', *, *, #3651, .F. ) ;
#2581 = EDGE_CURVE ( 'NONE', #1243, #2789, #1359, .T. ) ;
#2582 = FILL_AREA_STYLE ('',( #1998 ) ) ;
#2583 = ORIENTED_EDGE ( 'NONE', *, *, #1532, .F. ) ;
#2584 = DIRECTION ( 'NONE',  ( 1.000000000000000000, 0.0000000000000000000, 0.0000000000000000000 ) ) ;
#2585 = VECTOR ( 'NONE', #3328, 1000.000000000000000 ) ;
#2586 = EDGE_LOOP ( 'NONE', ( #3780, #2357, #1838, #3211 ) ) ;
#2587 = FACE_OUTER_BOUND ( 'NONE', #910, .T. ) ;
#2588 = CARTESIAN_POINT ( 'NONE',  ( -0.8999999999999999112, -0.6999999999999999556, -0.3450000000000000289 ) ) ;
#2589 = VECTOR ( 'NONE', #235, 1000.000000000000000 ) ;
#2590 = PRESENTATION_STYLE_ASSIGNMENT (( #697 ) ) ;
#2591 = STYLED_ITEM ( 'NONE', ( #1174 ), #3866 ) ;
#2592 = FACE_OUTER_BOUND ( 'NONE', #4175, .T. ) ;
#2593 = FILL_AREA_STYLE ('',( #43 ) ) ;
#2594 = SURFACE_SIDE_STYLE ('',( #1057 ) ) ;
#2595 = FILL_AREA_STYLE ('',( #2993 ) ) ;
#2596 = CARTESIAN_POINT ( 'NONE',  ( -0.8749999999999997780, 0.5749999999999992895, -0.5100000000000000089 ) ) ;
#2597 = ORIENTED_EDGE ( 'NONE', *, *, #1177, .T. ) ;
#2598 = EDGE_CURVE ( 'NONE', #2336, #2372, #2933, .T. ) ;
#2599 = FILL_AREA_STYLE ('',( #279 ) ) ;
#2600 =( NAMED_UNIT ( * ) SI_UNIT ( $, .STERADIAN. ) SOLID_ANGLE_UNIT ( ) );
#2601 = ORIENTED_EDGE ( 'NONE', *, *, #1200, .F. ) ;
#2602 = EDGE_CURVE ( 'NONE', #3152, #377, #1380, .T. ) ;
#2603 = CARTESIAN_POINT ( 'NONE',  ( -0.8749999999999998890, -0.5749999999999992895, -0.5200000000000000178 ) ) ;
#2604 = VERTEX_POINT ( 'NONE', #3949 ) ;
#2605 = FILL_AREA_STYLE_COLOUR ( '', #2086 ) ;
#2606 = ORIENTED_EDGE ( 'NONE', *, *, #3011, .F. ) ;
#2607 =( NAMED_UNIT ( * ) SI_UNIT ( $, .STERADIAN. ) SOLID_ANGLE_UNIT ( ) );
#2608 = LINE ( 'NONE', #2631, #894 ) ;
#2609 = CARTESIAN_POINT ( 'NONE',  ( -0.1249999999999998335, -0.5749999999999992895, -0.5200000000000000178 ) ) ;
#2610 = CARTESIAN_POINT ( 'NONE',  ( -0.7749999999999998002, 0.5749999999999999556, -0.5100000000000000089 ) ) ;
#2611 = ADVANCED_FACE ( 'NONE', ( #2617 ), #1061, .F. ) ;
#2612 = AXIS2_PLACEMENT_3D ( 'NONE', #1026, #342, #1589 ) ;
#2613 = FILL_AREA_STYLE_COLOUR ( '', #3486 ) ;
#2614 = VERTEX_POINT ( 'NONE', #3185 ) ;
#2615 = ORIENTED_EDGE ( 'NONE', *, *, #676, .F. ) ;
#2616 = EDGE_CURVE ( 'NONE', #1335, #2217, #2728, .T. ) ;
#2617 = FACE_OUTER_BOUND ( 'NONE', #1870, .T. ) ;
#2618 = AXIS2_PLACEMENT_3D ( 'NONE', #223, #281, #2816 ) ;
#2619 = CARTESIAN_POINT ( 'NONE',  ( 0.7749999999999996891, 0.6750000000000000444, -0.5100000000000000089 ) ) ;
#2620 = ORIENTED_EDGE ( 'NONE', *, *, #3856, .F. ) ;
#2621 = CARTESIAN_POINT ( 'NONE',  ( -0.7249999999999999778, -0.6750000000000000444, -0.01000000000000002623 ) ) ;
#2622 = PRESENTATION_LAYER_ASSIGNMENT (  '', '', ( #3560 ) ) ;
#2623 = VERTEX_POINT ( 'NONE', #2136 ) ;
#2624 = CARTESIAN_POINT ( 'NONE',  ( 0.9000000000000000222, -0.07499999999999995559, -0.4200000000000000955 ) ) ;
#2625 = DIRECTION ( 'NONE',  ( 0.0000000000000000000, 0.0000000000000000000, -1.000000000000000000 ) ) ;
#2626 = ORIENTED_EDGE ( 'NONE', *, *, #2511, .T. ) ;
#2627 = PRESENTATION_LAYER_ASSIGNMENT (  '', '', ( #268 ) ) ;
#2628 = DIRECTION ( 'NONE',  ( -1.000000000000000000, 0.0000000000000000000, 0.0000000000000000000 ) ) ;
#2629 = SURFACE_SIDE_STYLE ('',( #1051 ) ) ;
#2630 = STYLED_ITEM ( 'NONE', ( #1068 ), #323 ) ;
#2631 = CARTESIAN_POINT ( 'NONE',  ( -0.4500000000000000111, -0.6999999999999999556, -0.3450000000000000289 ) ) ;
#2632 = UNCERTAINTY_MEASURE_WITH_UNIT (LENGTH_MEASURE( 1.000000000000000082E-05 ), #4098, 'distance_accuracy_value', 'NONE');
#2633 = EDGE_CURVE ( 'NONE', #3530, #3226, #2435, .T. ) ;
#2634 = PRESENTATION_LAYER_ASSIGNMENT (  '', '', ( #3170 ) ) ;
#2635 = PLANE ( 'NONE',  #2271 ) ;
#2636 =( NAMED_UNIT ( * ) SI_UNIT ( $, .STERADIAN. ) SOLID_ANGLE_UNIT ( ) );
#2637 = PRESENTATION_STYLE_ASSIGNMENT (( #1035 ) ) ;
#2638 = STYLED_ITEM ( 'NONE', ( #859 ), #3506 ) ;
#2639 = VECTOR ( 'NONE', #2016, 1000.000000000000000 ) ;
#2640 = MECHANICAL_DESIGN_GEOMETRIC_PRESENTATION_REPRESENTATION (  '', ( #3788 ), #1242 ) ;
#2641 =( NAMED_UNIT ( * ) SI_UNIT ( $, .STERADIAN. ) SOLID_ANGLE_UNIT ( ) );
#2642 = ORIENTED_EDGE ( 'NONE', *, *, #3941, .F. ) ;
#2643 = CARTESIAN_POINT ( 'NONE',  ( -1.000000000000000000, 0.7999999999999999334, -0.5200000000000000178 ) ) ;
#2644 = LINE ( 'NONE', #3253, #3096 ) ;
#2645 = VERTEX_POINT ( 'NONE', #1786 ) ;
#2646 = FILL_AREA_STYLE_COLOUR ( '', #1167 ) ;
#2647 = STYLED_ITEM ( 'NONE', ( #1137 ), #504 ) ;
#2648 = ORIENTED_EDGE ( 'NONE', *, *, #3092, .T. ) ;
#2649 =( NAMED_UNIT ( * ) PLANE_ANGLE_UNIT ( ) SI_UNIT ( $, .RADIAN. ) );
#2650 = DIRECTION ( 'NONE',  ( -1.000000000000000000, 0.0000000000000000000, 0.0000000000000000000 ) ) ;
#2651 = ORIENTED_EDGE ( 'NONE', *, *, #1445, .F. ) ;
#2652 =( LENGTH_UNIT ( ) NAMED_UNIT ( * ) SI_UNIT ( .MILLI., .METRE. ) );
#2653 = SURFACE_STYLE_USAGE ( .BOTH. , #2671 ) ;
#2654 = EDGE_CURVE ( 'NONE', #3254, #3764, #4038, .T. ) ;
#2655 = CARTESIAN_POINT ( 'NONE',  ( 0.7749999999999996891, -0.6750000000000000444, -0.5200000000000000178 ) ) ;
#2656 = AXIS2_PLACEMENT_3D ( 'NONE', #3892, #1944, #2947 ) ;
#2657 = COLOUR_RGB ( '',0.7490196078431372584, 0.7490196078431372584, 0.7490196078431372584 ) ;
#2658 = CARTESIAN_POINT ( 'NONE',  ( -0.8749999999999998890, -0.5749999999999992895, -0.5200000000000000178 ) ) ;
#2659 = EDGE_CURVE ( 'NONE', #2101, #218, #2839, .T. ) ;
#2660 = FILL_AREA_STYLE ('',( #24 ) ) ;
#2661 = MECHANICAL_DESIGN_GEOMETRIC_PRESENTATION_REPRESENTATION (  '', ( #4012 ), #1994 ) ;
#2662 = CARTESIAN_POINT ( 'NONE',  ( 0.7249999999999999778, 0.6750000000000000444, 0.0000000000000000000 ) ) ;
#2663 = ORIENTED_EDGE ( 'NONE', *, *, #399, .T. ) ;
#2664 = CARTESIAN_POINT ( 'NONE',  ( -1.000000000000000000, -0.8000000000000001554, 0.0000000000000000000 ) ) ;
#2665 = FACE_OUTER_BOUND ( 'NONE', #1382, .T. ) ;
#2666 = VERTEX_POINT ( 'NONE', #2458 ) ;
#2667 = ORIENTED_EDGE ( 'NONE', *, *, #2274, .T. ) ;
#2668 = DIRECTION ( 'NONE',  ( -1.000000000000000000, 0.0000000000000000000, 0.0000000000000000000 ) ) ;
#2669 = ORIENTED_EDGE ( 'NONE', *, *, #1892, .F. ) ;
#2670 = FILL_AREA_STYLE_COLOUR ( '', #1353 ) ;
#2671 = SURFACE_SIDE_STYLE ('',( #4187 ) ) ;
#2672 = UNCERTAINTY_MEASURE_WITH_UNIT (LENGTH_MEASURE( 1.000000000000000082E-05 ), #3100, 'distance_accuracy_value', 'NONE');
#2673 = LINE ( 'NONE', #3958, #2219 ) ;
#2674 =( NAMED_UNIT ( * ) PLANE_ANGLE_UNIT ( ) SI_UNIT ( $, .RADIAN. ) );
#2675 = EDGE_CURVE ( 'NONE', #917, #2018, #1168, .T. ) ;
#2676 = CARTESIAN_POINT ( 'NONE',  ( -1.000000000000000000, 0.7999999999999999334, -0.5200000000000000178 ) ) ;
#2677 = PRESENTATION_STYLE_ASSIGNMENT (( #349 ) ) ;
#2678 = SURFACE_STYLE_USAGE ( .BOTH. , #1781 ) ;
#2679 =( LENGTH_UNIT ( ) NAMED_UNIT ( * ) SI_UNIT ( .MILLI., .METRE. ) );
#2680 = EDGE_LOOP ( 'NONE', ( #565, #1385, #1133, #2297, #1241, #3130, #627, #3352 ) ) ;
#2681 = AXIS2_PLACEMENT_3D ( 'NONE', #3136, #1206, #508 ) ;
#2682 = CARTESIAN_POINT ( 'NONE',  ( -0.7249999999999999778, -0.5250000000000000222, -0.01000000000000002623 ) ) ;
#2683 = ORIENTED_EDGE ( 'NONE', *, *, #3367, .F. ) ;
#2684 = VECTOR ( 'NONE', #490, 1000.000000000000000 ) ;
#2685 = SURFACE_STYLE_USAGE ( .BOTH. , #3951 ) ;
#2686 = EDGE_LOOP ( 'NONE', ( #2750, #1641, #873, #3111 ) ) ;
#2687 = ORIENTED_EDGE ( 'NONE', *, *, #2711, .F. ) ;
#2688 = PRESENTATION_STYLE_ASSIGNMENT (( #1817 ) ) ;
#2689 = VECTOR ( 'NONE', #2420, 1000.000000000000000 ) ;
#2690 = FILL_AREA_STYLE_COLOUR ( '', #3114 ) ;
#2691 =( GEOMETRIC_REPRESENTATION_CONTEXT ( 3 ) GLOBAL_UNCERTAINTY_ASSIGNED_CONTEXT ( ( #754 ) ) GLOBAL_UNIT_ASSIGNED_CONTEXT ( ( #205, #1509, #2112 ) ) REPRESENTATION_CONTEXT ( 'NONE', 'WORKASPACE' ) );
#2692 = FACE_OUTER_BOUND ( 'NONE', #100, .T. ) ;
#2693 = FILL_AREA_STYLE_COLOUR ( '', #1899 ) ;
#2694 = VECTOR ( 'NONE', #2235, 1000.000000000000000 ) ;
#2695 = PLANE ( 'NONE',  #3247 ) ;
#2696 = LINE ( 'NONE', #22, #2991 ) ;
#2697 = PRESENTATION_LAYER_ASSIGNMENT (  '', '', ( #2229 ) ) ;
#2698 = CARTESIAN_POINT ( 'NONE',  ( 0.7249999999999999778, 0.6750000000000000444, -0.01000000000000002623 ) ) ;
#2699 = FACE_OUTER_BOUND ( 'NONE', #3279, .T. ) ;
#2701 = LINE ( 'NONE', #3922, #1569 ) ;
#2700 =( GEOMETRIC_REPRESENTATION_CONTEXT ( 3 ) GLOBAL_UNCERTAINTY_ASSIGNED_CONTEXT ( ( #2476 ) ) GLOBAL_UNIT_ASSIGNED_CONTEXT ( ( #2192, #1547, #3799 ) ) REPRESENTATION_CONTEXT ( 'NONE', 'WORKASPACE' ) );
#2702 = ORIENTED_EDGE ( 'NONE', *, *, #1389, .T. ) ;
#2703 = EDGE_CURVE ( 'NONE', #778, #3077, #1128, .T. ) ;
#2704 = VECTOR ( 'NONE', #4005, 1000.000000000000000 ) ;
#2705 = AXIS2_PLACEMENT_3D ( 'NONE', #698, #1644, #3576 ) ;
#2706 =( LENGTH_UNIT ( ) NAMED_UNIT ( * ) SI_UNIT ( .MILLI., .METRE. ) );
#2707 = DIRECTION ( 'NONE',  ( 0.0000000000000000000, -1.000000000000000000, 0.0000000000000000000 ) ) ;
#2708 = ORIENTED_EDGE ( 'NONE', *, *, #3324, .T. ) ;
#2709 =( GEOMETRIC_REPRESENTATION_CONTEXT ( 3 ) GLOBAL_UNCERTAINTY_ASSIGNED_CONTEXT ( ( #3735 ) ) GLOBAL_UNIT_ASSIGNED_CONTEXT ( ( #471, #1482, #3410 ) ) REPRESENTATION_CONTEXT ( 'NONE', 'WORKASPACE' ) );
#2710 = DIRECTION ( 'NONE',  ( 0.0000000000000000000, 0.0000000000000000000, 1.000000000000000000 ) ) ;
#2711 = EDGE_CURVE ( 'NONE', #2342, #2082, #1151, .T. ) ;
#2712 = VECTOR ( 'NONE', #3217, 1000.000000000000000 ) ;
#2713 = EDGE_LOOP ( 'NONE', ( #37, #1721, #153, #2530 ) ) ;
#2714 = FILL_AREA_STYLE_COLOUR ( '', #3485 ) ;
#2715 = CARTESIAN_POINT ( 'NONE',  ( -0.02499999999999983485, -0.5749999999999999556, -0.5200000000000000178 ) ) ;
#2716 = ORIENTED_EDGE ( 'NONE', *, *, #1694, .T. ) ;
#2717 = CYLINDRICAL_SURFACE ( 'NONE', #962, 0.1499999999999999112 ) ;
#2718 = LINE ( 'NONE', #2344, #2704 ) ;
#2719 = DIRECTION ( 'NONE',  ( -2.168404344971008474E-15, 0.0000000000000000000, 1.000000000000000000 ) ) ;
#2720 = PRESENTATION_STYLE_ASSIGNMENT (( #181 ) ) ;
#2721 = FACE_OUTER_BOUND ( 'NONE', #1757, .T. ) ;
#2722 = FILL_AREA_STYLE_COLOUR ( '', #1184 ) ;
#2723 = LINE ( 'NONE', #2742, #654 ) ;
#2724 = DIRECTION ( 'NONE',  ( 0.0000000000000000000, 1.000000000000000000, 0.0000000000000000000 ) ) ;
#2725 = ORIENTED_EDGE ( 'NONE', *, *, #1966, .T. ) ;
#2726 = VECTOR ( 'NONE', #580, 1000.000000000000000 ) ;
#2727 = COLOUR_RGB ( '',0.7490196078431372584, 0.7490196078431372584, 0.7490196078431372584 ) ;
#2728 = LINE ( 'NONE', #2121, #3442 ) ;
#2729 = PRESENTATION_STYLE_ASSIGNMENT (( #2363 ) ) ;
#2730 = ADVANCED_FACE ( 'NONE', ( #292 ), #502, .F. ) ;
#2731 = ORIENTED_EDGE ( 'NONE', *, *, #2213, .F. ) ;
#2732 = ORIENTED_EDGE ( 'NONE', *, *, #850, .F. ) ;
#2733 = CARTESIAN_POINT ( 'NONE',  ( -0.02499999999999984873, 0.5749999999999999556, -0.5100000000000000089 ) ) ;
#2734 =( NAMED_UNIT ( * ) SI_UNIT ( $, .STERADIAN. ) SOLID_ANGLE_UNIT ( ) );
#2735 = VERTEX_POINT ( 'NONE', #1670 ) ;
#2736 = SURFACE_STYLE_FILL_AREA ( #493 ) ;
#2737 = CARTESIAN_POINT ( 'NONE',  ( 0.0000000000000000000, -0.6999999999999999556, -0.5200000000000000178 ) ) ;
#2738 = PLANE ( 'NONE',  #458 ) ;
#2739 = SURFACE_SIDE_STYLE ('',( #3724 ) ) ;
#2740 = CARTESIAN_POINT ( 'NONE',  ( -1.000000000000000000, 0.7999999999999999334, 0.0000000000000000000 ) ) ;
#2741 = CARTESIAN_POINT ( 'NONE',  ( -0.02499999999999914096, -0.6750000000000000444, -0.5100000000000000089 ) ) ;
#2742 = CARTESIAN_POINT ( 'NONE',  ( -0.7499999999999998890, -0.6999999999999999556, -0.4200000000000000955 ) ) ;
#2743 = ORIENTED_EDGE ( 'NONE', *, *, #2479, .T. ) ;
#2744 = UNCERTAINTY_MEASURE_WITH_UNIT (LENGTH_MEASURE( 1.000000000000000082E-05 ), #3633, 'distance_accuracy_value', 'NONE');
#2745 = CARTESIAN_POINT ( 'NONE',  ( -0.7249999999999999778, 0.6750000000000000444, -0.01000000000000002623 ) ) ;
#2746 = EDGE_LOOP ( 'NONE', ( #740, #2642, #1900, #2240 ) ) ;
#2747 = EDGE_CURVE ( 'NONE', #4061, #2369, #1216, .T. ) ;
#2748 = ORIENTED_EDGE ( 'NONE', *, *, #3962, .T. ) ;
#2749 = LINE ( 'NONE', #2437, #316 ) ;
#2750 = ORIENTED_EDGE ( 'NONE', *, *, #2014, .T. ) ;
#2751 = DIRECTION ( 'NONE',  ( -0.0000000000000000000, 0.0000000000000000000, -1.000000000000000000 ) ) ;
#2752 = AXIS2_PLACEMENT_3D ( 'NONE', #1722, #763, #157 ) ;
#2753 = CARTESIAN_POINT ( 'NONE',  ( 0.8749999999999997780, 0.5250000000000000222, 0.0000000000000000000 ) ) ;
#2754 = DIRECTION ( 'NONE',  ( -1.000000000000000000, 0.0000000000000000000, 0.0000000000000000000 ) ) ;
#2755 = LINE ( 'NONE', #2536, #2762 ) ;
#2756 = STYLED_ITEM ( 'NONE', ( #2272 ), #2077 ) ;
#2757 = DIRECTION ( 'NONE',  ( -2.356961244533708440E-17, 1.000000000000000000, 0.0000000000000000000 ) ) ;
#2758 = EDGE_CURVE ( 'NONE', #3173, #2666, #2494, .T. ) ;
#2759 = DIRECTION ( 'NONE',  ( 0.0000000000000000000, -1.000000000000000000, 0.0000000000000000000 ) ) ;
#2760 = COLOUR_RGB ( '',0.7490196078431372584, 0.7490196078431372584, 0.7490196078431372584 ) ;
#2761 = VERTEX_POINT ( 'NONE', #2863 ) ;
#2762 = VECTOR ( 'NONE', #1821, 1000.000000000000000 ) ;
#2763 = CARTESIAN_POINT ( 'NONE',  ( -0.6749999999999998224, 0.5749999999999999556, -0.5200000000000000178 ) ) ;
#2764 = VECTOR ( 'NONE', #1043, 1000.000000000000000 ) ;
#2766 = AXIS2_PLACEMENT_3D ( 'NONE', #1039, #49, #2724 ) ;
#2765 = UNCERTAINTY_MEASURE_WITH_UNIT (LENGTH_MEASURE( 1.000000000000000082E-05 ), #2706, 'distance_accuracy_value', 'NONE');
#2767 = ORIENTED_EDGE ( 'NONE', *, *, #979, .F. ) ;
#2768 = CARTESIAN_POINT ( 'NONE',  ( -0.02499999999999915831, 0.6750000000000000444, -0.5200000000000000178 ) ) ;
#2769 = VECTOR ( 'NONE', #2584, 1000.000000000000000 ) ;
#2770 =( NAMED_UNIT ( * ) SI_UNIT ( $, .STERADIAN. ) SOLID_ANGLE_UNIT ( ) );
#2771 = ORIENTED_EDGE ( 'NONE', *, *, #447, .F. ) ;
#2772 = LINE ( 'NONE', #4067, #2684 ) ;
#2773 = DIRECTION ( 'NONE',  ( 0.0000000000000000000, 0.0000000000000000000, 1.000000000000000000 ) ) ;
#2774 = VECTOR ( 'NONE', #3612, 1000.000000000000000 ) ;
#2775 = ORIENTED_EDGE ( 'NONE', *, *, #887, .F. ) ;
#2776 = SURFACE_STYLE_USAGE ( .BOTH. , #4026 ) ;
#2777 = LINE ( 'NONE', #3089, #3985 ) ;
#2778 = FILL_AREA_STYLE ('',( #2986 ) ) ;
#2779 =( GEOMETRIC_REPRESENTATION_CONTEXT ( 3 ) GLOBAL_UNCERTAINTY_ASSIGNED_CONTEXT ( ( #1551 ) ) GLOBAL_UNIT_ASSIGNED_CONTEXT ( ( #88, #1370, #3889 ) ) REPRESENTATION_CONTEXT ( 'NONE', 'WORKASPACE' ) );
#2780 = UNCERTAINTY_MEASURE_WITH_UNIT (LENGTH_MEASURE( 1.000000000000000082E-05 ), #2679, 'distance_accuracy_value', 'NONE');
#2781 = CARTESIAN_POINT ( 'NONE',  ( -0.8749999999999998890, -0.5749999999999992895, -0.5200000000000000178 ) ) ;
#2782 = DIRECTION ( 'NONE',  ( 0.0000000000000000000, 0.0000000000000000000, 1.000000000000000000 ) ) ;
#2783 = SURFACE_STYLE_FILL_AREA ( #1528 ) ;
#2784 = EDGE_CURVE ( 'NONE', #2332, #917, #308, .T. ) ;
#2785 = DIRECTION ( 'NONE',  ( 0.0000000000000000000, 0.0000000000000000000, -1.000000000000000000 ) ) ;
#2786 = VECTOR ( 'NONE', #3157, 1000.000000000000000 ) ;
#2787 =( NAMED_UNIT ( * ) SI_UNIT ( $, .STERADIAN. ) SOLID_ANGLE_UNIT ( ) );
#2788 = ADVANCED_FACE ( 'NONE', ( #2822 ), #891, .T. ) ;
#2789 = VERTEX_POINT ( 'NONE', #619 ) ;
#2790 = COLOUR_RGB ( '',0.7490196078431372584, 0.7490196078431372584, 0.7490196078431372584 ) ;
#2791 = STYLED_ITEM ( 'NONE', ( #3283 ), #2929 ) ;
#2792 = ORIENTED_EDGE ( 'NONE', *, *, #3651, .T. ) ;
#2793 = SURFACE_SIDE_STYLE ('',( #3758 ) ) ;
#2794 = DIRECTION ( 'NONE',  ( 0.0000000000000000000, -1.000000000000000000, 0.0000000000000000000 ) ) ;
#2795 = ORIENTED_EDGE ( 'NONE', *, *, #2188, .F. ) ;
#2796 = CARTESIAN_POINT ( 'NONE',  ( 0.7750000000000002442, -0.5749999999999999556, -0.5100000000000000089 ) ) ;
#2797 = CARTESIAN_POINT ( 'NONE',  ( -0.7749999999999991340, 0.6750000000000000444, -0.5100000000000000089 ) ) ;
#2798 = ORIENTED_EDGE ( 'NONE', *, *, #608, .F. ) ;
#2799 = DIRECTION ( 'NONE',  ( -1.000000000000000000, -0.0000000000000000000, -2.168404344971008474E-15 ) ) ;
#2800 = DIRECTION ( 'NONE',  ( -0.0000000000000000000, 1.000000000000000000, 0.0000000000000000000 ) ) ;
#2801 = DIRECTION ( 'NONE',  ( 0.0000000000000000000, 0.0000000000000000000, 1.000000000000000000 ) ) ;
#2802 = LINE ( 'NONE', #2515, #4040 ) ;
#2803 = SURFACE_STYLE_USAGE ( .BOTH. , #516 ) ;
#2804 = FILL_AREA_STYLE_COLOUR ( '', #2504 ) ;
#2805 = FILL_AREA_STYLE ('',( #1571 ) ) ;
#2806 = ADVANCED_FACE ( 'NONE', ( #1626 ), #1883, .T. ) ;
#2807 = ORIENTED_EDGE ( 'NONE', *, *, #1177, .F. ) ;
#2808 = ADVANCED_FACE ( 'NONE', ( #2553 ), #3184, .F. ) ;
#2809 = EDGE_LOOP ( 'NONE', ( #2807, #522, #2981, #849 ) ) ;
#2810 = VERTEX_POINT ( 'NONE', #1293 ) ;
#2811 =( NAMED_UNIT ( * ) SI_UNIT ( $, .STERADIAN. ) SOLID_ANGLE_UNIT ( ) );
#2812 = ADVANCED_FACE ( 'NONE', ( #2571 ), #1070, .F. ) ;
#2813 =( NAMED_UNIT ( * ) SI_UNIT ( $, .STERADIAN. ) SOLID_ANGLE_UNIT ( ) );
#2814 = VERTEX_POINT ( 'NONE', #1392 ) ;
#2815 = CARTESIAN_POINT ( 'NONE',  ( 0.8750000000000003331, 0.5749999999999992895, -0.5200000000000000178 ) ) ;
#2816 = DIRECTION ( 'NONE',  ( 0.0000000000000000000, 1.000000000000000000, 1.807003620809174878E-16 ) ) ;
#2817 = DIRECTION ( 'NONE',  ( 0.0000000000000000000, 0.0000000000000000000, 1.000000000000000000 ) ) ;
#2818 = AXIS2_PLACEMENT_3D ( 'NONE', #3547, #3531, #1936 ) ;
#2819 = CARTESIAN_POINT ( 'NONE',  ( -0.8999999999999999112, -0.8000000000000000444, -0.3450000000000000289 ) ) ;
#2820 = CARTESIAN_POINT ( 'NONE',  ( -0.4499999999999999001, -0.6999999999999999556, -0.4200000000000000955 ) ) ;
#2821 = CARTESIAN_POINT ( 'NONE',  ( -0.6750000000000004885, -0.6750000000000000444, -0.5100000000000000089 ) ) ;
#2822 = FACE_OUTER_BOUND ( 'NONE', #455, .T. ) ;
#2823 = PRESENTATION_LAYER_ASSIGNMENT (  '', '', ( #456 ) ) ;
#2824 = SURFACE_STYLE_FILL_AREA ( #3777 ) ;
#2825 = ORIENTED_EDGE ( 'NONE', *, *, #2511, .F. ) ;
#2826 = VECTOR ( 'NONE', #3056, 1000.000000000000000 ) ;
#2828 = ORIENTED_EDGE ( 'NONE', *, *, #46, .F. ) ;
#2827 = VECTOR ( 'NONE', #2880, 1000.000000000000000 ) ;
#2829 = VERTEX_POINT ( 'NONE', #2919 ) ;
#2830 = AXIS2_PLACEMENT_3D ( 'NONE', #3851, #965, #2173 ) ;
#2831 = EDGE_CURVE ( 'NONE', #3077, #3569, #2608, .T. ) ;
#2832 = VECTOR ( 'NONE', #415, 1000.000000000000114 ) ;
#2833 = CARTESIAN_POINT ( 'NONE',  ( 0.0000000000000000000, 0.0000000000000000000, -0.09999999999999999167 ) ) ;
#2834 = ORIENTED_EDGE ( 'NONE', *, *, #3641, .T. ) ;
#2835 = CARTESIAN_POINT ( 'NONE',  ( 0.7749999999999996891, -0.6750000000000000444, -0.5100000000000000089 ) ) ;
#2836 = VECTOR ( 'NONE', #1118, 1000.000000000000000 ) ;
#2837 = ADVANCED_FACE ( 'NONE', ( #3551 ), #1311, .F. ) ;
#2838 = FACE_OUTER_BOUND ( 'NONE', #2439, .T. ) ;
#2839 = CIRCLE ( 'NONE', #1693, 0.1499999999999999667 ) ;
#2840 = CIRCLE ( 'NONE', #340, 0.1499999999999999667 ) ;
#2841 = LINE ( 'NONE', #4052, #4070 ) ;
#2842 = FILL_AREA_STYLE_COLOUR ( '', #463 ) ;
#2843 = CARTESIAN_POINT ( 'NONE',  ( -0.5749999999999997335, 0.5749999999999999556, -0.5200000000000000178 ) ) ;
#2844 = STYLED_ITEM ( 'NONE', ( #4155 ), #3271 ) ;
#2845 = FILL_AREA_STYLE_COLOUR ( '', #1507 ) ;
#2846 = COLOUR_RGB ( '',0.7490196078431372584, 0.7490196078431372584, 0.7490196078431372584 ) ;
#2847 = CARTESIAN_POINT ( 'NONE',  ( 0.8750000000000003331, 0.5749999999999999556, -0.5200000000000000178 ) ) ;
#2848 = UNCERTAINTY_MEASURE_WITH_UNIT (LENGTH_MEASURE( 1.000000000000000082E-05 ), #3575, 'distance_accuracy_value', 'NONE');
#2849 = VERTEX_POINT ( 'NONE', #1706 ) ;
#2850 = ORIENTED_EDGE ( 'NONE', *, *, #3522, .T. ) ;
#2851 = DIRECTION ( 'NONE',  ( -1.000000000000000000, 0.0000000000000000000, 0.0000000000000000000 ) ) ;
#2852 =( GEOMETRIC_REPRESENTATION_CONTEXT ( 3 ) GLOBAL_UNCERTAINTY_ASSIGNED_CONTEXT ( ( #309 ) ) GLOBAL_UNIT_ASSIGNED_CONTEXT ( ( #234, #865, #3074 ) ) REPRESENTATION_CONTEXT ( 'NONE', 'WORKASPACE' ) );
#2853 = ADVANCED_FACE ( 'NONE', ( #1984 ), #744, .T. ) ;
#2854 = ORIENTED_EDGE ( 'NONE', *, *, #276, .F. ) ;
#2855 = CARTESIAN_POINT ( 'NONE',  ( -0.8999999999999999112, -0.8000000000000001554, -0.3450000000000000289 ) ) ;
#2856 = VERTEX_POINT ( 'NONE', #2006 ) ;
#2857 = EDGE_CURVE ( 'NONE', #3173, #241, #3913, .T. ) ;
#2858 = ORIENTED_EDGE ( 'NONE', *, *, #1422, .F. ) ;
#2859 = FACE_OUTER_BOUND ( 'NONE', #295, .T. ) ;
#2860 = DIRECTION ( 'NONE',  ( -0.0000000000000000000, 1.000000000000000000, 0.0000000000000000000 ) ) ;
#2861 = PRESENTATION_LAYER_ASSIGNMENT (  '', '', ( #3060 ) ) ;
#2862 = DIRECTION ( 'NONE',  ( 0.0000000000000000000, -1.000000000000000000, -3.614007241618348278E-16 ) ) ;
#2863 = CARTESIAN_POINT ( 'NONE',  ( -0.8500000000000000888, -0.8000000000000001554, 0.0000000000000000000 ) ) ;
#2864 = DIRECTION ( 'NONE',  ( 0.0000000000000000000, 1.000000000000000000, 0.0000000000000000000 ) ) ;
#2865 = CARTESIAN_POINT ( 'NONE',  ( 0.9000000000000000222, -0.07499999999999999722, -0.3450000000000000844 ) ) ;
#2866 = DIRECTION ( 'NONE',  ( 0.0000000000000000000, 1.000000000000000000, 0.0000000000000000000 ) ) ;
#2867 = ORIENTED_EDGE ( 'NONE', *, *, #1892, .T. ) ;
#2868 = DIRECTION ( 'NONE',  ( 0.0000000000000000000, 1.000000000000000000, 0.0000000000000000000 ) ) ;
#2869 = VERTEX_POINT ( 'NONE', #68 ) ;
#2870 = SURFACE_STYLE_USAGE ( .BOTH. , #3925 ) ;
#2871 = FACE_OUTER_BOUND ( 'NONE', #1723, .T. ) ;
#2872 = ADVANCED_FACE ( 'NONE', ( #3611 ), #404, .F. ) ;
#2873 = ORIENTED_EDGE ( 'NONE', *, *, #727, .T. ) ;
#2874 = LINE ( 'NONE', #982, #3685 ) ;
#2875 = CARTESIAN_POINT ( 'NONE',  ( -0.8749999999999997780, 0.5749999999999992895, -0.5100000000000000089 ) ) ;
#2876 = DIRECTION ( 'NONE',  ( 0.0000000000000000000, 1.000000000000000000, 0.0000000000000000000 ) ) ;
#2877 =( NAMED_UNIT ( * ) PLANE_ANGLE_UNIT ( ) SI_UNIT ( $, .RADIAN. ) );
#2878 = DIRECTION ( 'NONE',  ( -0.0000000000000000000, 1.000000000000000000, 0.0000000000000000000 ) ) ;
#2879 = ADVANCED_FACE ( 'NONE', ( #1096 ), #537, .T. ) ;
#2880 = DIRECTION ( 'NONE',  ( -0.0000000000000000000, 0.0000000000000000000, -1.000000000000000000 ) ) ;
#2881 =( GEOMETRIC_REPRESENTATION_CONTEXT ( 3 ) GLOBAL_UNCERTAINTY_ASSIGNED_CONTEXT ( ( #3452 ) ) GLOBAL_UNIT_ASSIGNED_CONTEXT ( ( #4, #1399, #2641 ) ) REPRESENTATION_CONTEXT ( 'NONE', 'WORKASPACE' ) );
#2882 = ADVANCED_FACE ( 'NONE', ( #3342 ), #201, .F. ) ;
#2883 = STYLED_ITEM ( 'NONE', ( #30 ), #2135 ) ;
#2884 = CARTESIAN_POINT ( 'NONE',  ( 0.7249999999999999778, 0.5250000000000000222, -0.01000000000000002623 ) ) ;
#2885 = VECTOR ( 'NONE', #2668, 1000.000000000000000 ) ;
#2886 = ORIENTED_EDGE ( 'NONE', *, *, #539, .F. ) ;
#2887 = VECTOR ( 'NONE', #2782, 1000.000000000000000 ) ;
#2888 = CARTESIAN_POINT ( 'NONE',  ( 0.2000000000000000944, -0.9677050983124845240, -0.4200000000000000955 ) ) ;
#2889 = AXIS2_PLACEMENT_3D ( 'NONE', #2740, #817, #4031 ) ;
#2890 = DIRECTION ( 'NONE',  ( 1.000000000000000000, 0.0000000000000000000, 0.0000000000000000000 ) ) ;
#2891 = ORIENTED_EDGE ( 'NONE', *, *, #929, .T. ) ;
#2892 = SURFACE_SIDE_STYLE ('',( #4163 ) ) ;
#2893 =( GEOMETRIC_REPRESENTATION_CONTEXT ( 3 ) GLOBAL_UNCERTAINTY_ASSIGNED_CONTEXT ( ( #3713 ) ) GLOBAL_UNIT_ASSIGNED_CONTEXT ( ( #3739, #802, #2813 ) ) REPRESENTATION_CONTEXT ( 'NONE', 'WORKASPACE' ) );
#2894 = ORIENTED_EDGE ( 'NONE', *, *, #3081, .F. ) ;
#2895 = CARTESIAN_POINT ( 'NONE',  ( -0.2999999999999998779, -0.6999999999999999556, -0.4200000000000000955 ) ) ;
#2896 = STYLED_ITEM ( 'NONE', ( #3871 ), #2812 ) ;
#2897 = DIRECTION ( 'NONE',  ( 0.0000000000000000000, 0.0000000000000000000, -1.000000000000000000 ) ) ;
#2898 = DIRECTION ( 'NONE',  ( -1.000000000000000000, -1.084202172485504311E-16, 0.0000000000000000000 ) ) ;
#2899 = MECHANICAL_DESIGN_GEOMETRIC_PRESENTATION_REPRESENTATION (  '', ( #2638 ), #143 ) ;
#2900 = PRESENTATION_LAYER_ASSIGNMENT (  '', '', ( #1094 ) ) ;
#2901 = LINE ( 'NONE', #2655, #2351 ) ;
#2902 = EDGE_CURVE ( 'NONE', #2959, #2336, #226, .T. ) ;
#2903 = AXIS2_PLACEMENT_3D ( 'NONE', #749, #1989, #2265 ) ;
#2904 = CARTESIAN_POINT ( 'NONE',  ( -0.3000000000000000444, -0.6999999999999999556, -0.3450000000000000289 ) ) ;
#2905 = MECHANICAL_DESIGN_GEOMETRIC_PRESENTATION_REPRESENTATION (  '', ( #3640 ), #1774 ) ;
#2906 = EDGE_CURVE ( 'NONE', #2436, #2433, #3118, .T. ) ;
#2907 = FILL_AREA_STYLE ('',( #1354 ) ) ;
#2908 = SURFACE_STYLE_FILL_AREA ( #411 ) ;
#2909 = PLANE ( 'NONE',  #1762 ) ;
#2910 = VERTEX_POINT ( 'NONE', #1840 ) ;
#2911 = CARTESIAN_POINT ( 'NONE',  ( -0.1249999999999998335, -0.5749999999999992895, -0.5200000000000000178 ) ) ;
#2912 = DIRECTION ( 'NONE',  ( 1.000000000000000000, 0.0000000000000000000, 0.0000000000000000000 ) ) ;
#2913 = ORIENTED_EDGE ( 'NONE', *, *, #3805, .F. ) ;
#2914 =( GEOMETRIC_REPRESENTATION_CONTEXT ( 3 ) GLOBAL_UNCERTAINTY_ASSIGNED_CONTEXT ( ( #2967 ) ) GLOBAL_UNIT_ASSIGNED_CONTEXT ( ( #1688, #3248, #23 ) ) REPRESENTATION_CONTEXT ( 'NONE', 'WORKASPACE' ) );
#2915 = VERTEX_POINT ( 'NONE', #882 ) ;
#2916 = FILL_AREA_STYLE ('',( #2605 ) ) ;
#2917 = DIRECTION ( 'NONE',  ( 0.0000000000000000000, 1.000000000000000000, 0.0000000000000000000 ) ) ;
#2918 = DIRECTION ( 'NONE',  ( 0.0000000000000000000, 0.0000000000000000000, 1.000000000000000000 ) ) ;
#2919 = CARTESIAN_POINT ( 'NONE',  ( -0.7749999999999991340, 0.6750000000000000444, -0.5200000000000000178 ) ) ;
#2920 = EDGE_CURVE ( 'NONE', #2066, #319, #1210, .T. ) ;
#2921 = UNCERTAINTY_MEASURE_WITH_UNIT (LENGTH_MEASURE( 1.000000000000000082E-05 ), #824, 'distance_accuracy_value', 'NONE');
#2922 = PRESENTATION_LAYER_ASSIGNMENT (  '', '', ( #3937 ) ) ;
#2923 = CARTESIAN_POINT ( 'NONE',  ( 0.7749999999999996891, -0.6750000000000000444, -0.5100000000000000089 ) ) ;
#2924 = DIRECTION ( 'NONE',  ( 0.0000000000000000000, -1.000000000000000000, -3.614007241618348278E-16 ) ) ;
#2925 = DIRECTION ( 'NONE',  ( 0.0000000000000000000, -1.000000000000000000, 0.0000000000000000000 ) ) ;
#2926 = EDGE_CURVE ( 'NONE', #3149, #4100, #145, .T. ) ;
#2927 = DIRECTION ( 'NONE',  ( -1.000000000000000000, 0.0000000000000000000, 0.0000000000000000000 ) ) ;
#2928 = FACE_OUTER_BOUND ( 'NONE', #1588, .T. ) ;
#2929 = ADVANCED_BREP_SHAPE_REPRESENTATION ( '2016 LED', ( #1033, #3738, #3666, #2416, #3733, #2327, #987, #3771, #1524 ), #2313 ) ;
#2930 = DIRECTION ( 'NONE',  ( 0.0000000000000000000, 0.0000000000000000000, 1.000000000000000000 ) ) ;
#2931 = ORIENTED_EDGE ( 'NONE', *, *, #2551, .T. ) ;
#2932 = EDGE_CURVE ( 'NONE', #3103, #3605, #2840, .T. ) ;
#2933 = LINE ( 'NONE', #78, #2234 ) ;
#2934 = SURFACE_STYLE_FILL_AREA ( #2582 ) ;
#2935 = ORIENTED_EDGE ( 'NONE', *, *, #3249, .T. ) ;
#2936 = DIRECTION ( 'NONE',  ( 0.0000000000000000000, 0.0000000000000000000, 1.000000000000000000 ) ) ;
#2937 = EDGE_CURVE ( 'NONE', #3543, #1284, #1374, .T. ) ;
#2938 = ORIENTED_EDGE ( 'NONE', *, *, #3008, .T. ) ;
#2939 = DIRECTION ( 'NONE',  ( -1.000000000000000000, 0.0000000000000000000, 1.807003620809174139E-16 ) ) ;
#2940 = PLANE ( 'NONE',  #1496 ) ;
#2941 = ORIENTED_EDGE ( 'NONE', *, *, #2021, .F. ) ;
#2942 = DIRECTION ( 'NONE',  ( 1.000000000000000000, 0.0000000000000000000, 0.0000000000000000000 ) ) ;
#2943 = CARTESIAN_POINT ( 'NONE',  ( -0.1249999999999998890, 0.5749999999999991784, -0.5200000000000000178 ) ) ;
#2944 = FACE_OUTER_BOUND ( 'NONE', #312, .T. ) ;
#2945 = DIRECTION ( 'NONE',  ( -1.000000000000000000, 0.0000000000000000000, 0.0000000000000000000 ) ) ;
#2946 =( GEOMETRIC_REPRESENTATION_CONTEXT ( 3 ) GLOBAL_UNCERTAINTY_ASSIGNED_CONTEXT ( ( #540 ) ) GLOBAL_UNIT_ASSIGNED_CONTEXT ( ( #781, #3000, #1065 ) ) REPRESENTATION_CONTEXT ( 'NONE', 'WORKASPACE' ) );
#2947 = DIRECTION ( 'NONE',  ( 0.0000000000000000000, -1.000000000000000000, 0.0000000000000000000 ) ) ;
#2948 = MECHANICAL_DESIGN_GEOMETRIC_PRESENTATION_REPRESENTATION (  '', ( #1071 ), #318 ) ;
#2949 = DIRECTION ( 'NONE',  ( -1.000000000000000000, 0.0000000000000000000, 0.0000000000000000000 ) ) ;
#2950 = CARTESIAN_POINT ( 'NONE',  ( -0.7499999999999998890, -0.6999999999999999556, -0.3450000000000000844 ) ) ;
#2951 = ORIENTED_EDGE ( 'NONE', *, *, #3616, .T. ) ;
#2952 = FILL_AREA_STYLE ('',( #29 ) ) ;
#2953 = MECHANICAL_DESIGN_GEOMETRIC_PRESENTATION_REPRESENTATION (  '', ( #2756 ), #2345 ) ;
#2954 = FILL_AREA_STYLE_COLOUR ( '', #2216 ) ;
#2955 = EDGE_CURVE ( 'NONE', #1473, #4090, #607, .T. ) ;
#2956 = VERTEX_POINT ( 'NONE', #1396 ) ;
#2957 = CARTESIAN_POINT ( 'NONE',  ( -0.1249999999999998612, 0.5749999999999991784, -0.5100000000000000089 ) ) ;
#2958 = AXIS2_PLACEMENT_3D ( 'NONE', #3076, #751, #3374 ) ;
#2959 = VERTEX_POINT ( 'NONE', #2989 ) ;
#2960 = DIRECTION ( 'NONE',  ( 0.0000000000000000000, -1.000000000000000000, 0.0000000000000000000 ) ) ;
#2961 = CARTESIAN_POINT ( 'NONE',  ( 0.8749999999999998890, 0.5250000000000000222, 0.0000000000000000000 ) ) ;
#2962 = ADVANCED_FACE ( 'NONE', ( #94 ), #3555, .F. ) ;
#2963 = EDGE_LOOP ( 'NONE', ( #2155, #551, #244, #837 ) ) ;
#2964 = PRESENTATION_LAYER_ASSIGNMENT (  '', '', ( #2031 ) ) ;
#2965 = DIRECTION ( 'NONE',  ( 0.0000000000000000000, 0.0000000000000000000, -1.000000000000000000 ) ) ;
#2966 = DIRECTION ( 'NONE',  ( 0.0000000000000000000, 1.000000000000000000, 0.0000000000000000000 ) ) ;
#2967 = UNCERTAINTY_MEASURE_WITH_UNIT (LENGTH_MEASURE( 1.000000000000000082E-05 ), #1688, 'distance_accuracy_value', 'NONE');
#2968 =( NAMED_UNIT ( * ) SI_UNIT ( $, .STERADIAN. ) SOLID_ANGLE_UNIT ( ) );
#2969 = CARTESIAN_POINT ( 'NONE',  ( -0.6749999999999998224, 0.5749999999999999556, -0.5100000000000000089 ) ) ;
#2970 = CARTESIAN_POINT ( 'NONE',  ( -0.6749999999999998224, -0.5749999999999999556, -0.5200000000000000178 ) ) ;
#2971 = COLOUR_RGB ( '',0.7490196078431372584, 0.7490196078431372584, 0.7490196078431372584 ) ;
#2972 = CARTESIAN_POINT ( 'NONE',  ( -0.7749999999999991340, -0.6750000000000000444, -0.5100000000000000089 ) ) ;
#2973 = SURFACE_STYLE_FILL_AREA ( #2595 ) ;
#2974 = DIRECTION ( 'NONE',  ( -0.0000000000000000000, 0.0000000000000000000, -1.000000000000000000 ) ) ;
#2975 = VERTEX_POINT ( 'NONE', #2676 ) ;
#2976 = AXIS2_PLACEMENT_3D ( 'NONE', #3143, #233, #2493 ) ;
#2977 = EDGE_LOOP ( 'NONE', ( #2547, #3057, #761, #2049 ) ) ;
#2978 = LINE ( 'NONE', #436, #846 ) ;
#2979 = VECTOR ( 'NONE', #3795, 1000.000000000000000 ) ;
#2980 = EDGE_CURVE ( 'NONE', #3561, #3863, #21, .T. ) ;
#2981 = ORIENTED_EDGE ( 'NONE', *, *, #2902, .T. ) ;
#2982 = CARTESIAN_POINT ( 'NONE',  ( -0.02499999999999984873, 0.5749999999999999556, -0.5200000000000000178 ) ) ;
#2983 = ORIENTED_EDGE ( 'NONE', *, *, #3645, .F. ) ;
#2984 = PLANE ( 'NONE',  #4129 ) ;
#2985 = CARTESIAN_POINT ( 'NONE',  ( -0.7249999999999999778, -0.6750000000000000444, 0.0000000000000000000 ) ) ;
#2986 = FILL_AREA_STYLE_COLOUR ( '', #1910 ) ;
#2987 = DIRECTION ( 'NONE',  ( 0.0000000000000000000, 1.000000000000000000, 0.0000000000000000000 ) ) ;
#2988 = CARTESIAN_POINT ( 'NONE',  ( -0.3000000000000000444, -0.9677050983124845240, -0.3450000000000000289 ) ) ;
#2989 = CARTESIAN_POINT ( 'NONE',  ( -0.8999999999999999112, -0.8000000000000001554, -0.4200000000000000955 ) ) ;
#2990 = DIRECTION ( 'NONE',  ( -1.000000000000000000, 0.0000000000000000000, -1.807003620809174188E-15 ) ) ;
#2991 = VECTOR ( 'NONE', #1333, 1000.000000000000000 ) ;
#2992 = DIRECTION ( 'NONE',  ( 0.0000000000000000000, 1.000000000000000000, -0.0000000000000000000 ) ) ;
#2993 = FILL_AREA_STYLE_COLOUR ( '', #2151 ) ;
#2994 = PLANE ( 'NONE',  #1564 ) ;
#2995 = ORIENTED_EDGE ( 'NONE', *, *, #1727, .F. ) ;
#2996 = CARTESIAN_POINT ( 'NONE',  ( 0.9000000000000000222, 0.0000000000000000000, -0.5200000000000000178 ) ) ;
#2997 = ORIENTED_EDGE ( 'NONE', *, *, #1849, .T. ) ;
#2998 = LINE ( 'NONE', #3647, #1045 ) ;
#2999 = ORIENTED_EDGE ( 'NONE', *, *, #1749, .T. ) ;
#3000 =( NAMED_UNIT ( * ) PLANE_ANGLE_UNIT ( ) SI_UNIT ( $, .RADIAN. ) );
#3001 = ORIENTED_EDGE ( 'NONE', *, *, #4156, .T. ) ;
#3002 = CARTESIAN_POINT ( 'NONE',  ( -0.5749999999999997335, -0.5749999999999992895, -0.5100000000000000089 ) ) ;
#3003 = DIRECTION ( 'NONE',  ( 0.0000000000000000000, -1.000000000000000000, 0.0000000000000000000 ) ) ;
#3004 = UNCERTAINTY_MEASURE_WITH_UNIT (LENGTH_MEASURE( 1.000000000000000082E-05 ), #661, 'distance_accuracy_value', 'NONE');
#3005 = FACE_OUTER_BOUND ( 'NONE', #3594, .T. ) ;
#3006 = FILL_AREA_STYLE ('',( #2349 ) ) ;
#3007 =( LENGTH_UNIT ( ) NAMED_UNIT ( * ) SI_UNIT ( .MILLI., .METRE. ) );
#3008 = EDGE_CURVE ( 'NONE', #2082, #2319, #3245, .T. ) ;
#3009 = CARTESIAN_POINT ( 'NONE',  ( 0.8749999999999998890, 0.5250000000000000222, -0.01000000000000002623 ) ) ;
#3010 = CARTESIAN_POINT ( 'NONE',  ( 0.7249999999999999778, 0.6750000000000000444, 0.0000000000000000000 ) ) ;
#3011 = EDGE_CURVE ( 'NONE', #156, #286, #1332, .T. ) ;
#3012 = ORIENTED_EDGE ( 'NONE', *, *, #2014, .F. ) ;
#3013 = STYLED_ITEM ( 'NONE', ( #1836 ), #987 ) ;
#3014 = SURFACE_SIDE_STYLE ('',( #2061 ) ) ;
#3015 = CARTESIAN_POINT ( 'NONE',  ( -0.8749999999999997780, 0.5250000000000000222, -0.01000000000000002623 ) ) ;
#3016 = EDGE_LOOP ( 'NONE', ( #2941, #2731, #4119, #224 ) ) ;
#3017 =( LENGTH_UNIT ( ) NAMED_UNIT ( * ) SI_UNIT ( .MILLI., .METRE. ) );
#3018 = MECHANICAL_DESIGN_GEOMETRIC_PRESENTATION_REPRESENTATION (  '', ( #325 ), #591 ) ;
#3019 = ORIENTED_EDGE ( 'NONE', *, *, #3367, .T. ) ;
#3020 = DIRECTION ( 'NONE',  ( 1.445602896647339311E-15, 0.0000000000000000000, -1.000000000000000000 ) ) ;
#3021 = DIRECTION ( 'NONE',  ( 0.0000000000000000000, -1.000000000000000000, 0.0000000000000000000 ) ) ;
#3022 = ORIENTED_EDGE ( 'NONE', *, *, #3499, .F. ) ;
#3023 = CARTESIAN_POINT ( 'NONE',  ( -0.8749999999999997780, 0.5749999999999992895, -0.5200000000000000178 ) ) ;
#3024 = CARTESIAN_POINT ( 'NONE',  ( 0.3499999999999999223, -0.6999999999999999556, -0.3450000000000000844 ) ) ;
#3025 =( NAMED_UNIT ( * ) PLANE_ANGLE_UNIT ( ) SI_UNIT ( $, .RADIAN. ) );
#3026 = PLANE ( 'NONE',  #796 ) ;
#3027 = DIRECTION ( 'NONE',  ( -1.445602896647339508E-15, 0.0000000000000000000, 1.000000000000000000 ) ) ;
#3028 =( NAMED_UNIT ( * ) SI_UNIT ( $, .STERADIAN. ) SOLID_ANGLE_UNIT ( ) );
#3029 = AXIS2_PLACEMENT_3D ( 'NONE', #3471, #2205, #2516 ) ;
#3030 = DIRECTION ( 'NONE',  ( 0.0000000000000000000, -1.000000000000000000, 0.0000000000000000000 ) ) ;
#3031 = FILL_AREA_STYLE ('',( #209 ) ) ;
#3032 = EDGE_CURVE ( 'NONE', #587, #11, #1055, .T. ) ;
#3033 = CYLINDRICAL_SURFACE ( 'NONE', #2455, 0.1499999999999999667 ) ;
#3034 = STYLED_ITEM ( 'NONE', ( #3356 ), #3667 ) ;
#3035 = ORIENTED_EDGE ( 'NONE', *, *, #2581, .F. ) ;
#3036 = MECHANICAL_DESIGN_GEOMETRIC_PRESENTATION_REPRESENTATION (  '', ( #2434 ), #3910 ) ;
#3037 = EDGE_CURVE ( 'NONE', #3334, #3859, #3890, .T. ) ;
#3038 = UNCERTAINTY_MEASURE_WITH_UNIT (LENGTH_MEASURE( 1.000000000000000082E-05 ), #3769, 'distance_accuracy_value', 'NONE');
#3039 = DIRECTION ( 'NONE',  ( -2.168404344971008474E-15, 0.0000000000000000000, 1.000000000000000000 ) ) ;
#3040 = FILL_AREA_STYLE ('',( #79 ) ) ;
#3041 = ORIENTED_EDGE ( 'NONE', *, *, #4021, .F. ) ;
#3042 = VECTOR ( 'NONE', #1466, 1000.000000000000000 ) ;
#3043 = VECTOR ( 'NONE', #1310, 1000.000000000000000 ) ;
#3044 = ORIENTED_EDGE ( 'NONE', *, *, #2920, .T. ) ;
#3045 = CARTESIAN_POINT ( 'NONE',  ( 0.2000000000000000944, -0.6999999999999999556, -0.4200000000000000955 ) ) ;
#3046 = LINE ( 'NONE', #439, #3289 ) ;
#3047 = ORIENTED_EDGE ( 'NONE', *, *, #3059, .F. ) ;
#3048 = VECTOR ( 'NONE', #541, 1000.000000000000000 ) ;
#3049 = CARTESIAN_POINT ( 'NONE',  ( -0.1249999999999998335, -0.5749999999999992895, -0.5200000000000000178 ) ) ;
#3050 = CARTESIAN_POINT ( 'NONE',  ( 0.9000000000000000222, 0.07499999999999999722, -0.3450000000000000289 ) ) ;
#3051 = CARTESIAN_POINT ( 'NONE',  ( 0.3500000000000001443, -0.6999999999999999556, -0.4200000000000000955 ) ) ;
#3052 = DIRECTION ( 'NONE',  ( 0.0000000000000000000, 1.000000000000000000, 0.0000000000000000000 ) ) ;
#3053 = DIRECTION ( 'NONE',  ( 1.807003620809175125E-16, 0.0000000000000000000, -1.000000000000000000 ) ) ;
#3054 = DIRECTION ( 'NONE',  ( -1.000000000000000000, 0.0000000000000000000, 0.0000000000000000000 ) ) ;
#3055 = STYLED_ITEM ( 'NONE', ( #1447 ), #4077 ) ;
#3056 = DIRECTION ( 'NONE',  ( -0.0000000000000000000, 1.000000000000000000, 0.0000000000000000000 ) ) ;
#3057 = ORIENTED_EDGE ( 'NONE', *, *, #1505, .F. ) ;
#3058 = PRODUCT_DEFINITION_FORMATION_WITH_SPECIFIED_SOURCE ( 'ANY', '', #3643, .NOT_KNOWN. ) ;
#3059 = EDGE_CURVE ( 'NONE', #3528, #2223, #1075, .T. ) ;
#3060 = STYLED_ITEM ( 'NONE', ( #2677 ), #3792 ) ;
#3061 = DIRECTION ( 'NONE',  ( 0.0000000000000000000, 0.0000000000000000000, 1.000000000000000000 ) ) ;
#3062 =( LENGTH_UNIT ( ) NAMED_UNIT ( * ) SI_UNIT ( .MILLI., .METRE. ) );
#3063 = ORIENTED_EDGE ( 'NONE', *, *, #4118, .F. ) ;
#3064 =( NAMED_UNIT ( * ) SI_UNIT ( $, .STERADIAN. ) SOLID_ANGLE_UNIT ( ) );
#3065 = VERTEX_POINT ( 'NONE', #3327 ) ;
#3066 = LINE ( 'NONE', #3407, #3424 ) ;
#3067 = PRESENTATION_STYLE_ASSIGNMENT (( #177 ) ) ;
#3068 = ORIENTED_EDGE ( 'NONE', *, *, #2116, .F. ) ;
#3069 = EDGE_CURVE ( 'NONE', #1028, #4106, #1646, .T. ) ;
#3070 = SURFACE_SIDE_STYLE ('',( #785 ) ) ;
#3071 = PRESENTATION_STYLE_ASSIGNMENT (( #746 ) ) ;
#3072 = LINE ( 'NONE', #2350, #1292 ) ;
#3073 = DIRECTION ( 'NONE',  ( 1.000000000000000000, 2.356961244533708440E-17, 0.0000000000000000000 ) ) ;
#3074 =( NAMED_UNIT ( * ) SI_UNIT ( $, .STERADIAN. ) SOLID_ANGLE_UNIT ( ) );
#3075 = LINE ( 'NONE', #168, #2123 ) ;
#3076 = CARTESIAN_POINT ( 'NONE',  ( 0.7249999999999999778, -0.5250000000000000222, -0.01000000000000002623 ) ) ;
#3077 = VERTEX_POINT ( 'NONE', #2904 ) ;
#3078 = SURFACE_STYLE_FILL_AREA ( #1807 ) ;
#3079 = VERTEX_POINT ( 'NONE', #1011 ) ;
#3080 = FILL_AREA_STYLE ('',( #2218 ) ) ;
#3081 = EDGE_CURVE ( 'NONE', #1656, #1105, #1710, .T. ) ;
#3082 = CARTESIAN_POINT ( 'NONE',  ( 0.7750000000000002442, -0.5749999999999999556, -0.5200000000000000178 ) ) ;
#3083 = ORIENTED_EDGE ( 'NONE', *, *, #3451, .F. ) ;
#3084 = FILL_AREA_STYLE ('',( #1521 ) ) ;
#3085 = LINE ( 'NONE', #2855, #2152 ) ;
#3086 = ORIENTED_EDGE ( 'NONE', *, *, #1841, .T. ) ;
#3087 = AXIS2_PLACEMENT_3D ( 'NONE', #3990, #1805, #116 ) ;
#3088 = DIRECTION ( 'NONE',  ( -1.807003620809174583E-15, -1.959157251370479545E-31, 1.000000000000000000 ) ) ;
#3089 = CARTESIAN_POINT ( 'NONE',  ( -0.1249999999999998335, -0.5749999999999992895, -0.5200000000000000178 ) ) ;
#3090 =( LENGTH_UNIT ( ) NAMED_UNIT ( * ) SI_UNIT ( .MILLI., .METRE. ) );
#3091 = MECHANICAL_DESIGN_GEOMETRIC_PRESENTATION_REPRESENTATION (  '', ( #2022 ), #934 ) ;
#3092 = EDGE_CURVE ( 'NONE', #3923, #2623, #4180, .T. ) ;
#3093 = CARTESIAN_POINT ( 'NONE',  ( 1.000000000000000000, 0.07499999999999999722, -0.4200000000000000400 ) ) ;
#3094 = DIRECTION ( 'NONE',  ( 0.0000000000000000000, 1.000000000000000000, 0.0000000000000000000 ) ) ;
#3095 = CARTESIAN_POINT ( 'NONE',  ( 0.9000000000000000222, 0.07499999999999999722, -0.3450000000000000289 ) ) ;
#3096 = VECTOR ( 'NONE', #1653, 1000.000000000000000 ) ;
#3097 = FILL_AREA_STYLE ('',( #1803 ) ) ;
#3098 = DIRECTION ( 'NONE',  ( 1.000000000000000000, 1.084202172485504434E-16, -1.807003620809175125E-16 ) ) ;
#3099 = VECTOR ( 'NONE', #680, 1000.000000000000000 ) ;
#3100 =( LENGTH_UNIT ( ) NAMED_UNIT ( * ) SI_UNIT ( .MILLI., .METRE. ) );
#3101 = UNCERTAINTY_MEASURE_WITH_UNIT (LENGTH_MEASURE( 1.000000000000000082E-05 ), #18, 'distance_accuracy_value', 'NONE');
#3102 = AXIS2_PLACEMENT_3D ( 'NONE', #4030, #3326, #3027 ) ;
#3103 = VERTEX_POINT ( 'NONE', #3265 ) ;
#3104 =( LENGTH_UNIT ( ) NAMED_UNIT ( * ) SI_UNIT ( .MILLI., .METRE. ) );
#3105 = UNCERTAINTY_MEASURE_WITH_UNIT (LENGTH_MEASURE( 1.000000000000000082E-05 ), #3104, 'distance_accuracy_value', 'NONE');
#3106 = EDGE_LOOP ( 'NONE', ( #2792, #2716, #3808, #3260 ) ) ;
#3107 = SURFACE_SIDE_STYLE ('',( #505 ) ) ;
#3108 = COLOUR_RGB ( '',0.7921568627450980005, 0.8196078431372548767, 0.9333333333333333481 ) ;
#3109 = STYLED_ITEM ( 'NONE', ( #1273 ), #2806 ) ;
#3110 = CARTESIAN_POINT ( 'NONE',  ( 0.2000000000000000944, -0.8000000000000000444, -0.4200000000000000955 ) ) ;
#3111 = ORIENTED_EDGE ( 'NONE', *, *, #3145, .T. ) ;
#3112 = LINE ( 'NONE', #222, #2337 ) ;
#3113 = CARTESIAN_POINT ( 'NONE',  ( -0.7249999999999999778, -0.6750000000000000444, 0.0000000000000000000 ) ) ;
#3114 = COLOUR_RGB ( '',0.7490196078431372584, 0.7490196078431372584, 0.7490196078431372584 ) ;
#3115 = ORIENTED_EDGE ( 'NONE', *, *, #399, .F. ) ;
#3116 = PLANE ( 'NONE',  #3512 ) ;
#3117 = VECTOR ( 'NONE', #1660, 1000.000000000000000 ) ;
#3118 = LINE ( 'NONE', #4091, #1240 ) ;
#3119 = EDGE_CURVE ( 'NONE', #877, #2497, #366, .T. ) ;
#3120 = COLOUR_RGB ( '',1.000000000000000000, 1.000000000000000000, 1.000000000000000000 ) ;
#3121 = UNCERTAINTY_MEASURE_WITH_UNIT (LENGTH_MEASURE( 1.000000000000000082E-05 ), #1004, 'distance_accuracy_value', 'NONE');
#3122 = DIRECTION ( 'NONE',  ( 1.807003620809174139E-16, 0.0000000000000000000, 1.000000000000000000 ) ) ;
#3123 = DIRECTION ( 'NONE',  ( 9.427844978134832527E-17, 1.000000000000000000, 0.0000000000000000000 ) ) ;
#3124 = CARTESIAN_POINT ( 'NONE',  ( 0.3500000000000001443, -0.6999999999999999556, -0.4200000000000000955 ) ) ;
#3125 = FACE_OUTER_BOUND ( 'NONE', #688, .T. ) ;
#3126 = FILL_AREA_STYLE ('',( #2093 ) ) ;
#3127 = ORIENTED_EDGE ( 'NONE', *, *, #46, .T. ) ;
#3128 = ADVANCED_FACE ( 'NONE', ( #2944 ), #1314, .F. ) ;
#3129 = PRESENTATION_LAYER_ASSIGNMENT (  '', '', ( #495 ) ) ;
#3130 = ORIENTED_EDGE ( 'NONE', *, *, #582, .F. ) ;
#3131 = VERTEX_POINT ( 'NONE', #165 ) ;
#3132 = PRESENTATION_STYLE_ASSIGNMENT (( #3479 ) ) ;
#3133 = PRESENTATION_LAYER_ASSIGNMENT (  '', '', ( #2591 ) ) ;
#3134 = SURFACE_STYLE_FILL_AREA ( #553 ) ;
#3135 = ORIENTED_EDGE ( 'NONE', *, *, #3819, .T. ) ;
#3136 = CARTESIAN_POINT ( 'NONE',  ( 0.7750000000000002442, 0.5749999999999999556, -0.5100000000000000089 ) ) ;
#3137 = ORIENTED_EDGE ( 'NONE', *, *, #3856, .T. ) ;
#3138 = CARTESIAN_POINT ( 'NONE',  ( -0.7749999999999991340, 0.6750000000000000444, -0.5100000000000000089 ) ) ;
#3139 = LINE ( 'NONE', #246, #828 ) ;
#3140 = CARTESIAN_POINT ( 'NONE',  ( 1.167705098312484147, 0.07499999999999999722, -0.4200000000000000400 ) ) ;
#3141 =( NAMED_UNIT ( * ) SI_UNIT ( $, .STERADIAN. ) SOLID_ANGLE_UNIT ( ) );
#3142 = SURFACE_SIDE_STYLE ('',( #3831 ) ) ;
#3143 = CARTESIAN_POINT ( 'NONE',  ( -0.7249999999999999778, -0.6750000000000000444, 0.0000000000000000000 ) ) ;
#3144 = FILL_AREA_STYLE ('',( #2248 ) ) ;
#3145 = EDGE_CURVE ( 'NONE', #2814, #2614, #3727, .T. ) ;
#3146 = APPLICATION_PROTOCOL_DEFINITION ( 'draft international standard', 'automotive_design', 1998, #3887 ) ;
#3147 = ORIENTED_EDGE ( 'NONE', *, *, #230, .F. ) ;
#3148 = ADVANCED_FACE ( 'NONE', ( #1822 ), #819, .F. ) ;
#3149 = VERTEX_POINT ( 'NONE', #3009 ) ;
#3150 = ORIENTED_EDGE ( 'NONE', *, *, #2482, .T. ) ;
#3151 = PRESENTATION_STYLE_ASSIGNMENT (( #1857 ) ) ;
#3152 = VERTEX_POINT ( 'NONE', #1511 ) ;
#3153 = DIRECTION ( 'NONE',  ( -1.000000000000000000, -1.084202172485504434E-16, 0.0000000000000000000 ) ) ;
#3154 = CARTESIAN_POINT ( 'NONE',  ( -0.7249999999999999778, -0.5250000000000000222, -0.01000000000000002623 ) ) ;
#3155 = AXIS2_PLACEMENT_3D ( 'NONE', #35, #1269, #4182 ) ;
#3156 = PRESENTATION_LAYER_ASSIGNMENT (  '', '', ( #520 ) ) ;
#3157 = DIRECTION ( 'NONE',  ( 1.000000000000000000, 0.0000000000000000000, 0.0000000000000000000 ) ) ;
#3158 = DIRECTION ( 'NONE',  ( -1.000000000000000000, 0.0000000000000000000, 0.0000000000000000000 ) ) ;
#3159 = SURFACE_STYLE_USAGE ( .BOTH. , #1881 ) ;
#3160 = CYLINDRICAL_SURFACE ( 'NONE', #2175, 0.1499999999999999667 ) ;
#3161 = CARTESIAN_POINT ( 'NONE',  ( -0.6749999999999998224, 0.5749999999999999556, -0.5200000000000000178 ) ) ;
#3162 = VECTOR ( 'NONE', #2510, 1000.000000000000000 ) ;
#3163 = DIRECTION ( 'NONE',  ( 0.0000000000000000000, -1.807003620809174632E-16, 1.000000000000000000 ) ) ;
#3164 = ORIENTED_EDGE ( 'NONE', *, *, #769, .F. ) ;
#3165 = EDGE_CURVE ( 'NONE', #1806, #2735, #4132, .T. ) ;
#3166 = MECHANICAL_DESIGN_GEOMETRIC_PRESENTATION_REPRESENTATION (  '', ( #268 ), #1898 ) ;
#3167 = ORIENTED_EDGE ( 'NONE', *, *, #3399, .F. ) ;
#3168 = VERTEX_POINT ( 'NONE', #517 ) ;
#3169 = AXIS2_PLACEMENT_3D ( 'NONE', #2323, #2965, #650 ) ;
#3170 = STYLED_ITEM ( 'NONE', ( #1894 ), #2533 ) ;
#3171 = AXIS2_PLACEMENT_3D ( 'NONE', #3269, #992, #4158 ) ;
#3172 = DIRECTION ( 'NONE',  ( 0.0000000000000000000, -1.000000000000000000, -0.0000000000000000000 ) ) ;
#3173 = VERTEX_POINT ( 'NONE', #2473 ) ;
#3174 = SURFACE_SIDE_STYLE ('',( #509 ) ) ;
#3175 = VERTEX_POINT ( 'NONE', #3749 ) ;
#3176 = SURFACE_STYLE_USAGE ( .BOTH. , #1230 ) ;
#3177 = STYLED_ITEM ( 'NONE', ( #2637 ), #3128 ) ;
#3178 = ORIENTED_EDGE ( 'NONE', *, *, #3244, .F. ) ;
#3179 = DIRECTION ( 'NONE',  ( 1.000000000000000000, 0.0000000000000000000, 0.0000000000000000000 ) ) ;
#3180 = CARTESIAN_POINT ( 'NONE',  ( 0.7749999999999996891, 0.6750000000000000444, -0.5200000000000000178 ) ) ;
#3181 = CARTESIAN_POINT ( 'NONE',  ( -0.8749999999999997780, -0.5749999999999992895, -0.5200000000000000178 ) ) ;
#3182 = CARTESIAN_POINT ( 'NONE',  ( 0.9000000000000000222, -0.07499999999999999722, -0.3450000000000000844 ) ) ;
#3183 = MECHANICAL_DESIGN_GEOMETRIC_PRESENTATION_REPRESENTATION (  '', ( #2844 ), #3791 ) ;
#3184 = CYLINDRICAL_SURFACE ( 'NONE', #545, 0.1000000000000000472 ) ;
#3185 = CARTESIAN_POINT ( 'NONE',  ( -0.8749999999999998890, 0.5250000000000000222, -0.01000000000000002623 ) ) ;
#3186 = PRESENTATION_LAYER_ASSIGNMENT (  '', '', ( #2296 ) ) ;
#3187 = CARTESIAN_POINT ( 'NONE',  ( -0.4500000000000000111, -0.9677050983124845240, -0.3450000000000000289 ) ) ;
#3188 = VECTOR ( 'NONE', #616, 1000.000000000000000 ) ;
#3189 = UNCERTAINTY_MEASURE_WITH_UNIT (LENGTH_MEASURE( 1.000000000000000082E-05 ), #2415, 'distance_accuracy_value', 'NONE');
#3190 = ADVANCED_FACE ( 'NONE', ( #864 ), #2695, .T. ) ;
#3191 = CARTESIAN_POINT ( 'NONE',  ( 0.1999999999999999556, -0.6999999999999999556, -0.3450000000000000289 ) ) ;
#3192 = ORIENTED_EDGE ( 'NONE', *, *, #727, .F. ) ;
#3193 = VECTOR ( 'NONE', #1992, 1000.000000000000000 ) ;
#3194 = PRESENTATION_STYLE_ASSIGNMENT (( #2220 ) ) ;
#3195 = ORIENTED_EDGE ( 'NONE', *, *, #953, .T. ) ;
#3196 = VECTOR ( 'NONE', #4093, 1000.000000000000000 ) ;
#3197 = EDGE_CURVE ( 'NONE', #1677, #1356, #773, .T. ) ;
#3198 = ORIENTED_EDGE ( 'NONE', *, *, #1919, .F. ) ;
#3199 = DIRECTION ( 'NONE',  ( 0.7071067811865475727, 0.7071067811865475727, 0.0000000000000000000 ) ) ;
#3200 = VERTEX_POINT ( 'NONE', #448 ) ;
#3201 = DIRECTION ( 'NONE',  ( 0.0000000000000000000, 0.0000000000000000000, 1.000000000000000000 ) ) ;
#3202 = PRESENTATION_LAYER_ASSIGNMENT (  '', '', ( #3865 ) ) ;
#3203 = EDGE_CURVE ( 'NONE', #1918, #2487, #1751, .T. ) ;
#3204 = DIRECTION ( 'NONE',  ( 0.0000000000000000000, 1.000000000000000000, 0.0000000000000000000 ) ) ;
#3205 = DIRECTION ( 'NONE',  ( 0.0000000000000000000, -1.000000000000000000, 0.0000000000000000000 ) ) ;
#3206 =( NAMED_UNIT ( * ) PLANE_ANGLE_UNIT ( ) SI_UNIT ( $, .RADIAN. ) );
#3207 = CARTESIAN_POINT ( 'NONE',  ( 0.0000000000000000000, -0.6999999999999999556, -0.5200000000000000178 ) ) ;
#3208 = CARTESIAN_POINT ( 'NONE',  ( -0.8500000000000000888, -0.8000000000000001554, -0.09999999999999999167 ) ) ;
#3209 = ORIENTED_EDGE ( 'NONE', *, *, #2180, .T. ) ;
#3210 = CARTESIAN_POINT ( 'NONE',  ( -0.3000000000000000444, -0.8000000000000000444, -0.3450000000000000289 ) ) ;
#3211 = ORIENTED_EDGE ( 'NONE', *, *, #2162, .T. ) ;
#3212 = EDGE_CURVE ( 'NONE', #3743, #2364, #142, .T. ) ;
#3213 = ORIENTED_EDGE ( 'NONE', *, *, #1248, .F. ) ;
#3214 = DIRECTION ( 'NONE',  ( 1.000000000000000000, 0.0000000000000000000, 0.0000000000000000000 ) ) ;
#3215 = CARTESIAN_POINT ( 'NONE',  ( -1.000000000000000000, -0.8000000000000001554, -0.09999999999999999167 ) ) ;
#3216 = FACE_OUTER_BOUND ( 'NONE', #996, .T. ) ;
#3217 = DIRECTION ( 'NONE',  ( -0.0000000000000000000, 1.000000000000000000, 0.0000000000000000000 ) ) ;
#3218 = SURFACE_SIDE_STYLE ('',( #3457 ) ) ;
#3219 = EDGE_CURVE ( 'NONE', #1651, #319, #3435, .T. ) ;
#3220 = COLOUR_RGB ( '',1.000000000000000000, 0.8235294117647058432, 0.2980392156862745057 ) ;
#3221 = CARTESIAN_POINT ( 'NONE',  ( -1.000000000000000000, 0.7999999999999999334, 0.0000000000000000000 ) ) ;
#3222 =( NAMED_UNIT ( * ) PLANE_ANGLE_UNIT ( ) SI_UNIT ( $, .RADIAN. ) );
#3223 = LINE ( 'NONE', #3874, #3256 ) ;
#3224 = CARTESIAN_POINT ( 'NONE',  ( -0.7499999999999998890, -0.8000000000000000444, -0.3450000000000000844 ) ) ;
#3225 = VECTOR ( 'NONE', #2453, 1000.000000000000000 ) ;
#3226 = VERTEX_POINT ( 'NONE', #2843 ) ;
#3227 =( GEOMETRIC_REPRESENTATION_CONTEXT ( 3 ) GLOBAL_UNCERTAINTY_ASSIGNED_CONTEXT ( ( #3038 ) ) GLOBAL_UNIT_ASSIGNED_CONTEXT ( ( #3769, #561, #2228 ) ) REPRESENTATION_CONTEXT ( 'NONE', 'WORKASPACE' ) );
#3228 =( LENGTH_UNIT ( ) NAMED_UNIT ( * ) SI_UNIT ( .MILLI., .METRE. ) );
#3229 = PRESENTATION_LAYER_ASSIGNMENT (  '', '', ( #3299 ) ) ;
#3230 =( LENGTH_UNIT ( ) NAMED_UNIT ( * ) SI_UNIT ( .MILLI., .METRE. ) );
#3231 = VERTEX_POINT ( 'NONE', #4169 ) ;
#3232 = PRODUCT_RELATED_PRODUCT_CATEGORY ( 'part', '', ( #3643 ) ) ;
#3233 = SURFACE_STYLE_USAGE ( .BOTH. , #1952 ) ;
#3234 =( GEOMETRIC_REPRESENTATION_CONTEXT ( 3 ) GLOBAL_UNCERTAINTY_ASSIGNED_CONTEXT ( ( #2120 ) ) GLOBAL_UNIT_ASSIGNED_CONTEXT ( ( #1873, #1497, #2770 ) ) REPRESENTATION_CONTEXT ( 'NONE', 'WORKASPACE' ) );
#3235 = VERTEX_POINT ( 'NONE', #1882 ) ;
#3236 = CYLINDRICAL_SURFACE ( 'NONE', #2612, 0.1000000000000000472 ) ;
#3237 = SURFACE_STYLE_FILL_AREA ( #3295 ) ;
#3238 = ADVANCED_FACE ( 'NONE', ( #1215 ), #1906, .F. ) ;
#3239 = SURFACE_SIDE_STYLE ('',( #651 ) ) ;
#3240 = DIRECTION ( 'NONE',  ( -1.000000000000000000, 0.0000000000000000000, -1.807003620809174632E-16 ) ) ;
#3241 = VECTOR ( 'NONE', #1023, 1000.000000000000000 ) ;
#3242 = FILL_AREA_STYLE_COLOUR ( '', #1714 ) ;
#3243 = AXIS2_PLACEMENT_3D ( 'NONE', #3659, #3054, #429 ) ;
#3244 = EDGE_CURVE ( 'NONE', #3672, #1983, #3798, .T. ) ;
#3245 = LINE ( 'NONE', #408, #3515 ) ;
#3246 =( LENGTH_UNIT ( ) NAMED_UNIT ( * ) SI_UNIT ( .MILLI., .METRE. ) );
#3247 = AXIS2_PLACEMENT_3D ( 'NONE', #789, #3984, #4010 ) ;
#3248 =( NAMED_UNIT ( * ) PLANE_ANGLE_UNIT ( ) SI_UNIT ( $, .RADIAN. ) );
#3249 = EDGE_CURVE ( 'NONE', #2364, #3409, #926, .T. ) ;
#3250 = LINE ( 'NONE', #3840, #3372 ) ;
#3251 = ORIENTED_EDGE ( 'NONE', *, *, #2396, .F. ) ;
#3252 = DIRECTION ( 'NONE',  ( 1.000000000000000000, 0.0000000000000000000, 0.0000000000000000000 ) ) ;
#3253 = CARTESIAN_POINT ( 'NONE',  ( 0.3499999999999999223, -0.9677050983124845240, -0.3450000000000000844 ) ) ;
#3254 = VERTEX_POINT ( 'NONE', #1546 ) ;
#3255 = LINE ( 'NONE', #2957, #1692 ) ;
#3256 = VECTOR ( 'NONE', #2927, 1000.000000000000000 ) ;
#3257 = ORIENTED_EDGE ( 'NONE', *, *, #2573, .F. ) ;
#3258 = CARTESIAN_POINT ( 'NONE',  ( -0.02499999999999913056, 0.6750000000000000444, -0.5200000000000000178 ) ) ;
#3259 = LINE ( 'NONE', #3909, #946 ) ;
#3260 = ORIENTED_EDGE ( 'NONE', *, *, #1229, .T. ) ;
#3261 = VECTOR ( 'NONE', #893, 1000.000000000000000 ) ;
#3262 = DIRECTION ( 'NONE',  ( 0.0000000000000000000, -1.000000000000000000, 0.0000000000000000000 ) ) ;
#3263 = SURFACE_STYLE_FILL_AREA ( #3596 ) ;
#3264 = CARTESIAN_POINT ( 'NONE',  ( 1.000000000000000000, -0.07499999999999998335, -0.4200000000000000955 ) ) ;
#3265 = CARTESIAN_POINT ( 'NONE',  ( 0.7249999999999999778, -0.6750000000000000444, 0.0000000000000000000 ) ) ;
#3266 =( NAMED_UNIT ( * ) SI_UNIT ( $, .STERADIAN. ) SOLID_ANGLE_UNIT ( ) );
#3267 = ADVANCED_FACE ( 'NONE', ( #1256 ), #3160, .F. ) ;
#3268 = DIRECTION ( 'NONE',  ( 0.0000000000000000000, -1.000000000000000000, 0.0000000000000000000 ) ) ;
#3269 = CARTESIAN_POINT ( 'NONE',  ( -0.4499999999999999001, -0.6999999999999999556, -0.4200000000000000955 ) ) ;
#3270 = VERTEX_POINT ( 'NONE', #1847 ) ;
#3271 = ADVANCED_FACE ( 'NONE', ( #290, #2207, #3492, #3125 ), #906, .F. ) ;
#3272 = DIRECTION ( 'NONE',  ( -1.000000000000000000, -1.084202172485504311E-16, 0.0000000000000000000 ) ) ;
#3273 = SURFACE_SIDE_STYLE ('',( #611 ) ) ;
#3274 = ORIENTED_EDGE ( 'NONE', *, *, #4167, .T. ) ;
#3275 = PLANE ( 'NONE',  #1357 ) ;
#3276 = ORIENTED_EDGE ( 'NONE', *, *, #2654, .T. ) ;
#3277 = LINE ( 'NONE', #1341, #484 ) ;
#3278 =( NAMED_UNIT ( * ) PLANE_ANGLE_UNIT ( ) SI_UNIT ( $, .RADIAN. ) );
#3279 = EDGE_LOOP ( 'NONE', ( #2407, #1912, #4164, #2259 ) ) ;
#3280 = CARTESIAN_POINT ( 'NONE',  ( -0.7249999999999999778, -0.6750000000000000444, 0.0000000000000000000 ) ) ;
#3281 = FILL_AREA_STYLE_COLOUR ( '', #548 ) ;
#3282 = LINE ( 'NONE', #1331, #2827 ) ;
#3283 = PRESENTATION_STYLE_ASSIGNMENT (( #3537 ) ) ;
#3284 = CARTESIAN_POINT ( 'NONE',  ( -0.8999999999999999112, -0.6999999999999999556, -0.3450000000000000289 ) ) ;
#3285 = AXIS2_PLACEMENT_3D ( 'NONE', #3010, #3663, #1782 ) ;
#3286 = SURFACE_SIDE_STYLE ('',( #2908 ) ) ;
#3287 = EDGE_LOOP ( 'NONE', ( #708, #2850, #3044, #1279 ) ) ;
#3288 = EDGE_CURVE ( 'NONE', #3972, #732, #2263, .T. ) ;
#3289 = VECTOR ( 'NONE', #1434, 1000.000000000000000 ) ;
#3290 = SURFACE_SIDE_STYLE ('',( #3588 ) ) ;
#3291 = ORIENTED_EDGE ( 'NONE', *, *, #1636, .T. ) ;
#3292 = CARTESIAN_POINT ( 'NONE',  ( -0.4500000000000000111, -0.8000000000000001554, -0.3450000000000000289 ) ) ;
#3293 = VECTOR ( 'NONE', #139, 1000.000000000000000 ) ;
#3294 = ORIENTED_EDGE ( 'NONE', *, *, #2144, .T. ) ;
#3295 = FILL_AREA_STYLE ('',( #2567 ) ) ;
#3296 = ORIENTED_EDGE ( 'NONE', *, *, #501, .F. ) ;
#3297 = VECTOR ( 'NONE', #1676, 1000.000000000000000 ) ;
#3298 = DIRECTION ( 'NONE',  ( 1.000000000000000000, 0.0000000000000000000, 0.0000000000000000000 ) ) ;
#3299 = STYLED_ITEM ( 'NONE', ( #446 ), #2255 ) ;
#3300 = DIRECTION ( 'NONE',  ( 0.0000000000000000000, 0.0000000000000000000, -1.000000000000000000 ) ) ;
#3301 = MECHANICAL_DESIGN_GEOMETRIC_PRESENTATION_REPRESENTATION (  '', ( #2284 ), #473 ) ;
#3302 = PLANE ( 'NONE',  #1619 ) ;
#3303 = MECHANICAL_DESIGN_GEOMETRIC_PRESENTATION_REPRESENTATION (  '', ( #2432 ), #2230 ) ;
#3304 = CARTESIAN_POINT ( 'NONE',  ( 0.1999999999999999556, -0.9677050983124845240, -0.3450000000000000289 ) ) ;
#3305 = PRESENTATION_LAYER_ASSIGNMENT (  '', '', ( #1435 ) ) ;
#3306 =( NAMED_UNIT ( * ) PLANE_ANGLE_UNIT ( ) SI_UNIT ( $, .RADIAN. ) );
#3307 = PRESENTATION_LAYER_ASSIGNMENT (  '', '', ( #741 ) ) ;
#3308 = PRESENTATION_LAYER_ASSIGNMENT (  '', '', ( #3578 ) ) ;
#3309 = FACE_OUTER_BOUND ( 'NONE', #2177, .T. ) ;
#3310 = DIRECTION ( 'NONE',  ( 0.0000000000000000000, 1.000000000000000000, 0.0000000000000000000 ) ) ;
#3311 = EDGE_LOOP ( 'NONE', ( #3841, #435, #4025, #3546 ) ) ;
#3312 = EDGE_CURVE ( 'NONE', #2465, #3543, #714, .T. ) ;
#3313 = EDGE_LOOP ( 'NONE', ( #3686, #803, #3590, #3019 ) ) ;
#3314 =( NAMED_UNIT ( * ) PLANE_ANGLE_UNIT ( ) SI_UNIT ( $, .RADIAN. ) );
#3315 = AXIS2_PLACEMENT_3D ( 'NONE', #1901, #3122, #3411 ) ;
#3316 = ADVANCED_FACE ( 'NONE', ( #3935 ), #1705, .T. ) ;
#3317 = EDGE_LOOP ( 'NONE', ( #440, #3339, #3674, #978 ) ) ;
#3318 = CARTESIAN_POINT ( 'NONE',  ( 0.7249999999999999778, 0.5250000000000000222, 0.0000000000000000000 ) ) ;
#3319 = CARTESIAN_POINT ( 'NONE',  ( -0.02499999999999983485, -0.5749999999999999556, -0.5100000000000000089 ) ) ;
#3320 = ORIENTED_EDGE ( 'NONE', *, *, #975, .F. ) ;
#3321 = SURFACE_SIDE_STYLE ('',( #3653 ) ) ;
#3322 = FILL_AREA_STYLE_COLOUR ( '', #2287 ) ;
#3323 = MECHANICAL_DESIGN_GEOMETRIC_PRESENTATION_REPRESENTATION (  '', ( #161 ), #2914 ) ;
#3324 = EDGE_CURVE ( 'NONE', #1199, #2856, #2005, .T. ) ;
#3325 = DIRECTION ( 'NONE',  ( 1.000000000000000000, 0.0000000000000000000, 0.0000000000000000000 ) ) ;
#3326 = DIRECTION ( 'NONE',  ( 1.000000000000000000, 0.0000000000000000000, 1.445602896647339508E-15 ) ) ;
#3327 = CARTESIAN_POINT ( 'NONE',  ( 0.8750000000000003331, -0.5749999999999992895, -0.5100000000000000089 ) ) ;
#3328 = DIRECTION ( 'NONE',  ( 1.000000000000000000, 0.0000000000000000000, 0.0000000000000000000 ) ) ;
#3329 = DIRECTION ( 'NONE',  ( 0.0000000000000000000, 0.0000000000000000000, 1.000000000000000000 ) ) ;
#3330 = CARTESIAN_POINT ( 'NONE',  ( 0.7249999999999999778, 0.6750000000000000444, 0.0000000000000000000 ) ) ;
#3331 = VERTEX_POINT ( 'NONE', #379 ) ;
#3332 = UNCERTAINTY_MEASURE_WITH_UNIT (LENGTH_MEASURE( 1.000000000000000082E-05 ), #3230, 'distance_accuracy_value', 'NONE');
#3333 = LINE ( 'NONE', #124, #2028 ) ;
#3334 = VERTEX_POINT ( 'NONE', #2985 ) ;
#3335 = CARTESIAN_POINT ( 'NONE',  ( 0.9000000000000000222, 0.07499999999999999722, -0.4200000000000000400 ) ) ;
#3336 = ORIENTED_EDGE ( 'NONE', *, *, #3324, .F. ) ;
#3337 = DIRECTION ( 'NONE',  ( 0.0000000000000000000, 1.000000000000000000, 0.0000000000000000000 ) ) ;
#3338 = LINE ( 'NONE', #1743, #939 ) ;
#3339 = ORIENTED_EDGE ( 'NONE', *, *, #1109, .F. ) ;
#3340 = CARTESIAN_POINT ( 'NONE',  ( -1.000000000000000000, -0.8000000000000001554, 0.0000000000000000000 ) ) ;
#3341 = CARTESIAN_POINT ( 'NONE',  ( 0.7249999999999999778, -0.6750000000000000444, 0.0000000000000000000 ) ) ;
#3342 = FACE_OUTER_BOUND ( 'NONE', #3510, .T. ) ;
#3343 = ADVANCED_FACE ( 'NONE', ( #3550 ), #3534, .F. ) ;
#3344 = CARTESIAN_POINT ( 'NONE',  ( -0.5749999999999997335, -0.5749999999999992895, -0.5200000000000000178 ) ) ;
#3345 = SURFACE_STYLE_USAGE ( .BOTH. , #3392 ) ;
#3346 = DIRECTION ( 'NONE',  ( 1.000000000000000000, 0.0000000000000000000, 0.0000000000000000000 ) ) ;
#3347 = EDGE_CURVE ( 'NONE', #2319, #1028, #3852, .T. ) ;
#3348 = LINE ( 'NONE', #544, #4082 ) ;
#3349 = CARTESIAN_POINT ( 'NONE',  ( 0.7249999999999999778, -0.5250000000000000222, -0.01000000000000002623 ) ) ;
#3350 = FACE_BOUND ( 'NONE', #3459, .T. ) ;
#3351 = PRESENTATION_STYLE_ASSIGNMENT (( #1424 ) ) ;
#3352 = ORIENTED_EDGE ( 'NONE', *, *, #1203, .F. ) ;
#3353 = MECHANICAL_DESIGN_GEOMETRIC_PRESENTATION_REPRESENTATION (  '', ( #1411 ), #2946 ) ;
#3354 = DIRECTION ( 'NONE',  ( 1.000000000000000000, 0.0000000000000000000, 0.0000000000000000000 ) ) ;
#3355 = ORIENTED_EDGE ( 'NONE', *, *, #3522, .F. ) ;
#3356 = PRESENTATION_STYLE_ASSIGNMENT (( #2685 ) ) ;
#3357 = CIRCLE ( 'NONE', #3693, 0.1000000000000000472 ) ;
#3358 = ORIENTED_EDGE ( 'NONE', *, *, #902, .F. ) ;
#3359 = CARTESIAN_POINT ( 'NONE',  ( -0.4500000000000000111, -0.8000000000000000444, -0.3450000000000000289 ) ) ;
#3360 = ORIENTED_EDGE ( 'NONE', *, *, #111, .F. ) ;
#3361 = FILL_AREA_STYLE_COLOUR ( '', #2846 ) ;
#3362 = AXIS2_PLACEMENT_3D ( 'NONE', #1107, #416, #1738 ) ;
#3363 = DIRECTION ( 'NONE',  ( -1.084202172485504311E-16, 1.000000000000000000, 0.0000000000000000000 ) ) ;
#3364 = VECTOR ( 'NONE', #2650, 1000.000000000000000 ) ;
#3365 = FILL_AREA_STYLE ('',( #110 ) ) ;
#3366 = PRESENTATION_STYLE_ASSIGNMENT (( #3391 ) ) ;
#3367 = EDGE_CURVE ( 'NONE', #3149, #2101, #1746, .T. ) ;
#3368 = STYLED_ITEM ( 'NONE', ( #788 ), #2305 ) ;
#3369 = SURFACE_STYLE_FILL_AREA ( #3097 ) ;
#3370 =( NAMED_UNIT ( * ) PLANE_ANGLE_UNIT ( ) SI_UNIT ( $, .RADIAN. ) );
#3371 = PRESENTATION_LAYER_ASSIGNMENT (  '', '', ( #2034 ) ) ;
#3372 = VECTOR ( 'NONE', #955, 1000.000000000000000 ) ;
#3373 = FILL_AREA_STYLE_COLOUR ( '', #689 ) ;
#3374 = DIRECTION ( 'NONE',  ( 0.0000000000000000000, -1.000000000000000000, 0.0000000000000000000 ) ) ;
#3375 = VECTOR ( 'NONE', #3833, 1000.000000000000000 ) ;
#3376 = EDGE_LOOP ( 'NONE', ( #1455, #3718, #2196, #1558 ) ) ;
#3377 = UNCERTAINTY_MEASURE_WITH_UNIT (LENGTH_MEASURE( 1.000000000000000082E-05 ), #1628, 'distance_accuracy_value', 'NONE');
#3378 = EDGE_CURVE ( 'NONE', #3764, #1872, #552, .T. ) ;
#3379 = VERTEX_POINT ( 'NONE', #3050 ) ;
#3380 = AXIS2_PLACEMENT_3D ( 'NONE', #3414, #3073, #2757 ) ;
#3381 = FACE_OUTER_BOUND ( 'NONE', #3516, .T. ) ;
#3382 = ORIENTED_EDGE ( 'NONE', *, *, #327, .F. ) ;
#3383 = FACE_OUTER_BOUND ( 'NONE', #3880, .T. ) ;
#3384 = DIRECTION ( 'NONE',  ( -0.0000000000000000000, 0.0000000000000000000, -1.000000000000000000 ) ) ;
#3385 = EDGE_LOOP ( 'NONE', ( #1876, #1461, #2687, #333 ) ) ;
#3386 = AXIS2_PLACEMENT_3D ( 'NONE', #3517, #4165, #2260 ) ;
#3387 = DIRECTION ( 'NONE',  ( 0.0000000000000000000, -1.000000000000000000, 0.0000000000000000000 ) ) ;
#3388 = DIRECTION ( 'NONE',  ( 0.0000000000000000000, 0.0000000000000000000, 1.000000000000000000 ) ) ;
#3389 = PRESENTATION_STYLE_ASSIGNMENT (( #2417 ) ) ;
#3390 = CARTESIAN_POINT ( 'NONE',  ( 0.8750000000000003331, 0.5749999999999992895, -0.5100000000000000089 ) ) ;
#3391 = SURFACE_STYLE_USAGE ( .BOTH. , #163 ) ;
#3392 = SURFACE_SIDE_STYLE ('',( #1487 ) ) ;
#3393 = SURFACE_STYLE_FILL_AREA ( #3126 ) ;
#3394 = VECTOR ( 'NONE', #2381, 1000.000000000000000 ) ;
#3395 = PRESENTATION_LAYER_ASSIGNMENT (  '', '', ( #2647 ) ) ;
#3396 = CARTESIAN_POINT ( 'NONE',  ( 0.3499999999999999223, -0.9677050983124845240, -0.3450000000000000844 ) ) ;
#3397 = LINE ( 'NONE', #4014, #3225 ) ;
#3398 = ORIENTED_EDGE ( 'NONE', *, *, #630, .T. ) ;
#3399 = EDGE_CURVE ( 'NONE', #2275, #899, #2395, .T. ) ;
#3400 = DIRECTION ( 'NONE',  ( 0.0000000000000000000, 0.0000000000000000000, 1.000000000000000000 ) ) ;
#3401 = LINE ( 'NONE', #3983, #2559 ) ;
#3402 = ORIENTED_EDGE ( 'NONE', *, *, #2478, .F. ) ;
#3403 = EDGE_CURVE ( 'NONE', #3670, #2384, #4048, .T. ) ;
#3404 = DIRECTION ( 'NONE',  ( 0.0000000000000000000, 0.0000000000000000000, 1.000000000000000000 ) ) ;
#3405 = ADVANCED_FACE ( 'NONE', ( #2375 ), #3676, .F. ) ;
#3406 = EDGE_LOOP ( 'NONE', ( #2873, #1654, #3822, #1112, #3648, #3137, #2748, #1897 ) ) ;
#3407 = CARTESIAN_POINT ( 'NONE',  ( 1.000000000000000000, -0.07499999999999995559, -0.4200000000000000955 ) ) ;
#3408 = CYLINDRICAL_SURFACE ( 'NONE', #3617, 0.1000000000000000472 ) ;
#3409 = VERTEX_POINT ( 'NONE', #1412 ) ;
#3410 =( NAMED_UNIT ( * ) SI_UNIT ( $, .STERADIAN. ) SOLID_ANGLE_UNIT ( ) );
#3411 = DIRECTION ( 'NONE',  ( -1.000000000000000000, 0.0000000000000000000, 1.807003620809174139E-16 ) ) ;
#3412 = LINE ( 'NONE', #3344, #586 ) ;
#3413 =( LENGTH_UNIT ( ) NAMED_UNIT ( * ) SI_UNIT ( .MILLI., .METRE. ) );
#3414 = CARTESIAN_POINT ( 'NONE',  ( -0.1249999999999998335, -0.5749999999999992895, -0.5200000000000000178 ) ) ;
#3415 = FACE_OUTER_BOUND ( 'NONE', #4176, .T. ) ;
#3416 = CLOSED_SHELL ( 'NONE', ( #2255, #3271, #1556, #2418, #231, #1088, #2962, #1036, #2298, #559, #2314, #202, #2808, #2048, #1784, #4050, #59, #958, #636, #829, #27, #3812, #2837, #3190, #3267, #1325, #453, #1512, #90, #2451, #4003, #1196, #1609, #3506, #2517, #1623, #4172, #1574, #1987, #1274, #3834, #602, #823, #999, #2194, #872, #3783, #1296, #32, #2096, #3613, #3405, #53, #1083, #3526 ) ) ;
#3417 =( NAMED_UNIT ( * ) PLANE_ANGLE_UNIT ( ) SI_UNIT ( $, .RADIAN. ) );
#3418 = CARTESIAN_POINT ( 'NONE',  ( 0.2000000000000000944, -0.8000000000000000444, -0.4200000000000000955 ) ) ;
#3419 = ORIENTED_EDGE ( 'NONE', *, *, #121, .F. ) ;
#3420 = DIRECTION ( 'NONE',  ( 0.0000000000000000000, -1.000000000000000000, 0.0000000000000000000 ) ) ;
#3421 = ADVANCED_FACE ( 'NONE', ( #1800 ), #1481, .F. ) ;
#3422 = VERTEX_POINT ( 'NONE', #1164 ) ;
#3423 =( NAMED_UNIT ( * ) SI_UNIT ( $, .STERADIAN. ) SOLID_ANGLE_UNIT ( ) );
#3424 = VECTOR ( 'NONE', #3719, 1000.000000000000000 ) ;
#3425 = CARTESIAN_POINT ( 'NONE',  ( 1.000000000000000000, 0.07499999999999999722, -0.4200000000000000400 ) ) ;
#3426 = ORIENTED_EDGE ( 'NONE', *, *, #1389, .F. ) ;
#3427 = DIRECTION ( 'NONE',  ( 0.0000000000000000000, 0.0000000000000000000, -1.000000000000000000 ) ) ;
#3428 = ORIENTED_EDGE ( 'NONE', *, *, #1604, .F. ) ;
#3429 = VECTOR ( 'NONE', #3762, 1000.000000000000000 ) ;
#3430 = CARTESIAN_POINT ( 'NONE',  ( -1.000000000000000000, -0.6500000000000001332, -0.09999999999999999167 ) ) ;
#3431 = CIRCLE ( 'NONE', #1680, 0.1000000000000000472 ) ;
#3432 = DIRECTION ( 'NONE',  ( 0.0000000000000000000, 1.000000000000000000, 0.0000000000000000000 ) ) ;
#3433 = STYLED_ITEM ( 'NONE', ( #2729 ), #1364 ) ;
#3434 = DIRECTION ( 'NONE',  ( -0.0000000000000000000, 0.0000000000000000000, -1.000000000000000000 ) ) ;
#3435 = LINE ( 'NONE', #618, #343 ) ;
#3436 = CYLINDRICAL_SURFACE ( 'NONE', #1454, 0.1000000000000000472 ) ;
#3437 = AXIS2_PLACEMENT_3D ( 'NONE', #499, #1733, #1469 ) ;
#3438 =( NAMED_UNIT ( * ) PLANE_ANGLE_UNIT ( ) SI_UNIT ( $, .RADIAN. ) );
#3439 = ORIENTED_EDGE ( 'NONE', *, *, #804, .F. ) ;
#3440 = AXIS2_PLACEMENT_3D ( 'NONE', #833, #1811, #506 ) ;
#3441 = CIRCLE ( 'NONE', #208, 0.1000000000000000472 ) ;
#3442 = VECTOR ( 'NONE', #3039, 1000.000000000000000 ) ;
#3443 = EDGE_LOOP ( 'NONE', ( #3115, #2269, #1040, #1874 ) ) ;
#3444 = FILL_AREA_STYLE ('',( #1555 ) ) ;
#3445 = CARTESIAN_POINT ( 'NONE',  ( -0.4500000000000000111, -0.8000000000000000444, -0.3450000000000000289 ) ) ;
#3446 = VERTEX_POINT ( 'NONE', #3024 ) ;
#3447 = FACE_OUTER_BOUND ( 'NONE', #1735, .T. ) ;
#3448 = DIRECTION ( 'NONE',  ( 0.0000000000000000000, 1.000000000000000000, 0.0000000000000000000 ) ) ;
#3449 = ORIENTED_EDGE ( 'NONE', *, *, #2758, .F. ) ;
#3450 = DIRECTION ( 'NONE',  ( 0.0000000000000000000, 1.000000000000000000, 0.0000000000000000000 ) ) ;
#3451 = EDGE_CURVE ( 'NONE', #3528, #1178, #2777, .T. ) ;
#3452 = UNCERTAINTY_MEASURE_WITH_UNIT (LENGTH_MEASURE( 1.000000000000000082E-05 ), #4, 'distance_accuracy_value', 'NONE');
#3453 = DIRECTION ( 'NONE',  ( 0.0000000000000000000, 1.000000000000000000, 0.0000000000000000000 ) ) ;
#3454 = CARTESIAN_POINT ( 'NONE',  ( -0.8999999999999999112, -0.6999999999999999556, -0.4200000000000000955 ) ) ;
#3455 = DIRECTION ( 'NONE',  ( 0.0000000000000000000, -1.000000000000000000, -0.0000000000000000000 ) ) ;
#3456 =( NAMED_UNIT ( * ) SI_UNIT ( $, .STERADIAN. ) SOLID_ANGLE_UNIT ( ) );
#3457 = SURFACE_STYLE_FILL_AREA ( #927 ) ;
#3458 = EDGE_CURVE ( 'NONE', #2275, #1369, #63, .T. ) ;
#3459 = EDGE_LOOP ( 'NONE', ( #194, #2164, #3952, #2268, #557, #2913, #1022, #3461 ) ) ;
#3460 = VECTOR ( 'NONE', #1038, 1000.000000000000000 ) ;
#3461 = ORIENTED_EDGE ( 'NONE', *, *, #2389, .F. ) ;
#3462 = ORIENTED_EDGE ( 'NONE', *, *, #653, .F. ) ;
#3463 = DIRECTION ( 'NONE',  ( 0.0000000000000000000, 0.0000000000000000000, 1.000000000000000000 ) ) ;
#3464 = AXIS2_PLACEMENT_3D ( 'NONE', #2970, #112, #2326 ) ;
#3465 = SURFACE_STYLE_FILL_AREA ( #2182 ) ;
#3466 = ORIENTED_EDGE ( 'NONE', *, *, #1172, .F. ) ;
#3467 = DIRECTION ( 'NONE',  ( 0.0000000000000000000, 1.000000000000000000, 0.0000000000000000000 ) ) ;
#3468 = ORIENTED_EDGE ( 'NONE', *, *, #2262, .T. ) ;
#3469 = CARTESIAN_POINT ( 'NONE',  ( -0.6750000000000004885, 0.6750000000000000444, -0.5200000000000000178 ) ) ;
#3470 = DIRECTION ( 'NONE',  ( 0.0000000000000000000, -1.000000000000000000, 0.0000000000000000000 ) ) ;
#3471 = CARTESIAN_POINT ( 'NONE',  ( -0.6749999999999998224, 0.5749999999999999556, -0.5200000000000000178 ) ) ;
#3472 = EDGE_CURVE ( 'NONE', #1284, #2185, #1503, .T. ) ;
#3473 = FACE_OUTER_BOUND ( 'NONE', #3406, .T. ) ;
#3474 = DIRECTION ( 'NONE',  ( 0.0000000000000000000, -1.000000000000000000, -1.807003620809174632E-16 ) ) ;
#3475 = VERTEX_POINT ( 'NONE', #494 ) ;
#3476 = UNCERTAINTY_MEASURE_WITH_UNIT (LENGTH_MEASURE( 1.000000000000000082E-05 ), #3017, 'distance_accuracy_value', 'NONE');
#3477 = ORIENTED_EDGE ( 'NONE', *, *, #1919, .T. ) ;
#3478 = ORIENTED_EDGE ( 'NONE', *, *, #298, .F. ) ;
#3479 = SURFACE_STYLE_USAGE ( .BOTH. , #254 ) ;
#3480 = FILL_AREA_STYLE_COLOUR ( '', #1430 ) ;
#3481 = ORIENTED_EDGE ( 'NONE', *, *, #2040, .T. ) ;
#3482 = SURFACE_STYLE_FILL_AREA ( #2660 ) ;
#3483 = PLANE ( 'NONE',  #3891 ) ;
#3484 = VERTEX_POINT ( 'NONE', #1069 ) ;
#3485 = COLOUR_RGB ( '',0.7490196078431372584, 0.7490196078431372584, 0.7490196078431372584 ) ;
#3486 = COLOUR_RGB ( '',1.000000000000000000, 0.8235294117647058432, 0.2980392156862745057 ) ;
#3487 = EDGE_LOOP ( 'NONE', ( #2413, #2795, #2503, #1810 ) ) ;
#3488 = LINE ( 'NONE', #2514, #3585 ) ;
#3489 = DIRECTION ( 'NONE',  ( 0.0000000000000000000, 5.421010862427524142E-16, -1.000000000000000000 ) ) ;
#3490 = DIRECTION ( 'NONE',  ( -2.891205793294679805E-15, 0.0000000000000000000, 1.000000000000000000 ) ) ;
#3491 =( LENGTH_UNIT ( ) NAMED_UNIT ( * ) SI_UNIT ( .MILLI., .METRE. ) );
#3492 = FACE_BOUND ( 'NONE', #531, .T. ) ;
#3493 =( GEOMETRIC_REPRESENTATION_CONTEXT ( 3 ) GLOBAL_UNCERTAINTY_ASSIGNED_CONTEXT ( ( #2361 ) ) GLOBAL_UNIT_ASSIGNED_CONTEXT ( ( #1170, #4136, #2535 ) ) REPRESENTATION_CONTEXT ( 'NONE', 'WORKASPACE' ) );
#3494 = CARTESIAN_POINT ( 'NONE',  ( -0.6749999999999998224, -0.5749999999999999556, -0.5200000000000000178 ) ) ;
#3495 = EDGE_CURVE ( 'NONE', #2384, #1656, #2718, .T. ) ;
#3496 = AXIS2_PLACEMENT_3D ( 'NONE', #3319, #1460, #2127 ) ;
#3497 =( NAMED_UNIT ( * ) PLANE_ANGLE_UNIT ( ) SI_UNIT ( $, .RADIAN. ) );
#3498 =( GEOMETRIC_REPRESENTATION_CONTEXT ( 3 ) GLOBAL_UNCERTAINTY_ASSIGNED_CONTEXT ( ( #1106 ) ) GLOBAL_UNIT_ASSIGNED_CONTEXT ( ( #3062, #486, #2099 ) ) REPRESENTATION_CONTEXT ( 'NONE', 'WORKASPACE' ) );
#3499 = EDGE_CURVE ( 'NONE', #3475, #2604, #767, .T. ) ;
#3500 = AXIS2_PLACEMENT_3D ( 'NONE', #1922, #3201, #4074 ) ;
#3502 = FACE_OUTER_BOUND ( 'NONE', #3902, .T. ) ;
#3501 = VECTOR ( 'NONE', #4054, 1000.000000000000000 ) ;
#3503 = EDGE_LOOP ( 'NONE', ( #753, #77, #376, #2293 ) ) ;
#3504 = PRESENTATION_LAYER_ASSIGNMENT (  '', '', ( #3901 ) ) ;
#3505 = SURFACE_STYLE_FILL_AREA ( #383 ) ;
#3506 = ADVANCED_FACE ( 'NONE', ( #3629 ), #743, .F. ) ;
#3507 = AXIS2_PLACEMENT_3D ( 'NONE', #3694, #488, #174 ) ;
#3508 = AXIS2_PLACEMENT_3D ( 'NONE', #3748, #117, #3310 ) ;
#3509 = CARTESIAN_POINT ( 'NONE',  ( 0.9000000000000000222, -0.07499999999999999722, -0.3450000000000000844 ) ) ;
#3510 = EDGE_LOOP ( 'NONE', ( #1282, #1578, #1148, #2999 ) ) ;
#3511 = FACE_OUTER_BOUND ( 'NONE', #373, .T. ) ;
#3512 = AXIS2_PLACEMENT_3D ( 'NONE', #261, #225, #302 ) ;
#3513 = SURFACE_STYLE_FILL_AREA ( #938 ) ;
#3514 = MECHANICAL_DESIGN_GEOMETRIC_PRESENTATION_REPRESENTATION (  '', ( #741 ), #1843 ) ;
#3515 = VECTOR ( 'NONE', #3634, 1000.000000000000000 ) ;
#3516 = EDGE_LOOP ( 'NONE', ( #3428, #2013, #2626, #1361 ) ) ;
#3517 = CARTESIAN_POINT ( 'NONE',  ( -0.7249999999999999778, -0.5250000000000000222, 0.0000000000000000000 ) ) ;
#3518 = PLANE ( 'NONE',  #3500 ) ;
#3519 =( NAMED_UNIT ( * ) PLANE_ANGLE_UNIT ( ) SI_UNIT ( $, .RADIAN. ) );
#3520 = VECTOR ( 'NONE', #3818, 1000.000000000000000 ) ;
#3521 = CARTESIAN_POINT ( 'NONE',  ( -0.02499999999999913056, 0.6750000000000000444, -0.5100000000000000089 ) ) ;
#3522 = EDGE_CURVE ( 'NONE', #175, #2066, #920, .T. ) ;
#3523 = LINE ( 'NONE', #3208, #811 ) ;
#3524 = ORIENTED_EDGE ( 'NONE', *, *, #114, .T. ) ;
#3525 = AXIS2_PLACEMENT_3D ( 'NONE', #3963, #96, #451 ) ;
#3526 = ADVANCED_FACE ( 'NONE', ( #901 ), #3116, .T. ) ;
#3527 =( NAMED_UNIT ( * ) SI_UNIT ( $, .STERADIAN. ) SOLID_ANGLE_UNIT ( ) );
#3528 = VERTEX_POINT ( 'NONE', #2548 ) ;
#3529 = ADVANCED_FACE ( 'NONE', ( #2838 ), #558, .F. ) ;
#3530 = VERTEX_POINT ( 'NONE', #1587 ) ;
#3531 = DIRECTION ( 'NONE',  ( 0.0000000000000000000, 0.0000000000000000000, -1.000000000000000000 ) ) ;
#3532 = CARTESIAN_POINT ( 'NONE',  ( -0.02499999999999913056, -0.6750000000000000444, -0.5200000000000000178 ) ) ;
#3533 =( NAMED_UNIT ( * ) SI_UNIT ( $, .STERADIAN. ) SOLID_ANGLE_UNIT ( ) );
#3534 = PLANE ( 'NONE',  #2238 ) ;
#3535 = PRESENTATION_STYLE_ASSIGNMENT (( #907 ) ) ;
#3536 = CARTESIAN_POINT ( 'NONE',  ( -0.3000000000000000444, -0.8000000000000000444, -0.3450000000000000289 ) ) ;
#3537 = SURFACE_STYLE_USAGE ( .BOTH. , #1988 ) ;
#3538 = FACE_OUTER_BOUND ( 'NONE', #3313, .T. ) ;
#3539 = ORIENTED_EDGE ( 'NONE', *, *, #2932, .T. ) ;
#3540 = CLOSED_SHELL ( 'NONE', ( #2879, #3238, #3915, #3128, #854, #1054, #1031, #2135, #323, #2611 ) ) ;
#3541 = EDGE_CURVE ( 'NONE', #1308, #3379, #2532, .T. ) ;
#3542 =( LENGTH_UNIT ( ) NAMED_UNIT ( * ) SI_UNIT ( .MILLI., .METRE. ) );
#3543 = VERTEX_POINT ( 'NONE', #2488 ) ;
#3544 = DIRECTION ( 'NONE',  ( 1.807003620809174188E-15, 0.0000000000000000000, -1.000000000000000000 ) ) ;
#3545 = EDGE_CURVE ( 'NONE', #1458, #1473, #2186, .T. ) ;
#3546 = ORIENTED_EDGE ( 'NONE', *, *, #4118, .T. ) ;
#3547 = CARTESIAN_POINT ( 'NONE',  ( -0.7749999999999998002, 0.5749999999999999556, -0.5100000000000000089 ) ) ;
#3548 = DIRECTION ( 'NONE',  ( 0.0000000000000000000, 5.421010862427524142E-16, -1.000000000000000000 ) ) ;
#3549 =( NAMED_UNIT ( * ) PLANE_ANGLE_UNIT ( ) SI_UNIT ( $, .RADIAN. ) );
#3550 = FACE_OUTER_BOUND ( 'NONE', #3624, .T. ) ;
#3551 = FACE_OUTER_BOUND ( 'NONE', #1767, .T. ) ;
#3552 =( GEOMETRIC_REPRESENTATION_CONTEXT ( 3 ) GLOBAL_UNCERTAINTY_ASSIGNED_CONTEXT ( ( #3793 ) ) GLOBAL_UNIT_ASSIGNED_CONTEXT ( ( #104, #2649, #3953 ) ) REPRESENTATION_CONTEXT ( 'NONE', 'WORKASPACE' ) );
#3553 = EDGE_CURVE ( 'NONE', #3530, #1473, #1542, .T. ) ;
#3554 = DIRECTION ( 'NONE',  ( 1.000000000000000000, 0.0000000000000000000, 0.0000000000000000000 ) ) ;
#3555 = CYLINDRICAL_SURFACE ( 'NONE', #957, 0.1000000000000000472 ) ;
#3556 =( GEOMETRIC_REPRESENTATION_CONTEXT ( 3 ) GLOBAL_UNCERTAINTY_ASSIGNED_CONTEXT ( ( #794 ) ) GLOBAL_UNIT_ASSIGNED_CONTEXT ( ( #1283, #1602, #2600 ) ) REPRESENTATION_CONTEXT ( 'NONE', 'WORKASPACE' ) );
#3557 = CARTESIAN_POINT ( 'NONE',  ( 1.000000000000000000, -0.07499999999999995559, -0.4200000000000000955 ) ) ;
#3558 = PRESENTATION_STYLE_ASSIGNMENT (( #2033 ) ) ;
#3559 = ORIENTED_EDGE ( 'NONE', *, *, #3599, .F. ) ;
#3560 = STYLED_ITEM ( 'NONE', ( #3071 ), #1267 ) ;
#3561 = VERTEX_POINT ( 'NONE', #574 ) ;
#3562 = PRESENTATION_LAYER_ASSIGNMENT (  '', '', ( #597 ) ) ;
#3563 = SURFACE_SIDE_STYLE ('',( #3861 ) ) ;
#3564 = COLOUR_RGB ( '',1.000000000000000000, 1.000000000000000000, 1.000000000000000000 ) ;
#3565 = EDGE_LOOP ( 'NONE', ( #275, #3063, #832, #1797 ) ) ;
#3566 = CARTESIAN_POINT ( 'NONE',  ( -0.5749999999999997335, -0.5749999999999992895, -0.5200000000000000178 ) ) ;
#3567 = COLOUR_RGB ( '',1.000000000000000000, 1.000000000000000000, 1.000000000000000000 ) ;
#3568 = AXIS2_PLACEMENT_3D ( 'NONE', #2950, #1260, #352 ) ;
#3569 = VERTEX_POINT ( 'NONE', #2318 ) ;
#3570 = CARTESIAN_POINT ( 'NONE',  ( 0.8749999999999998890, -0.5250000000000000222, 0.0000000000000000000 ) ) ;
#3571 = CARTESIAN_POINT ( 'NONE',  ( 0.7249999999999999778, 0.5250000000000000222, -0.01000000000000002623 ) ) ;
#3572 =( GEOMETRIC_REPRESENTATION_CONTEXT ( 3 ) GLOBAL_UNCERTAINTY_ASSIGNED_CONTEXT ( ( #912 ) ) GLOBAL_UNIT_ASSIGNED_CONTEXT ( ( #1764, #3314, #2064 ) ) REPRESENTATION_CONTEXT ( 'NONE', 'WORKASPACE' ) );
#3573 = ORIENTED_EDGE ( 'NONE', *, *, #2955, .F. ) ;
#3574 = MECHANICAL_DESIGN_GEOMETRIC_PRESENTATION_REPRESENTATION (  '', ( #892 ), #4123 ) ;
#3575 =( LENGTH_UNIT ( ) NAMED_UNIT ( * ) SI_UNIT ( .MILLI., .METRE. ) );
#3576 = DIRECTION ( 'NONE',  ( -1.000000000000000000, 0.0000000000000000000, 0.0000000000000000000 ) ) ;
#3577 = ADVANCED_FACE ( 'NONE', ( #3591 ), #3275, .F. ) ;
#3578 = STYLED_ITEM ( 'NONE', ( #3389 ), #2879 ) ;
#3579 = LINE ( 'NONE', #2923, #3099 ) ;
#3580 = PRESENTATION_LAYER_ASSIGNMENT (  '', '', ( #2365 ) ) ;
#3581 = CARTESIAN_POINT ( 'NONE',  ( -0.7749999999999999112, -0.5749999999999999556, -0.5100000000000000089 ) ) ;
#3582 = EDGE_CURVE ( 'NONE', #1983, #895, #1618, .T. ) ;
#3583 = LINE ( 'NONE', #683, #238 ) ;
#3584 = COLOUR_RGB ( '',0.7490196078431372584, 0.7490196078431372584, 0.7490196078431372584 ) ;
#3585 = VECTOR ( 'NONE', #885, 1000.000000000000000 ) ;
#3586 = CARTESIAN_POINT ( 'NONE',  ( 0.7749999999999996891, -0.6750000000000000444, -0.5200000000000000178 ) ) ;
#3587 = ORIENTED_EDGE ( 'NONE', *, *, #3710, .F. ) ;
#3588 = SURFACE_STYLE_FILL_AREA ( #2952 ) ;
#3589 = DIRECTION ( 'NONE',  ( 0.0000000000000000000, 0.0000000000000000000, -1.000000000000000000 ) ) ;
#3590 = ORIENTED_EDGE ( 'NONE', *, *, #2926, .F. ) ;
#3591 = FACE_OUTER_BOUND ( 'NONE', #2746, .T. ) ;
#3592 = EDGE_LOOP ( 'NONE', ( #1066, #3882, #1617, #1205 ) ) ;
#3593 = DIRECTION ( 'NONE',  ( 0.0000000000000000000, 0.0000000000000000000, -1.000000000000000000 ) ) ;
#3594 = EDGE_LOOP ( 'NONE', ( #4087, #3481, #2597, #1219 ) ) ;
#3595 = DIRECTION ( 'NONE',  ( 0.0000000000000000000, 1.000000000000000000, 0.0000000000000000000 ) ) ;
#3596 = FILL_AREA_STYLE ('',( #3281 ) ) ;
#3597 =( GEOMETRIC_REPRESENTATION_CONTEXT ( 3 ) GLOBAL_UNCERTAINTY_ASSIGNED_CONTEXT ( ( #1888 ) ) GLOBAL_UNIT_ASSIGNED_CONTEXT ( ( #898, #569, #2811 ) ) REPRESENTATION_CONTEXT ( 'NONE', 'WORKASPACE' ) );
#3598 =( NAMED_UNIT ( * ) PLANE_ANGLE_UNIT ( ) SI_UNIT ( $, .RADIAN. ) );
#3599 = EDGE_CURVE ( 'NONE', #2484, #175, #2020, .T. ) ;
#3600 = CARTESIAN_POINT ( 'NONE',  ( 0.8750000000000003331, -0.5749999999999992895, -0.5200000000000000178 ) ) ;
#3601 = EDGE_CURVE ( 'NONE', #2433, #956, #3255, .T. ) ;
#3602 = SURFACE_SIDE_STYLE ('',( #3664 ) ) ;
#3603 = ORIENTED_EDGE ( 'NONE', *, *, #111, .T. ) ;
#3604 = PRESENTATION_STYLE_ASSIGNMENT (( #2335 ) ) ;
#3605 = VERTEX_POINT ( 'NONE', #393 ) ;
#3606 = ORIENTED_EDGE ( 'NONE', *, *, #1203, .T. ) ;
#3607 = SURFACE_STYLE_USAGE ( .BOTH. , #131 ) ;
#3608 = FACE_OUTER_BOUND ( 'NONE', #3376, .T. ) ;
#3609 = ORIENTED_EDGE ( 'NONE', *, *, #283, .F. ) ;
#3610 = CARTESIAN_POINT ( 'NONE',  ( 1.000000000000000000, 0.7999999999999999334, -0.5200000000000000178 ) ) ;
#3611 = FACE_OUTER_BOUND ( 'NONE', #1492, .T. ) ;
#3612 = DIRECTION ( 'NONE',  ( -0.0000000000000000000, 1.000000000000000000, 0.0000000000000000000 ) ) ;
#3613 = ADVANCED_FACE ( 'NONE', ( #2871 ), #1673, .F. ) ;
#3614 = LINE ( 'NONE', #863, #3905 ) ;
#3615 = EDGE_LOOP ( 'NONE', ( #2025, #1929, #2732, #1853 ) ) ;
#3616 = EDGE_CURVE ( 'NONE', #1379, #3605, #3881, .T. ) ;
#3617 = AXIS2_PLACEMENT_3D ( 'NONE', #1114, #4045, #105 ) ;
#3618 = DIRECTION ( 'NONE',  ( -1.000000000000000000, 0.0000000000000000000, 0.0000000000000000000 ) ) ;
#3619 = ORIENTED_EDGE ( 'NONE', *, *, #2920, .F. ) ;
#3620 = SURFACE_SIDE_STYLE ('',( #4020 ) ) ;
#3621 = EDGE_CURVE ( 'NONE', #1060, #4069, #998, .T. ) ;
#3622 = MECHANICAL_DESIGN_GEOMETRIC_PRESENTATION_REPRESENTATION (  '', ( #1494 ), #3498 ) ;
#3623 =( GEOMETRIC_REPRESENTATION_CONTEXT ( 3 ) GLOBAL_UNCERTAINTY_ASSIGNED_CONTEXT ( ( #3969 ) ) GLOBAL_UNIT_ASSIGNED_CONTEXT ( ( #3413, #4137, #3141 ) ) REPRESENTATION_CONTEXT ( 'NONE', 'WORKASPACE' ) );
#3624 = EDGE_LOOP ( 'NONE', ( #1003, #4161, #282, #26, #3848, #2063, #3573, #6 ) ) ;
#3625 = CARTESIAN_POINT ( 'NONE',  ( -0.8749999999999997780, 0.5250000000000000222, -0.01000000000000002623 ) ) ;
#3626 = DIRECTION ( 'NONE',  ( 0.0000000000000000000, 1.000000000000000000, 0.0000000000000000000 ) ) ;
#3627 = ORIENTED_EDGE ( 'NONE', *, *, #3968, .T. ) ;
#3628 = CARTESIAN_POINT ( 'NONE',  ( -0.5749999999999997335, 0.5749999999999999556, -0.5200000000000000178 ) ) ;
#3629 = FACE_OUTER_BOUND ( 'NONE', #2200, .T. ) ;
#3630 = SURFACE_STYLE_USAGE ( .BOTH. , #363 ) ;
#3631 = UNCERTAINTY_MEASURE_WITH_UNIT (LENGTH_MEASURE( 1.000000000000000082E-05 ), #3246, 'distance_accuracy_value', 'NONE');
#3632 = CARTESIAN_POINT ( 'NONE',  ( -0.3000000000000000444, -0.6999999999999999556, -0.3450000000000000289 ) ) ;
#3633 =( LENGTH_UNIT ( ) NAMED_UNIT ( * ) SI_UNIT ( .MILLI., .METRE. ) );
#3634 = DIRECTION ( 'NONE',  ( -0.0000000000000000000, 0.0000000000000000000, -1.000000000000000000 ) ) ;
#3635 = CARTESIAN_POINT ( 'NONE',  ( -0.5749999999999997335, 0.5749999999999999556, -0.5200000000000000178 ) ) ;
#3636 = MECHANICAL_DESIGN_GEOMETRIC_PRESENTATION_REPRESENTATION (  '', ( #3109 ), #2700 ) ;
#3637 = MECHANICAL_DESIGN_GEOMETRIC_PRESENTATION_REPRESENTATION (  '', ( #2365 ), #1575 ) ;
#3638 = SURFACE_SIDE_STYLE ('',( #2356 ) ) ;
#3639 = ORIENTED_EDGE ( 'NONE', *, *, #1450, .T. ) ;
#3640 = STYLED_ITEM ( 'NONE', ( #1142 ), #3148 ) ;
#3641 = EDGE_CURVE ( 'NONE', #568, #2849, #961, .T. ) ;
#3642 = DIRECTION ( 'NONE',  ( 0.0000000000000000000, 0.0000000000000000000, 1.000000000000000000 ) ) ;
#3643 = PRODUCT ( '2016 LED', '2016 LED', '', ( #347 ) ) ;
#3644 = DIRECTION ( 'NONE',  ( 0.0000000000000000000, -1.000000000000000000, 0.0000000000000000000 ) ) ;
#3645 = EDGE_CURVE ( 'NONE', #792, #3065, #632, .T. ) ;
#3646 = ORIENTED_EDGE ( 'NONE', *, *, #3288, .F. ) ;
#3647 = CARTESIAN_POINT ( 'NONE',  ( -0.8999999999999999112, -0.6999999999999999556, -0.4200000000000000955 ) ) ;
#3648 = ORIENTED_EDGE ( 'NONE', *, *, #1463, .T. ) ;
#3649 = DIRECTION ( 'NONE',  ( 0.0000000000000000000, 0.0000000000000000000, 1.000000000000000000 ) ) ;
#3650 = FACE_OUTER_BOUND ( 'NONE', #1495, .T. ) ;
#3651 = EDGE_CURVE ( 'NONE', #1186, #3131, #3864, .T. ) ;
#3652 = VERTEX_POINT ( 'NONE', #2621 ) ;
#3653 = SURFACE_STYLE_FILL_AREA ( #808 ) ;
#3654 = CARTESIAN_POINT ( 'NONE',  ( 0.7249999999999999778, -0.5250000000000000222, 0.0000000000000000000 ) ) ;
#3655 = DIRECTION ( 'NONE',  ( -1.000000000000000000, 0.0000000000000000000, 0.0000000000000000000 ) ) ;
#3656 = LINE ( 'NONE', #2398, #1425 ) ;
#3657 = FILL_AREA_STYLE ('',( #2693 ) ) ;
#3658 =( GEOMETRIC_REPRESENTATION_CONTEXT ( 3 ) GLOBAL_UNCERTAINTY_ASSIGNED_CONTEXT ( ( #2672 ) ) GLOBAL_UNIT_ASSIGNED_CONTEXT ( ( #3100, #3438, #2787 ) ) REPRESENTATION_CONTEXT ( 'NONE', 'WORKASPACE' ) );
#3659 = CARTESIAN_POINT ( 'NONE',  ( 0.8749999999999998890, -0.5250000000000000222, 0.0000000000000000000 ) ) ;
#3660 = CARTESIAN_POINT ( 'NONE',  ( -0.8749999999999997780, 0.5749999999999992895, -0.5200000000000000178 ) ) ;
#3661 = VECTOR ( 'NONE', #3463, 1000.000000000000000 ) ;
#3662 = PLANE ( 'NONE',  #81 ) ;
#3663 = DIRECTION ( 'NONE',  ( 0.0000000000000000000, -1.000000000000000000, -0.0000000000000000000 ) ) ;
#3664 = SURFACE_STYLE_FILL_AREA ( #1355 ) ;
#3665 = ORIENTED_EDGE ( 'NONE', *, *, #769, .T. ) ;
#3666 = MANIFOLD_SOLID_BREP ( 'Boss-Extrude3', #3540 ) ;
#3667 = ADVANCED_FACE ( 'NONE', ( #3381 ), #1719, .F. ) ;
#3668 = FACE_OUTER_BOUND ( 'NONE', #239, .T. ) ;
#3669 =( NAMED_UNIT ( * ) SI_UNIT ( $, .STERADIAN. ) SOLID_ANGLE_UNIT ( ) );
#3670 = VERTEX_POINT ( 'NONE', #3692 ) ;
#3671 = EDGE_CURVE ( 'NONE', #2223, #3235, #2125, .T. ) ;
#3672 = VERTEX_POINT ( 'NONE', #2367 ) ;
#3673 = LINE ( 'NONE', #491, #1615 ) ;
#3674 = ORIENTED_EDGE ( 'NONE', *, *, #929, .F. ) ;
#3675 = DIRECTION ( 'NONE',  ( 0.0000000000000000000, 0.0000000000000000000, 1.000000000000000000 ) ) ;
#3676 = PLANE ( 'NONE',  #483 ) ;
#3677 = EDGE_CURVE ( 'NONE', #1105, #3670, #2998, .T. ) ;
#3678 = DIRECTION ( 'NONE',  ( 1.000000000000000000, 0.0000000000000000000, 0.0000000000000000000 ) ) ;
#3679 = DIRECTION ( 'NONE',  ( 0.0000000000000000000, 0.0000000000000000000, 1.000000000000000000 ) ) ;
#3680 = CYLINDRICAL_SURFACE ( 'NONE', #329, 0.1000000000000000472 ) ;
#3681 = SURFACE_STYLE_USAGE ( .BOTH. , #2400 ) ;
#3682 = EDGE_CURVE ( 'NONE', #3743, #2465, #1063, .T. ) ;
#3683 = DIRECTION ( 'NONE',  ( -1.000000000000000000, 0.0000000000000000000, 0.0000000000000000000 ) ) ;
#3684 = LINE ( 'NONE', #2095, #50 ) ;
#3685 = VECTOR ( 'NONE', #2939, 1000.000000000000000 ) ;
#3686 = ORIENTED_EDGE ( 'NONE', *, *, #2659, .T. ) ;
#3687 = PRESENTATION_LAYER_ASSIGNMENT (  '', '', ( #1071 ) ) ;
#3688 = DIRECTION ( 'NONE',  ( 0.0000000000000000000, -1.000000000000000000, -0.0000000000000000000 ) ) ;
#3689 = DIRECTION ( 'NONE',  ( 0.0000000000000000000, 0.0000000000000000000, -1.000000000000000000 ) ) ;
#3691 = ORIENTED_EDGE ( 'NONE', *, *, #529, .T. ) ;
#3690 = COLOUR_RGB ( '',0.7490196078431372584, 0.7490196078431372584, 0.7490196078431372584 ) ;
#3692 = CARTESIAN_POINT ( 'NONE',  ( -0.7499999999999998890, -0.6999999999999999556, -0.4200000000000000955 ) ) ;
#3693 = AXIS2_PLACEMENT_3D ( 'NONE', #2715, #806, #3626 ) ;
#3694 = CARTESIAN_POINT ( 'NONE',  ( 0.0000000000000000000, -0.6999999999999999556, -0.5200000000000000178 ) ) ;
#3695 = ORIENTED_EDGE ( 'NONE', *, *, #2211, .F. ) ;
#3696 = DIRECTION ( 'NONE',  ( 0.0000000000000000000, 1.000000000000000000, 0.0000000000000000000 ) ) ;
#3697 = DIRECTION ( 'NONE',  ( 0.0000000000000000000, 1.000000000000000000, 0.0000000000000000000 ) ) ;
#3698 = ORIENTED_EDGE ( 'NONE', *, *, #1961, .T. ) ;
#3699 = DIRECTION ( 'NONE',  ( -0.0000000000000000000, 0.0000000000000000000, -1.000000000000000000 ) ) ;
#3700 = VECTOR ( 'NONE', #3354, 1000.000000000000000 ) ;
#3701 = FILL_AREA_STYLE ('',( #2690 ) ) ;
#3702 = DIRECTION ( 'NONE',  ( 0.0000000000000000000, 1.000000000000000000, 0.0000000000000000000 ) ) ;
#3703 =( GEOMETRIC_REPRESENTATION_CONTEXT ( 3 ) GLOBAL_UNCERTAINTY_ASSIGNED_CONTEXT ( ( #3377 ) ) GLOBAL_UNIT_ASSIGNED_CONTEXT ( ( #1628, #3598, #2968 ) ) REPRESENTATION_CONTEXT ( 'NONE', 'WORKASPACE' ) );
#3704 = MECHANICAL_DESIGN_GEOMETRIC_PRESENTATION_REPRESENTATION (  '', ( #3901 ), #269 ) ;
#3705 =( NAMED_UNIT ( * ) PLANE_ANGLE_UNIT ( ) SI_UNIT ( $, .RADIAN. ) );
#3706 = SURFACE_STYLE_USAGE ( .BOTH. , #2449 ) ;
#3707 = VECTOR ( 'NONE', #2974, 1000.000000000000000 ) ;
#3708 = CARTESIAN_POINT ( 'NONE',  ( -0.5749999999999997335, 0.5749999999999999556, -0.5100000000000000089 ) ) ;
#3709 = COLOUR_RGB ( '',0.7490196078431372584, 0.7490196078431372584, 0.7490196078431372584 ) ;
#3710 = EDGE_CURVE ( 'NONE', #778, #1335, #2978, .T. ) ;
#3711 = ORIENTED_EDGE ( 'NONE', *, *, #733, .T. ) ;
#3712 = PRESENTATION_LAYER_ASSIGNMENT (  '', '', ( #3177 ) ) ;
#3713 = UNCERTAINTY_MEASURE_WITH_UNIT (LENGTH_MEASURE( 1.000000000000000082E-05 ), #3739, 'distance_accuracy_value', 'NONE');
#3714 = CIRCLE ( 'NONE', #478, 0.1000000000000000472 ) ;
#3715 = LINE ( 'NONE', #831, #2156 ) ;
#3716 = VERTEX_POINT ( 'NONE', #154 ) ;
#3717 = AXIS2_PLACEMENT_3D ( 'NONE', #985, #3912, #2898 ) ;
#3718 = ORIENTED_EDGE ( 'NONE', *, *, #2162, .F. ) ;
#3719 = DIRECTION ( 'NONE',  ( 0.0000000000000000000, 1.000000000000000000, 1.807003620809174632E-16 ) ) ;
#3720 = LINE ( 'NONE', #2047, #793 ) ;
#3721 = VERTEX_POINT ( 'NONE', #1383 ) ;
#3722 = DIRECTION ( 'NONE',  ( 1.000000000000000000, 0.0000000000000000000, 0.0000000000000000000 ) ) ;
#3723 = CARTESIAN_POINT ( 'NONE',  ( -0.7249999999999999778, -0.6750000000000000444, -0.01000000000000002623 ) ) ;
#3724 = SURFACE_STYLE_FILL_AREA ( #3006 ) ;
#3725 = FILL_AREA_STYLE ('',( #576 ) ) ;
#3726 = MECHANICAL_DESIGN_GEOMETRIC_PRESENTATION_REPRESENTATION (  '', ( #3802 ), #1986 ) ;
#3727 = LINE ( 'NONE', #845, #3042 ) ;
#3728 = ADVANCED_FACE ( 'NONE', ( #1111 ), #1456, .F. ) ;
#3729 =( LENGTH_UNIT ( ) NAMED_UNIT ( * ) SI_UNIT ( .MILLI., .METRE. ) );
#3730 = PLANE ( 'NONE',  #123 ) ;
#3731 = ORIENTED_EDGE ( 'NONE', *, *, #2500, .T. ) ;
#3732 = AXIS2_PLACEMENT_3D ( 'NONE', #101, #2710, #126 ) ;
#3733 = MANIFOLD_SOLID_BREP ( 'Cut-Extrude5', #3416 ) ;
#3734 = VECTOR ( 'NONE', #1698, 1000.000000000000000 ) ;
#3735 = UNCERTAINTY_MEASURE_WITH_UNIT (LENGTH_MEASURE( 1.000000000000000082E-05 ), #471, 'distance_accuracy_value', 'NONE');
#3736 = CARTESIAN_POINT ( 'NONE',  ( -0.7249999999999999778, -0.5250000000000000222, -0.01000000000000002623 ) ) ;
#3737 = VERTEX_POINT ( 'NONE', #527 ) ;
#3738 = MANIFOLD_SOLID_BREP ( 'Boss-Extrude2[2]', #779 ) ;
#3739 =( LENGTH_UNIT ( ) NAMED_UNIT ( * ) SI_UNIT ( .MILLI., .METRE. ) );
#3740 = EDGE_LOOP ( 'NONE', ( #3150, #940, #2767, #2524 ) ) ;
#3741 = CARTESIAN_POINT ( 'NONE',  ( -0.1249999999999998612, 0.5749999999999991784, -0.5200000000000000178 ) ) ;
#3742 = FACE_OUTER_BOUND ( 'NONE', #675, .T. ) ;
#3743 = VERTEX_POINT ( 'NONE', #219 ) ;
#3744 = CARTESIAN_POINT ( 'NONE',  ( -0.2999999999999998779, -0.9677050983124845240, -0.4200000000000000955 ) ) ;
#3745 = FILL_AREA_STYLE ('',( #496 ) ) ;
#3746 = CARTESIAN_POINT ( 'NONE',  ( 0.8750000000000003331, -0.5749999999999992895, -0.5100000000000000089 ) ) ;
#3747 = CARTESIAN_POINT ( 'NONE',  ( -0.4500000000000000111, -0.6999999999999999556, -0.3450000000000000289 ) ) ;
#3748 = CARTESIAN_POINT ( 'NONE',  ( -0.7749999999999999112, -0.5749999999999999556, -0.5100000000000000089 ) ) ;
#3749 = CARTESIAN_POINT ( 'NONE',  ( -0.02499999999999915831, 0.6750000000000000444, -0.5200000000000000178 ) ) ;
#3750 = SURFACE_SIDE_STYLE ('',( #3393 ) ) ;
#3751 = CLOSED_SHELL ( 'NONE', ( #2447, #3529, #3667, #1475, #2305, #2872 ) ) ;
#3752 = LINE ( 'NONE', #1852, #2589 ) ;
#3753 = LINE ( 'NONE', #3390, #536 ) ;
#3754 = EDGE_LOOP ( 'NONE', ( #807, #4103, #2427, #2528 ) ) ;
#3755 = EDGE_CURVE ( 'NONE', #3175, #913, #2526, .T. ) ;
#3756 = ORIENTED_EDGE ( 'NONE', *, *, #3553, .T. ) ;
#3757 = EDGE_CURVE ( 'NONE', #3331, #2278, #915, .T. ) ;
#3758 = SURFACE_STYLE_FILL_AREA ( #1183 ) ;
#3759 = AXIS2_PLACEMENT_3D ( 'NONE', #2370, #3649, #438 ) ;
#3760 = DIRECTION ( 'NONE',  ( 0.0000000000000000000, 1.000000000000000000, 0.0000000000000000000 ) ) ;
#3761 = ORIENTED_EDGE ( 'NONE', *, *, #2310, .T. ) ;
#3762 = DIRECTION ( 'NONE',  ( 0.0000000000000000000, 0.0000000000000000000, 1.000000000000000000 ) ) ;
#3763 = CARTESIAN_POINT ( 'NONE',  ( -0.7749999999999998002, 0.5749999999999999556, -0.5200000000000000178 ) ) ;
#3764 = VERTEX_POINT ( 'NONE', #3823 ) ;
#3765 = EDGE_CURVE ( 'NONE', #4090, #1501, #1518, .T. ) ;
#3766 = FILL_AREA_STYLE_COLOUR ( '', #3709 ) ;
#3767 = DIRECTION ( 'NONE',  ( 0.0000000000000000000, -1.000000000000000000, 0.0000000000000000000 ) ) ;
#3768 = CARTESIAN_POINT ( 'NONE',  ( 0.1999999999999999556, -0.8000000000000000444, -0.3450000000000000289 ) ) ;
#3769 =( LENGTH_UNIT ( ) NAMED_UNIT ( * ) SI_UNIT ( .MILLI., .METRE. ) );
#3770 = LINE ( 'NONE', #2821, #3501 ) ;
#3771 = MANIFOLD_SOLID_BREP ( 'Boss-Extrude5[3]', #28 ) ;
#3772 = VECTOR ( 'NONE', #1381, 1000.000000000000000 ) ;
#3773 = FILL_AREA_STYLE_COLOUR ( '', #3120 ) ;
#3774 =( NAMED_UNIT ( * ) SI_UNIT ( $, .STERADIAN. ) SOLID_ANGLE_UNIT ( ) );
#3775 = AXIS2_PLACEMENT_3D ( 'NONE', #3140, #942, #1270 ) ;
#3776 = PRESENTATION_LAYER_ASSIGNMENT (  '', '', ( #1959 ) ) ;
#3777 = FILL_AREA_STYLE ('',( #2176 ) ) ;
#3778 = EDGE_LOOP ( 'NONE', ( #482, #834, #3041, #341 ) ) ;
#3779 = PRESENTATION_LAYER_ASSIGNMENT (  '', '', ( #2896 ) ) ;
#3780 = ORIENTED_EDGE ( 'NONE', *, *, #368, .T. ) ;
#3781 = VERTEX_POINT ( 'NONE', #1037 ) ;
#3782 = SURFACE_STYLE_FILL_AREA ( #3080 ) ;
#3783 = ADVANCED_FACE ( 'NONE', ( #1397 ), #853, .F. ) ;
#3784 = CARTESIAN_POINT ( 'NONE',  ( -0.1249999999999998335, -0.5749999999999992895, -0.5100000000000000089 ) ) ;
#3785 = ORIENTED_EDGE ( 'NONE', *, *, #4138, .F. ) ;
#3786 = LINE ( 'NONE', #1187, #2209 ) ;
#3787 = DIRECTION ( 'NONE',  ( -1.000000000000000000, 0.0000000000000000000, 0.0000000000000000000 ) ) ;
#3788 = STYLED_ITEM ( 'NONE', ( #2087 ), #2872 ) ;
#3789 = VERTEX_POINT ( 'NONE', #3986 ) ;
#3790 = DIRECTION ( 'NONE',  ( 1.000000000000000000, 1.084202172485504434E-16, 1.807003620809175125E-16 ) ) ;
#3791 =( GEOMETRIC_REPRESENTATION_CONTEXT ( 3 ) GLOBAL_UNCERTAINTY_ASSIGNED_CONTEXT ( ( #2214 ) ) GLOBAL_UNIT_ASSIGNED_CONTEXT ( ( #2570, #3519, #966 ) ) REPRESENTATION_CONTEXT ( 'NONE', 'WORKASPACE' ) );
#3792 = ADVANCED_FACE ( 'NONE', ( #2312 ), #430, .F. ) ;
#3793 = UNCERTAINTY_MEASURE_WITH_UNIT (LENGTH_MEASURE( 1.000000000000000082E-05 ), #104, 'distance_accuracy_value', 'NONE');
#3794 =( GEOMETRIC_REPRESENTATION_CONTEXT ( 3 ) GLOBAL_UNCERTAINTY_ASSIGNED_CONTEXT ( ( #1819 ) ) GLOBAL_UNIT_ASSIGNED_CONTEXT ( ( #179, #838, #4071 ) ) REPRESENTATION_CONTEXT ( 'NONE', 'WORKASPACE' ) );
#3795 = DIRECTION ( 'NONE',  ( 0.0000000000000000000, -1.000000000000000000, 0.0000000000000000000 ) ) ;
#3796 = LINE ( 'NONE', #904, #2281 ) ;
#3797 = CARTESIAN_POINT ( 'NONE',  ( 0.7750000000000002442, -0.5749999999999999556, -0.5100000000000000089 ) ) ;
#3798 = LINE ( 'NONE', #1291, #3520 ) ;
#3799 =( NAMED_UNIT ( * ) SI_UNIT ( $, .STERADIAN. ) SOLID_ANGLE_UNIT ( ) );
#3800 = LINE ( 'NONE', #2847, #419 ) ;
#3801 = ORIENTED_EDGE ( 'NONE', *, *, #3495, .F. ) ;
#3802 = STYLED_ITEM ( 'NONE', ( #1779 ), #3915 ) ;
#3803 = ORIENTED_EDGE ( 'NONE', *, *, #3203, .T. ) ;
#3804 = ORIENTED_EDGE ( 'NONE', *, *, #1809, .F. ) ;
#3805 = EDGE_CURVE ( 'NONE', #895, #3737, #1384, .T. ) ;
#3806 = MECHANICAL_DESIGN_GEOMETRIC_PRESENTATION_REPRESENTATION (  '', ( #1715 ), #3597 ) ;
#3807 = SURFACE_STYLE_USAGE ( .BOTH. , #3563 ) ;
#3808 = ORIENTED_EDGE ( 'NONE', *, *, #2396, .T. ) ;
#3809 = LINE ( 'NONE', #195, #3429 ) ;
#3810 = DIRECTION ( 'NONE',  ( 0.0000000000000000000, 0.0000000000000000000, -1.000000000000000000 ) ) ;
#3811 = CARTESIAN_POINT ( 'NONE',  ( 0.9000000000000000222, 0.07499999999999999722, -0.4200000000000000400 ) ) ;
#3812 = ADVANCED_FACE ( 'NONE', ( #750 ), #3943, .F. ) ;
#3813 = ORIENTED_EDGE ( 'NONE', *, *, #4076, .F. ) ;
#3814 = FACE_OUTER_BOUND ( 'NONE', #1537, .T. ) ;
#3815 = SURFACE_SIDE_STYLE ('',( #542 ) ) ;
#3816 = LINE ( 'NONE', #562, #1830 ) ;
#3817 = DIRECTION ( 'NONE',  ( 0.0000000000000000000, 0.0000000000000000000, 1.000000000000000000 ) ) ;
#3818 = DIRECTION ( 'NONE',  ( -0.0000000000000000000, 0.0000000000000000000, -1.000000000000000000 ) ) ;
#3819 = EDGE_CURVE ( 'NONE', #1642, #2525, #721, .T. ) ;
#3820 = UNCERTAINTY_MEASURE_WITH_UNIT (LENGTH_MEASURE( 1.000000000000000082E-05 ), #4139, 'distance_accuracy_value', 'NONE');
#3821 = CARTESIAN_POINT ( 'NONE',  ( -0.3000000000000000444, -0.6999999999999999556, -0.3450000000000000289 ) ) ;
#3822 = ORIENTED_EDGE ( 'NONE', *, *, #3458, .T. ) ;
#3823 = CARTESIAN_POINT ( 'NONE',  ( -0.7249999999999999778, 0.6750000000000000444, 0.0000000000000000000 ) ) ;
#3824 = ORIENTED_EDGE ( 'NONE', *, *, #1694, .F. ) ;
#3825 = DIRECTION ( 'NONE',  ( 0.0000000000000000000, -1.000000000000000000, 0.0000000000000000000 ) ) ;
#3826 = AXIS2_PLACEMENT_3D ( 'NONE', #2796, #1795, #3467 ) ;
#3827 = DIRECTION ( 'NONE',  ( 2.168404344971008474E-15, 0.0000000000000000000, -1.000000000000000000 ) ) ;
#3828 = STYLED_ITEM ( 'NONE', ( #3893 ), #1054 ) ;
#3829 = ORIENTED_EDGE ( 'NONE', *, *, #2711, .T. ) ;
#3830 = DIRECTION ( 'NONE',  ( -0.0000000000000000000, 1.000000000000000000, 0.0000000000000000000 ) ) ;
#3831 = SURFACE_STYLE_FILL_AREA ( #289 ) ;
#3832 = COLOUR_RGB ( '',0.7490196078431372584, 0.7490196078431372584, 0.7490196078431372584 ) ;
#3833 = DIRECTION ( 'NONE',  ( 0.0000000000000000000, 0.0000000000000000000, 1.000000000000000000 ) ) ;
#3834 = ADVANCED_FACE ( 'NONE', ( #409 ), #1711, .F. ) ;
#3835 = AXIS2_PLACEMENT_3D ( 'NONE', #1360, #1616, #2890 ) ;
#3836 = EDGE_CURVE ( 'NONE', #2666, #253, #2696, .T. ) ;
#3837 = FACE_OUTER_BOUND ( 'NONE', #3754, .T. ) ;
#3838 = CIRCLE ( 'NONE', #1681, 0.1499999999999999667 ) ;
#3839 = EDGE_CURVE ( 'NONE', #3721, #1458, #1529, .T. ) ;
#3840 = CARTESIAN_POINT ( 'NONE',  ( 1.000000000000000000, 0.07499999999999999722, -0.4200000000000000400 ) ) ;
#3841 = ORIENTED_EDGE ( 'NONE', *, *, #70, .T. ) ;
#3842 =( GEOMETRIC_REPRESENTATION_CONTEXT ( 3 ) GLOBAL_UNCERTAINTY_ASSIGNED_CONTEXT ( ( #884 ) ) GLOBAL_UNIT_ASSIGNED_CONTEXT ( ( #3491, #4154, #3533 ) ) REPRESENTATION_CONTEXT ( 'NONE', 'WORKASPACE' ) );
#3843 = STYLED_ITEM ( 'NONE', ( #609 ), #2517 ) ;
#3844 = ORIENTED_EDGE ( 'NONE', *, *, #1008, .F. ) ;
#3845 = DIRECTION ( 'NONE',  ( 0.0000000000000000000, 0.0000000000000000000, 1.000000000000000000 ) ) ;
#3846 = ORIENTED_EDGE ( 'NONE', *, *, #908, .T. ) ;
#3847 = AXIS2_PLACEMENT_3D ( 'NONE', #3494, #4170, #1941 ) ;
#3848 = ORIENTED_EDGE ( 'NONE', *, *, #529, .F. ) ;
#3849 = CYLINDRICAL_SURFACE ( 'NONE', #38, 0.1000000000000000472 ) ;
#3850 = SURFACE_SIDE_STYLE ('',( #3237 ) ) ;
#3851 = CARTESIAN_POINT ( 'NONE',  ( 0.3500000000000001443, -0.9677050983124845240, -0.4200000000000000955 ) ) ;
#3852 = CIRCLE ( 'NONE', #4186, 0.1000000000000000472 ) ;
#3853 = DIRECTION ( 'NONE',  ( 1.807003620809174188E-15, 0.0000000000000000000, -1.000000000000000000 ) ) ;
#3854 = DIRECTION ( 'NONE',  ( 0.0000000000000000000, 0.0000000000000000000, -1.000000000000000000 ) ) ;
#3855 = VECTOR ( 'NONE', #4047, 1000.000000000000000 ) ;
#3856 = EDGE_CURVE ( 'NONE', #2124, #2869, #3583, .T. ) ;
#3857 = PLANE ( 'NONE',  #1254 ) ;
#3858 = ORIENTED_EDGE ( 'NONE', *, *, #3836, .F. ) ;
#3859 = VERTEX_POINT ( 'NONE', #1143 ) ;
#3860 = VECTOR ( 'NONE', #211, 1000.000000000000000 ) ;
#3861 = SURFACE_STYLE_FILL_AREA ( #2599 ) ;
#3862 =( NAMED_UNIT ( * ) PLANE_ANGLE_UNIT ( ) SI_UNIT ( $, .RADIAN. ) );
#3863 = VERTEX_POINT ( 'NONE', #3660 ) ;
#3864 = LINE ( 'NONE', #980, #1633 ) ;
#3865 = STYLED_ITEM ( 'NONE', ( #874 ), #3771 ) ;
#3866 = ADVANCED_FACE ( 'NONE', ( #3415 ), #1513, .F. ) ;
#3867 = ORIENTED_EDGE ( 'NONE', *, *, #2144, .F. ) ;
#3868 = CARTESIAN_POINT ( 'NONE',  ( -0.7249999999999999778, 0.6750000000000000444, -0.01000000000000002623 ) ) ;
#3869 = CARTESIAN_POINT ( 'NONE',  ( 1.000000000000000000, -0.07499999999999999722, -0.3450000000000000844 ) ) ;
#3870 =( NAMED_UNIT ( * ) PLANE_ANGLE_UNIT ( ) SI_UNIT ( $, .RADIAN. ) );
#3871 = PRESENTATION_STYLE_ASSIGNMENT (( #2653 ) ) ;
#3872 = DIRECTION ( 'NONE',  ( -1.000000000000000000, -1.084202172485504434E-16, 0.0000000000000000000 ) ) ;
#3873 = SURFACE_STYLE_FILL_AREA ( #2593 ) ;
#3874 = CARTESIAN_POINT ( 'NONE',  ( -1.000000000000000000, 0.7999999999999999334, -0.5200000000000000178 ) ) ;
#3875 = EDGE_LOOP ( 'NONE', ( #465, #1220, #1408, #1886 ) ) ;
#3876 = ORIENTED_EDGE ( 'NONE', *, *, #625, .T. ) ;
#3877 = PLANE ( 'NONE',  #2160 ) ;
#3878 = LINE ( 'NONE', #355, #4042 ) ;
#3879 = EDGE_CURVE ( 'NONE', #3789, #2336, #3348, .T. ) ;
#3880 = EDGE_LOOP ( 'NONE', ( #371, #489, #1889, #2001 ) ) ;
#3881 = LINE ( 'NONE', #1655, #398 ) ;
#3882 = ORIENTED_EDGE ( 'NONE', *, *, #2021, .T. ) ;
#3883 = DIRECTION ( 'NONE',  ( 0.0000000000000000000, -1.000000000000000000, 0.0000000000000000000 ) ) ;
#3884 = LINE ( 'NONE', #1002, #2426 ) ;
#3885 = EDGE_CURVE ( 'NONE', #2143, #3781, #166, .T. ) ;
#3886 = ORIENTED_EDGE ( 'NONE', *, *, #420, .T. ) ;
#3887 = APPLICATION_CONTEXT ( 'automotive_design' ) ;
#3888 = PRESENTATION_STYLE_ASSIGNMENT (( #1939 ) ) ;
#3889 =( NAMED_UNIT ( * ) SI_UNIT ( $, .STERADIAN. ) SOLID_ANGLE_UNIT ( ) );
#3890 = LINE ( 'NONE', #1663, #4128 ) ;
#3891 = AXIS2_PLACEMENT_3D ( 'NONE', #2797, #3448, #3787 ) ;
#3892 = CARTESIAN_POINT ( 'NONE',  ( 0.7249999999999999778, -0.5250000000000000222, -0.01000000000000002623 ) ) ;
#3893 = PRESENTATION_STYLE_ASSIGNMENT (( #1058 ) ) ;
#3894 = LINE ( 'NONE', #3821, #1878 ) ;
#3895 = MECHANICAL_DESIGN_GEOMETRIC_PRESENTATION_REPRESENTATION (  '', ( #3433 ), #2347 ) ;
#3896 = EDGE_LOOP ( 'NONE', ( #1534, #14, #2301, #4146, #4066, #758, #125, #386 ) ) ;
#3897 = CIRCLE ( 'NONE', #1339, 0.1499999999999999667 ) ;
#3898 = DIRECTION ( 'NONE',  ( 0.0000000000000000000, -1.000000000000000000, 0.0000000000000000000 ) ) ;
#3899 = PRESENTATION_LAYER_ASSIGNMENT (  '', '', ( #1563 ) ) ;
#3900 = DIRECTION ( 'NONE',  ( 0.0000000000000000000, -1.000000000000000000, 0.0000000000000000000 ) ) ;
#3901 = STYLED_ITEM ( 'NONE', ( #1272 ), #256 ) ;
#3902 = EDGE_LOOP ( 'NONE', ( #2036, #2606, #1861, #3209 ) ) ;
#3903 = SURFACE_STYLE_USAGE ( .BOTH. , #2892 ) ;
#3904 = VECTOR ( 'NONE', #220, 1000.000000000000000 ) ;
#3905 = VECTOR ( 'NONE', #1104, 1000.000000000000000 ) ;
#3906 = ADVANCED_FACE ( 'NONE', ( #1823 ), #3436, .T. ) ;
#3907 = ORIENTED_EDGE ( 'NONE', *, *, #2479, .F. ) ;
#3908 = PLANE ( 'NONE',  #3155 ) ;
#3909 = CARTESIAN_POINT ( 'NONE',  ( -0.7249999999999999778, -0.6750000000000000444, -0.01000000000000002623 ) ) ;
#3910 =( GEOMETRIC_REPRESENTATION_CONTEXT ( 3 ) GLOBAL_UNCERTAINTY_ASSIGNED_CONTEXT ( ( #1259 ) ) GLOBAL_UNIT_ASSIGNED_CONTEXT ( ( #590, #1603, #2467 ) ) REPRESENTATION_CONTEXT ( 'NONE', 'WORKASPACE' ) );
#3911 = ORIENTED_EDGE ( 'NONE', *, *, #346, .T. ) ;
#3912 = DIRECTION ( 'NONE',  ( -1.084202172485504311E-16, 1.000000000000000000, 0.0000000000000000000 ) ) ;
#3913 = LINE ( 'NONE', #1030, #3988 ) ;
#3914 = AXIS2_PLACEMENT_3D ( 'NONE', #109, #2751, #1413 ) ;
#3915 = ADVANCED_FACE ( 'NONE', ( #144 ), #684, .T. ) ;
#3916 = VECTOR ( 'NONE', #2628, 1000.000000000000000 ) ;
#3917 = LINE ( 'NONE', #3521, #2225 ) ;
#3918 = VECTOR ( 'NONE', #3030, 1000.000000000000000 ) ;
#3919 = AXIS2_PLACEMENT_3D ( 'NONE', #1773, #809, #3003 ) ;
#3920 = CARTESIAN_POINT ( 'NONE',  ( -0.8749999999999997780, 0.5749999999999992895, -0.5200000000000000178 ) ) ;
#3921 =( NAMED_UNIT ( * ) SI_UNIT ( $, .STERADIAN. ) SOLID_ANGLE_UNIT ( ) );
#3922 = CARTESIAN_POINT ( 'NONE',  ( -1.000000000000000000, -0.8000000000000001554, 0.0000000000000000000 ) ) ;
#3923 = VERTEX_POINT ( 'NONE', #2972 ) ;
#3924 = CARTESIAN_POINT ( 'NONE',  ( 0.9000000000000000222, -0.07499999999999999722, -0.3450000000000000844 ) ) ;
#3925 = SURFACE_SIDE_STYLE ('',( #2934 ) ) ;
#3926 = ORIENTED_EDGE ( 'NONE', *, *, #1229, .F. ) ;
#3927 = PRESENTATION_LAYER_ASSIGNMENT (  '', '', ( #161 ) ) ;
#3928 = AXIS2_PLACEMENT_3D ( 'NONE', #2145, #535, #858 ) ;
#3929 = ORIENTED_EDGE ( 'NONE', *, *, #947, .F. ) ;
#3930 = CARTESIAN_POINT ( 'NONE',  ( 0.8750000000000003331, 0.5749999999999999556, -0.5200000000000000178 ) ) ;
#3931 = DIRECTION ( 'NONE',  ( 0.0000000000000000000, 1.000000000000000000, 0.0000000000000000000 ) ) ;
#3932 = EDGE_LOOP ( 'NONE', ( #280, #2683, #2522, #2951 ) ) ;
#3933 = ADVANCED_FACE ( 'NONE', ( #3309 ), #410, .F. ) ;
#3934 =( NAMED_UNIT ( * ) SI_UNIT ( $, .STERADIAN. ) SOLID_ANGLE_UNIT ( ) );
#3935 = FACE_OUTER_BOUND ( 'NONE', #1136, .T. ) ;
#3936 =( NAMED_UNIT ( * ) PLANE_ANGLE_UNIT ( ) SI_UNIT ( $, .RADIAN. ) );
#3937 = STYLED_ITEM ( 'NONE', ( #1224 ), #3738 ) ;
#3938 = SURFACE_STYLE_FILL_AREA ( #3365 ) ;
#3939 = CARTESIAN_POINT ( 'NONE',  ( 0.9000000000000000222, -0.07499999999999995559, -0.4200000000000000955 ) ) ;
#3940 = CARTESIAN_POINT ( 'NONE',  ( -0.0000000000000000000, 0.0000000000000000000, -0.0005200000000000000629 ) ) ;
#3941 = EDGE_CURVE ( 'NONE', #3863, #3721, #1969, .T. ) ;
#3942 = DIRECTION ( 'NONE',  ( -0.0000000000000000000, 0.0000000000000000000, -1.000000000000000000 ) ) ;
#3943 = CYLINDRICAL_SURFACE ( 'NONE', #1798, 0.1000000000000000472 ) ;
#3944 = LINE ( 'NONE', #1316, #3460 ) ;
#3945 = SURFACE_SIDE_STYLE ('',( #3482 ) ) ;
#3946 = EDGE_CURVE ( 'NONE', #899, #3231, #2181, .T. ) ;
#3947 = LINE ( 'NONE', #4015, #1964 ) ;
#3948 = ORIENTED_EDGE ( 'NONE', *, *, #248, .F. ) ;
#3949 = CARTESIAN_POINT ( 'NONE',  ( -0.8999999999999999112, -0.8000000000000000444, -0.3450000000000000289 ) ) ;
#3950 = ORIENTED_EDGE ( 'NONE', *, *, #2262, .F. ) ;
#3951 = SURFACE_SIDE_STYLE ('',( #461 ) ) ;
#3952 = ORIENTED_EDGE ( 'NONE', *, *, #760, .F. ) ;
#3953 =( NAMED_UNIT ( * ) SI_UNIT ( $, .STERADIAN. ) SOLID_ANGLE_UNIT ( ) );
#3954 = LINE ( 'NONE', #1387, #2885 ) ;
#3955 = ORIENTED_EDGE ( 'NONE', *, *, #3451, .T. ) ;
#3956 =( NAMED_UNIT ( * ) SI_UNIT ( $, .STERADIAN. ) SOLID_ANGLE_UNIT ( ) );
#3957 =( NAMED_UNIT ( * ) SI_UNIT ( $, .STERADIAN. ) SOLID_ANGLE_UNIT ( ) );
#3958 = CARTESIAN_POINT ( 'NONE',  ( -0.02499999999999913056, -0.6750000000000000444, -0.5100000000000000089 ) ) ;
#3959 = DIRECTION ( 'NONE',  ( -0.0000000000000000000, 0.0000000000000000000, -1.000000000000000000 ) ) ;
#3960 =( NAMED_UNIT ( * ) SI_UNIT ( $, .STERADIAN. ) SOLID_ANGLE_UNIT ( ) );
#3961 = MECHANICAL_DESIGN_GEOMETRIC_PRESENTATION_REPRESENTATION (  '', ( #520 ), #4035 ) ;
#3962 = EDGE_CURVE ( 'NONE', #2869, #2814, #1856, .T. ) ;
#3963 = CARTESIAN_POINT ( 'NONE',  ( -0.02499999999999983485, -0.5749999999999999556, -0.5100000000000000089 ) ) ;
#3964 = SURFACE_SIDE_STYLE ('',( #2973 ) ) ;
#3965 = FILL_AREA_STYLE_COLOUR ( '', #2506 ) ;
#3966 = ORIENTED_EDGE ( 'NONE', *, *, #2602, .T. ) ;
#3967 = VECTOR ( 'NONE', #2142, 1000.000000000000000 ) ;
#3968 = EDGE_CURVE ( 'NONE', #2810, #736, #3944, .T. ) ;
#3969 = UNCERTAINTY_MEASURE_WITH_UNIT (LENGTH_MEASURE( 1.000000000000000082E-05 ), #3413, 'distance_accuracy_value', 'NONE');
#3970 = CARTESIAN_POINT ( 'NONE',  ( -1.000000000000000000, -0.6500000000000001332, -0.09999999999999999167 ) ) ;
#3971 = DIRECTION ( 'NONE',  ( 0.0000000000000000000, 0.0000000000000000000, 1.000000000000000000 ) ) ;
#3972 = VERTEX_POINT ( 'NONE', #3557 ) ;
#3973 = CARTESIAN_POINT ( 'NONE',  ( -0.1249999999999998890, 0.5749999999999991784, -0.5200000000000000178 ) ) ;
#3974 = MECHANICAL_DESIGN_GEOMETRIC_PRESENTATION_REPRESENTATION (  '', ( #597 ), #2691 ) ;
#3975 = CIRCLE ( 'NONE', #948, 0.1000000000000000472 ) ;
#3976 = EDGE_LOOP ( 'NONE', ( #2601, #1605, #2708, #549 ) ) ;
#3977 = CARTESIAN_POINT ( 'NONE',  ( 0.8750000000000003331, -0.5749999999999992895, -0.5100000000000000089 ) ) ;
#3978 = ORIENTED_EDGE ( 'NONE', *, *, #3165, .T. ) ;
#3979 = DIRECTION ( 'NONE',  ( -1.000000000000000000, -1.084202172485504311E-16, 0.0000000000000000000 ) ) ;
#3980 = FILL_AREA_STYLE ('',( #3361 ) ) ;
#3981 = VECTOR ( 'NONE', #3204, 1000.000000000000000 ) ;
#3982 = FILL_AREA_STYLE_COLOUR ( '', #1077 ) ;
#3983 = CARTESIAN_POINT ( 'NONE',  ( 0.2000000000000000944, -0.6999999999999999556, -0.4200000000000000955 ) ) ;
#3984 = DIRECTION ( 'NONE',  ( 0.0000000000000000000, 0.0000000000000000000, -1.000000000000000000 ) ) ;
#3985 = VECTOR ( 'NONE', #3388, 1000.000000000000000 ) ;
#3986 = CARTESIAN_POINT ( 'NONE',  ( -0.8999999999999999112, -0.6999999999999999556, -0.3450000000000000289 ) ) ;
#3987 = MECHANICAL_DESIGN_GEOMETRIC_PRESENTATION_REPRESENTATION (  '', ( #1094 ), #1973 ) ;
#3988 = VECTOR ( 'NONE', #2307, 1000.000000000000000 ) ;
#3989 = FACE_OUTER_BOUND ( 'NONE', #1827, .T. ) ;
#3990 = CARTESIAN_POINT ( 'NONE',  ( -0.8999999999999999112, -0.6999999999999999556, -0.4200000000000000955 ) ) ;
#3991 = DIRECTION ( 'NONE',  ( 0.0000000000000000000, -1.000000000000000000, 0.0000000000000000000 ) ) ;
#3992 = ORIENTED_EDGE ( 'NONE', *, *, #3677, .T. ) ;
#3993 = EDGE_CURVE ( 'NONE', #253, #2975, #3223, .T. ) ;
#3994 = STYLED_ITEM ( 'NONE', ( #1958 ), #3343 ) ;
#3995 = SURFACE_STYLE_USAGE ( .BOTH. , #3014 ) ;
#3996 = DIRECTION ( 'NONE',  ( 0.0000000000000000000, -1.000000000000000000, 0.0000000000000000000 ) ) ;
#3997 = ORIENTED_EDGE ( 'NONE', *, *, #3946, .T. ) ;
#3998 = ADVANCED_FACE ( 'NONE', ( #1300 ), #3857, .F. ) ;
#3999 = ORIENTED_EDGE ( 'NONE', *, *, #3616, .F. ) ;
#4000 = CARTESIAN_POINT ( 'NONE',  ( -0.7749999999999991340, -0.6750000000000000444, -0.5200000000000000178 ) ) ;
#4001 = SURFACE_STYLE_FILL_AREA ( #2371 ) ;
#4002 = EDGE_LOOP ( 'NONE', ( #3606, #2771, #2798, #3291 ) ) ;
#4003 = ADVANCED_FACE ( 'NONE', ( #2078 ), #3033, .F. ) ;
#4004 =( NAMED_UNIT ( * ) PLANE_ANGLE_UNIT ( ) SI_UNIT ( $, .RADIAN. ) );
#4005 = DIRECTION ( 'NONE',  ( -1.000000000000000000, 0.0000000000000000000, 1.807003620809174632E-16 ) ) ;
#4006 = AXIS2_PLACEMENT_3D ( 'NONE', #2578, #3, #2011 ) ;
#4007 = DIRECTION ( 'NONE',  ( -0.0000000000000000000, 0.0000000000000000000, -1.000000000000000000 ) ) ;
#4008 = LINE ( 'NONE', #1120, #2887 ) ;
#4009 = FILL_AREA_STYLE_COLOUR ( '', #3564 ) ;
#4010 = DIRECTION ( 'NONE',  ( 0.0000000000000000000, 1.000000000000000000, 0.0000000000000000000 ) ) ;
#4011 = SURFACE_STYLE_FILL_AREA ( #477 ) ;
#4012 = STYLED_ITEM ( 'NONE', ( #2043 ), #3728 ) ;
#4013 =( NAMED_UNIT ( * ) SI_UNIT ( $, .STERADIAN. ) SOLID_ANGLE_UNIT ( ) );
#4014 = CARTESIAN_POINT ( 'NONE',  ( 0.9000000000000000222, -0.07499999999999995559, -0.4200000000000000955 ) ) ;
#4015 = CARTESIAN_POINT ( 'NONE',  ( -0.5749999999999997335, 0.5749999999999999556, -0.5200000000000000178 ) ) ;
#4016 = ORIENTED_EDGE ( 'NONE', *, *, #2654, .F. ) ;
#4017 = CARTESIAN_POINT ( 'NONE',  ( 0.7249999999999999778, 0.5250000000000000222, 0.0000000000000000000 ) ) ;
#4018 = LINE ( 'NONE', #756, #3700 ) ;
#4019 = ORIENTED_EDGE ( 'NONE', *, *, #3541, .F. ) ;
#4020 = SURFACE_STYLE_FILL_AREA ( #1790 ) ;
#4021 = EDGE_CURVE ( 'NONE', #3409, #178, #3075, .T. ) ;
#4022 = ORIENTED_EDGE ( 'NONE', *, *, #579, .F. ) ;
#4023 = DIRECTION ( 'NONE',  ( 0.0000000000000000000, 0.0000000000000000000, -1.000000000000000000 ) ) ;
#4024 = DIRECTION ( 'NONE',  ( -1.000000000000000000, 0.0000000000000000000, -1.807003620809174632E-16 ) ) ;
#4025 = ORIENTED_EDGE ( 'NONE', *, *, #3403, .F. ) ;
#4026 = SURFACE_SIDE_STYLE ('',( #2736 ) ) ;
#4027 = DIRECTION ( 'NONE',  ( 0.0000000000000000000, 0.0000000000000000000, 1.000000000000000000 ) ) ;
#4028 = EDGE_CURVE ( 'NONE', #1579, #1651, #2056, .T. ) ;
#4029 = DIRECTION ( 'NONE',  ( 1.000000000000000000, 0.0000000000000000000, 2.168404344971008474E-15 ) ) ;
#4030 = CARTESIAN_POINT ( 'NONE',  ( -0.4500000000000000111, -0.9677050983124845240, -0.3450000000000000289 ) ) ;
#4031 = DIRECTION ( 'NONE',  ( 0.0000000000000000000, 1.000000000000000000, 0.0000000000000000000 ) ) ;
#4032 =( NAMED_UNIT ( * ) SI_UNIT ( $, .STERADIAN. ) SOLID_ANGLE_UNIT ( ) );
#4033 = PRESENTATION_STYLE_ASSIGNMENT (( #821 ) ) ;
#4034 = FACE_OUTER_BOUND ( 'NONE', #4002, .T. ) ;
#4035 =( GEOMETRIC_REPRESENTATION_CONTEXT ( 3 ) GLOBAL_UNCERTAINTY_ASSIGNED_CONTEXT ( ( #2443 ) ) GLOBAL_UNIT_ASSIGNED_CONTEXT ( ( #1327, #648, #1955 ) ) REPRESENTATION_CONTEXT ( 'NONE', 'WORKASPACE' ) );
#4036 = EDGE_LOOP ( 'NONE', ( #2775, #2167, #3948, #2983, #3320, #85, #3695, #2669 ) ) ;
#4037 = MECHANICAL_DESIGN_GEOMETRIC_PRESENTATION_REPRESENTATION (  '', ( #1824 ), #2881 ) ;
#4038 = LINE ( 'NONE', #2745, #2289 ) ;
#4039 = SURFACE_STYLE_FILL_AREA ( #3040 ) ;
#4041 = ORIENTED_EDGE ( 'NONE', *, *, #3347, .F. ) ;
#4040 = VECTOR ( 'NONE', #3123, 1000.000000000000000 ) ;
#4042 = VECTOR ( 'NONE', #1044, 1000.000000000000000 ) ;
#4043 = ORIENTED_EDGE ( 'NONE', *, *, #1869, .T. ) ;
#4044 = CARTESIAN_POINT ( 'NONE',  ( -0.4499999999999999001, -0.8000000000000001554, -0.4200000000000000955 ) ) ;
#4045 = DIRECTION ( 'NONE',  ( 0.0000000000000000000, 0.0000000000000000000, 1.000000000000000000 ) ) ;
#4046 = ORIENTED_EDGE ( 'NONE', *, *, #3757, .F. ) ;
#4047 = DIRECTION ( 'NONE',  ( 0.0000000000000000000, -1.000000000000000000, 0.0000000000000000000 ) ) ;
#4048 = LINE ( 'NONE', #2440, #2114 ) ;
#4049 = SURFACE_SIDE_STYLE ('',( #2441 ) ) ;
#4050 = ADVANCED_FACE ( 'NONE', ( #185 ), #847, .F. ) ;
#4051 = UNCERTAINTY_MEASURE_WITH_UNIT (LENGTH_MEASURE( 1.000000000000000082E-05 ), #2652, 'distance_accuracy_value', 'NONE');
#4052 = CARTESIAN_POINT ( 'NONE',  ( 0.9000000000000000222, 0.07499999999999999722, -0.3450000000000000289 ) ) ;
#4053 = FILL_AREA_STYLE ('',( #787 ) ) ;
#4054 = DIRECTION ( 'NONE',  ( -1.000000000000000000, 0.0000000000000000000, 0.0000000000000000000 ) ) ;
#4055 = DIRECTION ( 'NONE',  ( 0.0000000000000000000, -1.000000000000000000, 0.0000000000000000000 ) ) ;
#4056 = DIRECTION ( 'NONE',  ( 0.0000000000000000000, 0.0000000000000000000, -1.000000000000000000 ) ) ;
#4057 = AXIS2_PLACEMENT_3D ( 'NONE', #2888, #2560, #3172 ) ;
#4058 = DIRECTION ( 'NONE',  ( 1.000000000000000000, 0.0000000000000000000, 0.0000000000000000000 ) ) ;
#4059 = AXIS2_PLACEMENT_3D ( 'NONE', #671, #1285, #357 ) ;
#4060 = AXIS2_PLACEMENT_3D ( 'NONE', #3736, #3400, #3688 ) ;
#4061 = VERTEX_POINT ( 'NONE', #790 ) ;
#4062 = UNCERTAINTY_MEASURE_WITH_UNIT (LENGTH_MEASURE( 1.000000000000000082E-05 ), #3542, 'distance_accuracy_value', 'NONE');
#4063 = ORIENTED_EDGE ( 'NONE', *, *, #2500, .F. ) ;
#4064 = CARTESIAN_POINT ( 'NONE',  ( 0.1999999999999999556, -0.9677050983124845240, -0.3450000000000000289 ) ) ;
#4065 = SURFACE_STYLE_USAGE ( .BOTH. , #2139 ) ;
#4066 = ORIENTED_EDGE ( 'NONE', *, *, #327, .T. ) ;
#4067 = CARTESIAN_POINT ( 'NONE',  ( 1.000000000000000000, -0.07499999999999999722, -0.3450000000000000844 ) ) ;
#4068 = LINE ( 'NONE', #879, #528 ) ;
#4069 = VERTEX_POINT ( 'NONE', #2741 ) ;
#4070 = VECTOR ( 'NONE', #2444, 1000.000000000000000 ) ;
#4071 =( NAMED_UNIT ( * ) SI_UNIT ( $, .STERADIAN. ) SOLID_ANGLE_UNIT ( ) );
#4072 = CARTESIAN_POINT ( 'NONE',  ( -0.3000000000000000444, -0.8000000000000000444, -0.3450000000000000289 ) ) ;
#4073 = LINE ( 'NONE', #2753, #1979 ) ;
#4074 = DIRECTION ( 'NONE',  ( 0.0000000000000000000, -1.000000000000000000, -0.0000000000000000000 ) ) ;
#4075 =( LENGTH_UNIT ( ) NAMED_UNIT ( * ) SI_UNIT ( .MILLI., .METRE. ) );
#4076 = EDGE_CURVE ( 'NONE', #736, #2614, #1108, .T. ) ;
#4077 = ADVANCED_FACE ( 'NONE', ( #3989 ), #1468, .F. ) ;
#4078 = CARTESIAN_POINT ( 'NONE',  ( -0.8749999999999998890, 0.5250000000000000222, 0.0000000000000000000 ) ) ;
#4079 = LINE ( 'NONE', #867, #1289 ) ;
#4080 = ORIENTED_EDGE ( 'NONE', *, *, #1699, .T. ) ;
#4081 = MECHANICAL_DESIGN_GEOMETRIC_PRESENTATION_REPRESENTATION (  '', ( #3937 ), #2060 ) ;
#4082 = VECTOR ( 'NONE', #4056, 1000.000000000000000 ) ;
#4083 = EDGE_CURVE ( 'NONE', #1410, #2645, #1078, .T. ) ;
#4084 = ORIENTED_EDGE ( 'NONE', *, *, #902, .T. ) ;
#4085 = SURFACE_STYLE_USAGE ( .BOTH. , #2793 ) ;
#4086 = LINE ( 'NONE', #3445, #735 ) ;
#4087 = ORIENTED_EDGE ( 'NONE', *, *, #702, .F. ) ;
#4088 = DIRECTION ( 'NONE',  ( 1.000000000000000000, 0.0000000000000000000, 0.0000000000000000000 ) ) ;
#4089 = DIRECTION ( 'NONE',  ( 0.0000000000000000000, 1.000000000000000000, 0.0000000000000000000 ) ) ;
#4090 = VERTEX_POINT ( 'NONE', #3708 ) ;
#4091 = CARTESIAN_POINT ( 'NONE',  ( -0.1249999999999998335, -0.5749999999999992895, -0.5100000000000000089 ) ) ;
#4092 = UNCERTAINTY_MEASURE_WITH_UNIT (LENGTH_MEASURE( 1.000000000000000082E-05 ), #1079, 'distance_accuracy_value', 'NONE');
#4093 = DIRECTION ( 'NONE',  ( 0.0000000000000000000, 0.0000000000000000000, -1.000000000000000000 ) ) ;
#4094 = FACE_OUTER_BOUND ( 'NONE', #1018, .T. ) ;
#4095 = SURFACE_SIDE_STYLE ('',( #2783 ) ) ;
#4096 =( NAMED_UNIT ( * ) PLANE_ANGLE_UNIT ( ) SI_UNIT ( $, .RADIAN. ) );
#4097 = DIRECTION ( 'NONE',  ( -2.168404344971008474E-15, 0.0000000000000000000, 1.000000000000000000 ) ) ;
#4098 =( LENGTH_UNIT ( ) NAMED_UNIT ( * ) SI_UNIT ( .MILLI., .METRE. ) );
#4099 = CLOSED_SHELL ( 'NONE', ( #2577, #1535, #4101, #504, #3866, #3998 ) ) ;
#4100 = VERTEX_POINT ( 'NONE', #2698 ) ;
#4101 = ADVANCED_FACE ( 'NONE', ( #1102 ), #3662, .F. ) ;
#4102 = ORIENTED_EDGE ( 'NONE', *, *, #3032, .F. ) ;
#4103 = ORIENTED_EDGE ( 'NONE', *, *, #2576, .F. ) ;
#4104 = EDGE_CURVE ( 'NONE', #2910, #301, #599, .T. ) ;
#4105 = CARTESIAN_POINT ( 'NONE',  ( -0.1249999999999998612, 0.5749999999999991784, -0.5100000000000000089 ) ) ;
#4106 = VERTEX_POINT ( 'NONE', #1239 ) ;
#4107 = CYLINDRICAL_SURFACE ( 'NONE', #3826, 0.1000000000000000472 ) ;
#4108 = CARTESIAN_POINT ( 'NONE',  ( 0.3499999999999999223, -0.6999999999999999556, -0.3450000000000000844 ) ) ;
#4109 = ORIENTED_EDGE ( 'NONE', *, *, #2333, .T. ) ;
#4110 = CIRCLE ( 'NONE', #3496, 0.1000000000000000472 ) ;
#4111 = CARTESIAN_POINT ( 'NONE',  ( 0.7749999999999996891, 0.6750000000000000444, -0.5200000000000000178 ) ) ;
#4112 = LINE ( 'NONE', #3747, #127 ) ;
#4113 = CARTESIAN_POINT ( 'NONE',  ( -0.8749999999999997780, -0.5250000000000000222, -0.01000000000000002623 ) ) ;
#4114 = COLOUR_RGB ( '',0.7490196078431372584, 0.7490196078431372584, 0.7490196078431372584 ) ;
#4115 = CARTESIAN_POINT ( 'NONE',  ( -0.7249999999999999778, -0.5250000000000000222, -0.01000000000000002623 ) ) ;
#4116 = AXIS2_PLACEMENT_3D ( 'NONE', #1527, #263, #1544 ) ;
#4117 = MECHANICAL_DESIGN_GEOMETRIC_PRESENTATION_REPRESENTATION (  '', ( #3368 ), #2158 ) ;
#4118 = EDGE_CURVE ( 'NONE', #3670, #2645, #3752, .T. ) ;
#4119 = ORIENTED_EDGE ( 'NONE', *, *, #2040, .F. ) ;
#4120 =( GEOMETRIC_REPRESENTATION_CONTEXT ( 3 ) GLOBAL_UNCERTAINTY_ASSIGNED_CONTEXT ( ( #1808 ) ) GLOBAL_UNIT_ASSIGNED_CONTEXT ( ( #3228, #1614, #1600 ) ) REPRESENTATION_CONTEXT ( 'NONE', 'WORKASPACE' ) );
#4121 = VECTOR ( 'NONE', #2930, 1000.000000000000000 ) ;
#4122 = VECTOR ( 'NONE', #2817, 1000.000000000000000 ) ;
#4123 =( GEOMETRIC_REPRESENTATION_CONTEXT ( 3 ) GLOBAL_UNCERTAINTY_ASSIGNED_CONTEXT ( ( #3105 ) ) GLOBAL_UNIT_ASSIGNED_CONTEXT ( ( #3104, #1181, #523 ) ) REPRESENTATION_CONTEXT ( 'NONE', 'WORKASPACE' ) );
#4124 = UNCERTAINTY_MEASURE_WITH_UNIT (LENGTH_MEASURE( 1.000000000000000082E-05 ), #1862, 'distance_accuracy_value', 'NONE');
#4125 = EDGE_CURVE ( 'NONE', #175, #3484, #1909, .T. ) ;
#4126 = ORIENTED_EDGE ( 'NONE', *, *, #2633, .T. ) ;
#4127 = EDGE_LOOP ( 'NONE', ( #2997, #1638, #3846, #3829, #1999, #1126, #3978, #187 ) ) ;
#4128 = VECTOR ( 'NONE', #3959, 1000.000000000000000 ) ;
#4129 = AXIS2_PLACEMENT_3D ( 'NONE', #402, #2897, #2917 ) ;
#4130 = ORIENTED_EDGE ( 'NONE', *, *, #4167, .F. ) ;
#4131 = CARTESIAN_POINT ( 'NONE',  ( -0.02499999999999915831, 0.6750000000000000444, -0.5100000000000000089 ) ) ;
#4132 = CIRCLE ( 'NONE', #1700, 0.1000000000000000472 ) ;
#4133 = FILL_AREA_STYLE ('',( #3322 ) ) ;
#4134 = VECTOR ( 'NONE', #3830, 1000.000000000000000 ) ;
#4135 = PLANE ( 'NONE',  #1179 ) ;
#4136 =( NAMED_UNIT ( * ) PLANE_ANGLE_UNIT ( ) SI_UNIT ( $, .RADIAN. ) );
#4137 =( NAMED_UNIT ( * ) PLANE_ANGLE_UNIT ( ) SI_UNIT ( $, .RADIAN. ) );
#4138 = EDGE_CURVE ( 'NONE', #2910, #1671, #546, .T. ) ;
#4139 =( LENGTH_UNIT ( ) NAMED_UNIT ( * ) SI_UNIT ( .MILLI., .METRE. ) );
#4140 =( NAMED_UNIT ( * ) SI_UNIT ( $, .STERADIAN. ) SOLID_ANGLE_UNIT ( ) );
#4141 = COLOUR_RGB ( '',0.7490196078431372584, 0.7490196078431372584, 0.7490196078431372584 ) ;
#4142 = EDGE_LOOP ( 'NONE', ( #1228, #2178, #2069, #1972 ) ) ;
#4143 = EDGE_LOOP ( 'NONE', ( #1520, #1287, #2273, #610 ) ) ;
#4144 = VECTOR ( 'NONE', #2945, 1000.000000000000000 ) ;
#4145 = LINE ( 'NONE', #2911, #270 ) ;
#4146 = ORIENTED_EDGE ( 'NONE', *, *, #2373, .T. ) ;
#4147 = ORIENTED_EDGE ( 'NONE', *, *, #2010, .F. ) ;
#4148 = DIRECTION ( 'NONE',  ( 0.0000000000000000000, 0.0000000000000000000, 1.000000000000000000 ) ) ;
#4149 = EDGE_CURVE ( 'NONE', #2814, #2545, #2554, .T. ) ;
#4150 = ORIENTED_EDGE ( 'NONE', *, *, #172, .T. ) ;
#4151 = FACE_OUTER_BOUND ( 'NONE', #315, .T. ) ;
#4152 = FACE_OUTER_BOUND ( 'NONE', #1226, .T. ) ;
#4153 = PLANE ( 'NONE',  #1085 ) ;
#4154 =( NAMED_UNIT ( * ) PLANE_ANGLE_UNIT ( ) SI_UNIT ( $, .RADIAN. ) );
#4155 = PRESENTATION_STYLE_ASSIGNMENT (( #890 ) ) ;
#4156 = EDGE_CURVE ( 'NONE', #877, #792, #3800, .T. ) ;
#4157 = CARTESIAN_POINT ( 'NONE',  ( -0.7249999999999999778, -0.5250000000000000222, 0.0000000000000000000 ) ) ;
#4158 = DIRECTION ( 'NONE',  ( 0.0000000000000000000, 1.000000000000000000, 0.0000000000000000000 ) ) ;
#4159 = ORIENTED_EDGE ( 'NONE', *, *, #1753, .F. ) ;
#4160 = DIRECTION ( 'NONE',  ( -0.0000000000000000000, 1.000000000000000000, 0.0000000000000000000 ) ) ;
#4161 = ORIENTED_EDGE ( 'NONE', *, *, #1550, .F. ) ;
#4162 = CARTESIAN_POINT ( 'NONE',  ( 0.7249999999999999778, 0.6750000000000000444, 0.0000000000000000000 ) ) ;
#4163 = SURFACE_STYLE_FILL_AREA ( #692 ) ;
#4164 = ORIENTED_EDGE ( 'NONE', *, *, #346, .F. ) ;
#4165 = DIRECTION ( 'NONE',  ( 0.0000000000000000000, 0.0000000000000000000, 1.000000000000000000 ) ) ;
#4166 = CARTESIAN_POINT ( 'NONE',  ( 0.8749999999999997780, 0.5250000000000000222, -0.01000000000000002623 ) ) ;
#4167 = EDGE_CURVE ( 'NONE', #2436, #500, #622, .T. ) ;
#4168 = DIRECTION ( 'NONE',  ( 0.0000000000000000000, 0.0000000000000000000, -1.000000000000000000 ) ) ;
#4169 = CARTESIAN_POINT ( 'NONE',  ( 0.8749999999999998890, -0.5250000000000000222, -0.01000000000000002623 ) ) ;
#4170 = DIRECTION ( 'NONE',  ( 0.0000000000000000000, 0.0000000000000000000, 1.000000000000000000 ) ) ;
#4171 = VECTOR ( 'NONE', #2166, 1000.000000000000000 ) ;
#4172 = ADVANCED_FACE ( 'NONE', ( #3837 ), #950, .F. ) ;
#4173 = VECTOR ( 'NONE', #747, 1000.000000000000000 ) ;
#4175 = EDGE_LOOP ( 'NONE', ( #2858, #3966, #3950, #2725, #2931, #3419 ) ) ;
#4174 = MECHANICAL_DESIGN_GEOMETRIC_PRESENTATION_REPRESENTATION (  '', ( #2229 ), #600 ) ;
#4176 = EDGE_LOOP ( 'NONE', ( #2558, #1025, #106, #2549 ) ) ;
#4177 = AXIS2_PLACEMENT_3D ( 'NONE', #3161, #1924, #2208 ) ;
#4178 = EDGE_LOOP ( 'NONE', ( #615, #4022, #3022, #1789 ) ) ;
#4179 = CARTESIAN_POINT ( 'NONE',  ( -0.7749999999999991340, 0.6750000000000000444, -0.5100000000000000089 ) ) ;
#4180 = CIRCLE ( 'NONE', #476, 0.1000000000000000472 ) ;
#4181 = EDGE_LOOP ( 'NONE', ( #1402, #2702, #2462, #303 ) ) ;
#4182 = DIRECTION ( 'NONE',  ( -2.891205793294679805E-15, 0.0000000000000000000, 1.000000000000000000 ) ) ;
#4183 = CARTESIAN_POINT ( 'NONE',  ( -0.8749999999999998890, -0.5250000000000000222, 0.0000000000000000000 ) ) ;
#4184 = DIRECTION ( 'NONE',  ( 0.0000000000000000000, 0.0000000000000000000, -1.000000000000000000 ) ) ;
#4185 = FILL_AREA_STYLE ('',( #67 ) ) ;
#4186 = AXIS2_PLACEMENT_3D ( 'NONE', #362, #1661, #1679 ) ;
#4187 = SURFACE_STYLE_FILL_AREA ( #344 ) ;
ENDSEC;
END-ISO-10303-21;
